work_key,work_id,house,state,state_key,district_name,ida_raw,ida_key,mp_name_raw,mp_name_clean,mp_key,constituency,elected_nominated,work_raw,work_category_raw,category_raw,category_nlp,work_description_raw,work_description_clean,recommended_date,sanction_date,completion_date,recommended_amount,sanction_amount,amount_disbursed,work_status,image_raw,source_stage,quarantine_reason,work_key_mode,work_key_source
wk_000b2eec8b98,,RS,Karnataka,Karnataka,Chikkamagaluru,CHIKKAMAGALURU(DEPUTY COMMISSIONER CHIKMAGALUR),CHIKKAMAGALURU,Shri Jairam Ramesh (2022-28) (2022-2028),JAIRAM RAMESH,RS_JAIRAM RAMESH,,Elected MP,Construction of community centers and community halls,Normal/Others,Normal/Others,,Construction of Community Hall at Abbinaholalu Village of Gowrapura Village Panchayath Kadur Tq,Construction of Community Hall at Abbinaholalu Village of Gowrapura Village Panchayath Kadur Tq,2025-02-28 00:00:00,,,500000.0,,,,,recommended,missing_parseable_work_id,synthetic,wk_000b2eec8b98
wk_00138f18508f,,RS,Assam,Assam,Sivasagar,SIVASAGAR(Deputy Commissioner Sivsagar_IDA),SIVASAGAR,Shri Pabitra Margherita (2022-28) (2022-2028),PABITRA MARGHERITA,RS_PABITRA MARGHERITA,,Elected MP,Construction of community centers and community halls,Normal/Others,Normal/Others,,CONSTRUCTION OF DUPDOR KUKURACHOWA SANSKRITIK KENDRA,CONSTRUCTION OF DUPDOR KUKURACHOWA SANSKRITIK KENDRA,2026-01-27 00:00:00,,,300000.0,,,,,recommended,missing_parseable_work_id,synthetic,wk_00138f18508f
wk_0014c6672236,,RS,Tamil Nadu,Tamil Nadu,Thiruvallur,THIRUVALLUR(DISTRICT COLLECTOR TIRUVALLUR_IDA),THIRUVALLUR,Shri R. Girirajan (2022-28) (2022-2028),R GIRIRAJAN,RS_R GIRIRAJAN,,Elected MP,Lighting of public spaces,Normal/Others,Normal/Others,,"Installation of mini-mast lighting (9 meters high, 150 W, 6 units) at Kammarapalayam, Thervazhi Panchayat, Gummidipoondi Union, Gummidipoondi Assembly Constituency, Thiruvallur District.","Installation of mini-mast lighting (9 meters high, 150 W, 6 units) at Kammarapalayam, Thervazhi Panchayat, Gummidipoondi Union, Gummidipoondi Assembly Constituency, Thiruvallur District.",2026-01-21 00:00:00,,,300000.0,,,,,recommended,missing_parseable_work_id,synthetic,wk_0014c6672236
wk_001909a10280,,LS,Maharashtra,Maharashtra,Dharashiv,Dharashiv(DISTRICT COLLECTOR OSMANABAD_IDA),DHARASHIV,Omprakash Bhupalsinh Alias Pawan Rajenimbalkar,OMPRAKASH BHUPALSINH ALIAS PAWAN RAJENIMBALKAR,LS_OMPRAKASH BHUPALSINH ALIAS PAWAN RAJENIMBALKAR,OSMANABAD,,Construction of community centers and community halls,Normal/Others,Normal/Others,,Construction of community centers in Gram Panchayat Owned Open Space (Milkat No. 58) here.,Construction of community centers in Gram Panchayat Owned Open Space (Milkat No. 58) here.,2024-10-01 00:00:00,,,700000.0,,,,,recommended,missing_parseable_work_id,synthetic,wk_001909a10280
wk_002f27ad822a,,RS,Assam,Assam,Jorhat,JORHAT(DEPUTY COMMISSIONER JORHAT_IDA),JORHAT,Shri Pabitra Margherita (2022-28) (2022-2028),PABITRA MARGHERITA,RS_PABITRA MARGHERITA,,Elected MP,Construction of community centers and community halls,Normal/Others,Normal/Others,,"Construction of Teok Rajohuwa Mukoli Mancha, Teok Chawdung Gaon","Construction of Teok Rajohuwa Mukoli Mancha, Teok Chawdung Gaon",2025-09-03 00:00:00,,,1000000.0,,,,,recommended,missing_parseable_work_id,synthetic,wk_002f27ad822a
wk_0074647524c3,,RS,Kerala,Kerala,Ernakulam,ERNAKULAM(DISTRICT COLLECTOR ERNAKULAM_IDA),ERNAKULAM,Shri Jose K. Mani (2024-30) (2024-2030),JOSE K MANI,RS_JOSE K MANI,,Elected MP,Installing community drinking water plants,Normal/Others,Normal/Others,,Construction Mutholapuram Pulingunnumala- Vettiyodi Drinking Water Scheme (Cat : SC),Construction Mutholapuram Pulingunnumala- Vettiyodi Drinking Water Scheme (Cat : SC),2024-12-11 00:00:00,,,2500000.0,,,,,recommended,missing_parseable_work_id,synthetic,wk_0074647524c3
wk_009aa0f7338f,,LS,Kerala,Kerala,Pathanamthitta,PATHANAMTHITTA(DISTRICT COLLECTOR PATHANAMTHITTA_IDA),PATHANAMTHITTA,Anto Antony,ANTO ANTONY,LS_ANTO ANTONY,PATHANAMTHITTA,,Lighting of public spaces,Normal/Others,Normal/Others,,Providing 8 Meter LED Mini Mast Light at Mandappuzha Puthuval Colony in Ranni- Perunadu Grama Panchayat.(SC),Providing 8 Meter LED Mini Mast Light at Mandappuzha Puthuval Colony in Ranni- Perunadu Grama Panchayat.(SC),2024-09-24 00:00:00,,,250000.0,,,,,recommended,missing_parseable_work_id,synthetic,wk_009aa0f7338f
wk_009c8188ba82,,RS,Karnataka,Karnataka,Tumakuru,TUMAKURU(DEPUTY COMMISSIONER TUMKUR_IDA),TUMAKURU,Shri G.C. Chandrashekhar (2024-30) (2024-2030),G C CHANDRASHEKHAR,RS_G C CHANDRASHEKHAR,,Elected MP,Providing drains and gutters for public drainage,Normal/Others,Normal/Others,,"construction of drainage from shivabasavayyana home to anekere at Tumkur district, Tiptur taluk, Nonavinakere hobali, Nellikere grama panchayath, Burudeghatta village","construction of drainage from shivabasavayyana home to anekere at Tumkur district, Tiptur taluk, Nonavinakere hobali, Nellikere grama panchayath, Burudeghatta village",2025-01-28 00:00:00,,,500000.0,,,,,recommended,missing_parseable_work_id,synthetic,wk_009c8188ba82
wk_00a03edc9abd,,LS,Uttar Pradesh,Uttar Pradesh,Amethi,Amethi(DISTRICT MAGISTRAE AMETHI_IDA),AMETHI,KISHORI LAL,KISHORI LAL,LS_KISHORI LAL,AMETHI,,Construction of rooms and halls in school and colleges,Normal/Others,Normal/Others,,"Release a total amount of Rs. 6,25,000(Six Lakh Twenty Five Thousands Only) from the MPLADS Fund as a contribution for the renovation, repair, reconstruction, and infrastructure facilities for Shri Nishad Raj Intermediate College, Kitiyawan, Block-Shahgarh, selected under Project Alankar.","Release a total amount of Rs. 6,25,000(Six Lakh Twenty Five Thousands Only) from the MPLADS Fund as a contribution for the renovation, repair, reconstruction, and infrastructure facilities for Shri Nishad Raj Intermediate College, Kitiyawan, Block-Shahgarh, selected under Project Alankar.",2024-10-08 00:00:00,,,625000.0,,,,,recommended,missing_parseable_work_id,synthetic,wk_00a03edc9abd
wk_010d7a77f299,,RS,Uttar Pradesh,Uttar Pradesh,Bahraich,BAHRAICH(DISTRICT MAGISTRAE BAHRAICH_IDA),BAHRAICH,Dr. Laxmikant Bajpayee (2022-28) (2022-2028),LAXMIKANT BAJPAYEE,RS_LAXMIKANT BAJPAYEE,,Elected MP,Construction of rooms and halls in school and colleges,Trust and Society,Trust and Society,,Constuction of classroom,Constuction of classroom,2025-05-15 00:00:00,,,580800.0,,,,,recommended,missing_parseable_work_id,synthetic,wk_010d7a77f299
wk_013d33ab3815,,RS,Maharashtra,Maharashtra,Nanded,NANDED(DISTRICT COLLECTOR NANDED_IDA),NANDED,Shri Ashokrao Shankarrao Chavan (2024-30) (2024-2030),ASHOKRAO SHANKARRAO CHAVAN,RS_ASHOKRAO SHANKARRAO CHAVAN,,Elected MP,Providing drains and gutters for public drainage,Normal/Others,Normal/Others,,"Construction of CC drain at Amdari tanda in Mauje Amdari, Taluka Bhokar, District Nanded","Construction of CC drain at Amdari tanda in Mauje Amdari, Taluka Bhokar, District Nanded",2024-12-15 00:00:00,,,1000000.0,,,,,recommended,missing_parseable_work_id,synthetic,wk_013d33ab3815
wk_01a3f1ef61d0,,LS,Goa,Goa,North Goa,NORTH GOA(DISTRICT COLLECTOR NORTH GOA_IDA),NORTH GOA,Shripad Yesso Naik,SHRIPAD YESSO NAIK,LS_SHRIPAD YESSO NAIK,NORTH GOA,,"Purchase of hearse van (Four, three and two wheelers)",Normal/Others,Normal/Others,,"TATA WINGER Ambulance Type B High Roof3200MM AC Diesel BSVI proposal for Hearse van to V.P Veling Priol Cuncolim,Mardol,Ponda Goa","TATA WINGER Ambulance Type B High Roof3200MM AC Diesel BSVI proposal for Hearse van to V.P Veling Priol Cuncolim,Mardol,Ponda Goa",2024-12-06 00:00:00,,,1662700.0,,,,,recommended,missing_parseable_work_id,synthetic,wk_01a3f1ef61d0
wk_025be3c7f8af,,RS,Madhya Pradesh,Madhya Pradesh,Ujjain,UJJAIN(DISTRICT COLLECTOR UJJAIN_IDA),UJJAIN,Shri Balyogi Umeshnath (2024-30) (2024-2030),BALYOGI UMESHNATH,RS_BALYOGI UMESHNATH,,Elected MP,Construction of community centers and community halls,Normal/Others,Normal/Others,,Ujjain ward 46 alakhdham nagar swarg sundaram takiez ke pass manchhapurn hanuman mandir ke samne sabhamandap samudayik bhawan nirman,Ujjain ward 46 alakhdham nagar swarg sundaram takiez ke pass manchhapurn hanuman mandir ke samne sabhamandap samudayik bhawan nirman,2026-01-08 00:00:00,,,7000000.0,,,,,recommended,missing_parseable_work_id,synthetic,wk_025be3c7f8af
wk_02680ef9f360,,RS,Assam,Assam,Chirang,CHIRANG(Deputy Commissioner Chirang_IDA),CHIRANG,Shri Rwngwra Narzary (2022-28) (2022-2028),RWNGWRA NARZARY,RS_RWNGWRA NARZARY,,Elected MP,Construction of rooms and halls in school and colleges,Normal/Others,Normal/Others,,"Construction of additional class room at Kusungdwisa LP school under Shantipur VCDC,chirang.","Construction of additional class room at Kusungdwisa LP school under Shantipur VCDC,chirang.",2024-08-28 00:00:00,,,1000000.0,,,,,recommended,missing_parseable_work_id,synthetic,wk_02680ef9f360
wk_0284568830bb,,RS,Kerala,Kerala,Kozhikode,KOZHIKODE(DISTRICT COLLECTOR KOZHIKODE_IDA),KOZHIKODE,Smt. P. T. Usha (2022-28) (2022-2028),P T USHA,RS_P T USHA,,Nominated MP,"Construction of roads, link roads, pathways or any other road with or without drainage system",Normal/Others,Normal/Others,,Construction of Kottiyath Palam Maniyoth Laksham Veed Road,Construction of Kottiyath Palam Maniyoth Laksham Veed Road,2025-06-17 00:00:00,,,1500000.0,,,,,recommended,missing_parseable_work_id,synthetic,wk_0284568830bb
wk_02ddbfc976ba,,RS,Kerala,Kerala,Kozhikode,KOZHIKODE(DISTRICT COLLECTOR KOZHIKODE_IDA),KOZHIKODE,Smt. P. T. Usha (2022-28) (2022-2028),P T USHA,RS_P T USHA,,Nominated MP,"Construction of roads, link roads, pathways or any other road with or without drainage system",Normal/Others,Normal/Others,,Construction of Kuttyayathil Madathil Mukku Road in Division 19 (Concreting),Construction of Kuttyayathil Madathil Mukku Road in Division 19 (Concreting),2025-08-16 00:00:00,,,1000000.0,,,,,recommended,missing_parseable_work_id,synthetic,wk_02ddbfc976ba
wk_0303f3c5d793,,RS,Odisha,Odisha,Rayagada,RAYAGADA(DISTRICT COLLECTOR RAYAGADA_IDA),RAYAGADA,Dr. Sasmit Patra (2022-28) (2022-2028),SASMIT PATRA,RS_SASMIT PATRA,,Elected MP,Construction of buildings for sports facilities,Normal/Others,Normal/Others,,"Completion of incomplete building of Netaji Social, Cultural and Sporting Club, At-PO- Bissamcuttack, Dist. - Rayagada, Pin - 765019.","Completion of incomplete building of Netaji Social, Cultural and Sporting Club, At-PO- Bissamcuttack, Dist. - Rayagada, Pin - 765019.",2025-01-21 00:00:00,,,500000.0,,,,,recommended,missing_parseable_work_id,synthetic,wk_0303f3c5d793
wk_03339de14583,,RS,Telangana,Telangana,Nizamabad,NIZAMABAD(DISTRICT COLLECTOR NIZAMABAD_IDA),NIZAMABAD,Shri Ravi Chandra Vaddiraju (2024-30) (2024-2030),RAVI CHANDRA VADDIRAJU,RS_RAVI CHANDRA VADDIRAJU,,Elected MP,Providing drains and gutters for public drainage,Normal/Others,Normal/Others,,"Laying of CC Drain K.Shankar Plot to Ananthagiri Swamy Plot at Sikindrapur(V), Jakranpally(M)","Laying of CC Drain K.Shankar Plot to Ananthagiri Swamy Plot at Sikindrapur(V), Jakranpally(M)",2025-06-20 00:00:00,,,498000.0,,,,,recommended,missing_parseable_work_id,synthetic,wk_03339de14583
wk_0339c1605b10,,RS,Uttar Pradesh,Uttar Pradesh,Gautam Buddha Nagar,GAUTAM BUDDHA NAGAR(DISTRICT MAGISTRATE GAUTAMBUDHNAGAR),GAUTAM BUDDHA NAGAR,Shri Tejveer Singh (2024-30) (2024-2030),TEJVEER SINGH,RS_TEJVEER SINGH,,Elected MP,Construction of boundary walls of existing public and community buildings,Normal/Others,Normal/Others,,construction of boundary wall at mahrishi ved vedag viyapeeth gurukul school greater noida,construction of boundary wall at mahrishi ved vedag viyapeeth gurukul school greater noida,2025-09-22 00:00:00,,,1000000.0,,,,,recommended,missing_parseable_work_id,synthetic,wk_0339c1605b10
wk_034e4fef8136,,LS,Goa,Goa,North Goa,NORTH GOA(DISTRICT COLLECTOR NORTH GOA_IDA),NORTH GOA,Shripad Yesso Naik,SHRIPAD YESSO NAIK,LS_SHRIPAD YESSO NAIK,NORTH GOA,,"Purchase of prosthetics, wheel chairs, tricycles (manual or motorized), elect scooties, hearing aids",Normal/Others,Normal/Others,,Provide artificial limb left side to Shri Ajay Shantaram Govekar,Provide artificial limb left side to Shri Ajay Shantaram Govekar,2024-12-04 00:00:00,,,90300.0,,,,,recommended,missing_parseable_work_id,synthetic,wk_034e4fef8136
wk_03699e0b51bb,,RS,Telangana,Telangana,Mahabubabad,MAHABUBABAD(DISTRICT COLLECTOR MAHABUBABAD_IDA),MAHABUBABAD,Shri Anil Kumar Yadav Mandadi (2024-30) (2024-2030),ANIL KUMAR YADAV MANDADI,RS_ANIL KUMAR YADAV MANDADI,,Elected MP,Construction of community centers and community halls,Normal/Others,Normal/Others,,"Construction of community Hall at Arpanpally Village, Kesamudram Mandal, Mahabubabad District.","Construction of community Hall at Arpanpally Village, Kesamudram Mandal, Mahabubabad District.",2024-09-06 00:00:00,,,2000000.0,,,,,recommended,missing_parseable_work_id,synthetic,wk_03699e0b51bb
wk_03f3507111be,,RS,Kerala,Kerala,Kozhikode,KOZHIKODE(DISTRICT COLLECTOR KOZHIKODE_IDA),KOZHIKODE,Shri Abdul Wahab (2021-27) (2021-2027),ABDUL WAHAB,RS_ABDUL WAHAB,,Elected MP,Purchase of vans and buses for educational institutions,Normal/Others,Normal/Others,,"Purchasing of School Bus for Calicut orphanage ALP School Kolathara, Ward No.42, Kozhikode Corporation.","Purchasing of School Bus for Calicut orphanage ALP School Kolathara, Ward No.42, Kozhikode Corporation.",2025-03-10 00:00:00,,,2015000.0,,,,,recommended,missing_parseable_work_id,synthetic,wk_03f3507111be
wk_04415dcae08a,,RS,Assam,Assam,Chirang,CHIRANG(Deputy Commissioner Chirang_IDA),CHIRANG,Shri Rwngwra Narzary (2022-28) (2022-2028),RWNGWRA NARZARY,RS_RWNGWRA NARZARY,,Elected MP,Construction of boundary walls of existing public and community buildings,Normal/Others,Normal/Others,,Construction of Boundary wall and sanitary at North Roumari community hall under Roumari VCDC.,Construction of Boundary wall and sanitary at North Roumari community hall under Roumari VCDC.,2025-08-11 00:00:00,,,1200000.0,,,,,recommended,missing_parseable_work_id,synthetic,wk_04415dcae08a
wk_04481f1eeebb,,RS,Kerala,Kerala,Kozhikode,KOZHIKODE(DISTRICT COLLECTOR KOZHIKODE_IDA),KOZHIKODE,Shri Abdul Wahab (2021-27) (2021-2027),ABDUL WAHAB,RS_ABDUL WAHAB,,Elected MP,Providing drains and gutters for public drainage,Repair and Renovation,Repair and Renovation,,"Construction of drainage at Kuriyal line road, ward no.61, Kozhikode Municipal Corporation","Construction of drainage at Kuriyal line road, ward no.61, Kozhikode Municipal Corporation",2025-03-10 00:00:00,,,5000000.0,,,,,recommended,missing_parseable_work_id,synthetic,wk_04481f1eeebb
wk_0457beb0c9db,,RS,Maharashtra,Maharashtra,Amravati,AMRAVATI(DISTRICT COLLECTOR AMRAVATI_IDA),AMRAVATI,Dr. Anil Sukhdeorao Bonde (2022-28) (2022-2028),ANIL SUKHDEORAO BONDE,RS_ANIL SUKHDEORAO BONDE,,Elected MP,Development of public parks,Normal/Others,Normal/Others,,Development place of Ner Pinglai Grampanchyat,Development place of Ner Pinglai Grampanchyat,2025-06-03 00:00:00,,,1000000.0,,,,,recommended,missing_parseable_work_id,synthetic,wk_0457beb0c9db
wk_04a5ee01e5fd,,RS,Odisha,Odisha,Kataka,Kataka(DISTRICT COLLECTOR CUTTACK_IDA),KATAKA,Shri Manas Ranjan Mangaraj (2022-28) (2022-2028),MANAS RANJAN MANGARAJ,RS_MANAS RANJAN MANGARAJ,,Elected MP,Construction of community centers and community halls,Normal/Others,Normal/Others,,"Construction of Gayatri Paribara Community center in Ward No. 10, Choudwar Municipality","Construction of Gayatri Paribara Community center in Ward No. 10, Choudwar Municipality",2025-06-07 00:00:00,,,150000.0,,,,,recommended,missing_parseable_work_id,synthetic,wk_04a5ee01e5fd
wk_04e018da2a7f,,RS,Odisha,Odisha,Khordha,KHORDHA(DISTRICT COLLECTOR KHORDHA_IDA),KHORDHA,Shri Subhasish Khuntia (2024-30) (2024-2030),SUBHASISH KHUNTIA,RS_SUBHASISH KHUNTIA,,Elected MP,Construction of boundary walls of existing public and community buildings,Normal/Others,Normal/Others,,Completion of boundary wall of Raghunathpur UG UP School,Completion of boundary wall of Raghunathpur UG UP School,2025-09-15 00:00:00,,,300000.0,,,,,recommended,missing_parseable_work_id,synthetic,wk_04e018da2a7f
wk_04ea44f6dfdc,,RS,Rajasthan,Rajasthan,Jodhpur,JODHPUR(DISTRICT COLLECTOR JODHPUR IDA),JODHPUR,Shri Randeep Singh Surjewala (2022-28) (2022-2028),RANDEEP SINGH SURJEWALA,RS_RANDEEP SINGH SURJEWALA,,Elected MP,Construction of New Building,Normal/Others,Normal/Others,,"Construction of RCC Chambers G plus 1 at Rajasthan High Court, Jodhpur","Construction of RCC Chambers G plus 1 at Rajasthan High Court, Jodhpur",2025-10-07 00:00:00,,,10000000.0,,,,,recommended,missing_parseable_work_id,synthetic,wk_04ea44f6dfdc
wk_04ecc967accc,,LS,West Bengal,West Bengal,Darjeeling,DARJEELING(DISTRICT MAGISTRATE DARJEELING_IDA),DARJEELING,Raju Bista,RAJU BISTA,LS_RAJU BISTA,DARJEELING,,Construction of additional rooms and halls in the existing public and community building,Normal/Others,Normal/Others,,"Construction of additional rooms at Milan Sangha, Naguru Jote, Nimai, Patharghata Gram Panchayat Ref: Shailesh Sing (7384197077)","Construction of additional rooms at Milan Sangha, Naguru Jote, Nimai, Patharghata Gram Panchayat Ref: Shailesh Sing (7384197077)",2024-08-16 00:00:00,,,500000.0,,,,,recommended,missing_parseable_work_id,synthetic,wk_04ecc967accc
wk_050610fa0959,,RS,Telangana,Telangana,Rajanna Sircilla,RAJANNA SIRCILLA(DISTRICT COLLECTOR RAJANNA SIRCILLA_IDA),RAJANNA SIRCILLA,Shri Damodar Rao Divakonda (2022-28) (2022-2028),DAMODAR RAO DIVAKONDA,RS_DAMODAR RAO DIVAKONDA,,Elected MP,"Construction of roads, link roads, pathways or any other road with or without drainage system",Normal/Others,Normal/Others,,C/o CC Road & Drain from H.No.10-2-89 to Pochamma Temple and From H.No.10-1-117 line in Ward No.20 Sircilla Town,C/o CC Road & Drain from H.No.10-2-89 to Pochamma Temple and From H.No.10-1-117 line in Ward No.20 Sircilla Town,2024-10-23 00:00:00,,,500000.0,,,,,recommended,missing_parseable_work_id,synthetic,wk_050610fa0959
wk_0533f3148714,,LS,Madhya Pradesh,Madhya Pradesh,Shajapur,SHAJAPUR(District Collector Shajapur_IDA),SHAJAPUR,Mahendra Singh Solanky,MAHENDRA SINGH SOLANKY,LS_MAHENDRA SINGH SOLANKY,DEWAS(SC),,Construction of rooms and halls in school and colleges,Normal/Others,Normal/Others,,ward 28 shajapur me vidhalay bhavan nirman hetu,ward 28 shajapur me vidhalay bhavan nirman hetu,2024-11-26 00:00:00,,,1000000.0,,,,,recommended,missing_parseable_work_id,synthetic,wk_0533f3148714
wk_05457f4a6b50,,RS,Maharashtra,Maharashtra,Buldhana,BULDHANA(DISTRICT COLLECTOR BULDHANA_IDA),BULDHANA,Dr. Anil Sukhdeorao Bonde (2022-28) (2022-2028),ANIL SUKHDEORAO BONDE,RS_ANIL SUKHDEORAO BONDE,,Elected MP,"Purchase of IT systems, including hardware and software for educational purposes",Normal/Others,Normal/Others,,"Installation of Digital class rooms at Shri Shivaji High school, Mehkar","Installation of Digital class rooms at Shri Shivaji High school, Mehkar",2025-10-09 00:00:00,,,350000.0,,,,,recommended,missing_parseable_work_id,synthetic,wk_05457f4a6b50
wk_05506c6d57ee,,RS,Telangana,Telangana,Rajanna Sircilla,RAJANNA SIRCILLA(DISTRICT COLLECTOR RAJANNA SIRCILLA_IDA),RAJANNA SIRCILLA,Shri Damodar Rao Divakonda (2022-28) (2022-2028),DAMODAR RAO DIVAKONDA,RS_DAMODAR RAO DIVAKONDA,,Elected MP,Construction of community centers and community halls,Normal/Others,Normal/Others,,B/w of Gram Panchayat Building at Banjeru (V) Veernapally (m),B/w of Gram Panchayat Building at Banjeru (V) Veernapally (m),2024-10-23 00:00:00,,,500000.0,,,,,recommended,missing_parseable_work_id,synthetic,wk_05506c6d57ee
wk_05cd4e7c70d8,,LS,Kerala,Kerala,Pathanamthitta,PATHANAMTHITTA(DISTRICT COLLECTOR PATHANAMTHITTA_IDA),PATHANAMTHITTA,Anto Antony,ANTO ANTONY,LS_ANTO ANTONY,PATHANAMTHITTA,,Lighting of public spaces,Normal/Others,Normal/Others,,"Providing 8 Meter LED Mini Mast Light at St. Mary's Catholic Church Junction, Vakayar in Konni Grama Panchayat.","Providing 8 Meter LED Mini Mast Light at St. Mary's Catholic Church Junction, Vakayar in Konni Grama Panchayat.",2024-11-18 00:00:00,,,250000.0,,,,,recommended,missing_parseable_work_id,synthetic,wk_05cd4e7c70d8
wk_05e1c62be66f,,LS,Bihar,Bihar,Darbhanga,DARBHANGA(DISTRICT PLANNING OFFICER DARBANGA_IDA),DARBHANGA,Mr Gopal Jee Thakur,GOPAL JEE THAKUR,LS_GOPAL JEE THAKUR,DARBHANGA,,Street lights,Normal/Others,Normal/Others,,alinagar prakhand antargat motipur panchayat ke motipur chowk ke nikat sarvajanik sthal par mini high mast electric light ka adhisthapan karya,alinagar prakhand antargat motipur panchayat ke motipur chowk ke nikat sarvajanik sthal par mini high mast electric light ka adhisthapan karya,2024-11-28 00:00:00,,,495000.0,,,,,recommended,missing_parseable_work_id,synthetic,wk_05e1c62be66f
wk_061beba06103,,LS,Kerala,Kerala,Pathanamthitta,PATHANAMTHITTA(DISTRICT COLLECTOR PATHANAMTHITTA_IDA),PATHANAMTHITTA,Anto Antony,ANTO ANTONY,LS_ANTO ANTONY,PATHANAMTHITTA,,Lighting of public spaces,Normal/Others,Normal/Others,,"Providing 8 Meter LED Mini Mast Light at Govt. LP School Junction, Arayanjilimannu in Ranni-Perunadu Grama Panchayat. (ST)","Providing 8 Meter LED Mini Mast Light at Govt. LP School Junction, Arayanjilimannu in Ranni-Perunadu Grama Panchayat. (ST)",2024-09-24 00:00:00,,,250000.0,,,,,recommended,missing_parseable_work_id,synthetic,wk_061beba06103
wk_0644c61d3256,,RS,Odisha,Odisha,Khordha,KHORDHA(DISTRICT COLLECTOR KHORDHA_IDA),KHORDHA,Dr. Sasmit Patra (2022-28) (2022-2028),SASMIT PATRA,RS_SASMIT PATRA,,Elected MP,Construction of rooms and halls in school and colleges,Normal/Others,Normal/Others,,"Construction of Auditorium of BJB (Autonomous) College, BJB Nagar, Bhubaneswar (Bhubaneswar Municipal Corporation)","Construction of Auditorium of BJB (Autonomous) College, BJB Nagar, Bhubaneswar (Bhubaneswar Municipal Corporation)",2023-12-31 00:00:00,,,5000000.0,,,,,recommended,missing_parseable_work_id,synthetic,wk_0644c61d3256
wk_06cea875ade6,,RS,Tamil Nadu,Tamil Nadu,Perambalur,PERAMBALUR(DISTRICT COLLECTOR PERAMBALUR_IDA),PERAMBALUR,Shri P. Wilson (2025-31) (2025-2031),P WILSON,RS_P WILSON,,Elected MP,Construction of toilet blocks,Normal/Others,Normal/Others,,Construction of Toilet Block with water supply arrangements to ADW primary school at Velur in Perambalur District,Construction of Toilet Block with water supply arrangements to ADW primary school at Velur in Perambalur District,2026-01-14 00:00:00,,,3700000.0,,,,,recommended,missing_parseable_work_id,synthetic,wk_06cea875ade6
wk_06e1f2bc0c5b,,RS,Karnataka,Karnataka,Ballari,BALLARI(DEPUTY COMMISSIONER BELLARY_IDA),BALLARI,Dr. Syed Naseer Hussain (2024-30) (2024-2030),SYED NASEER HUSSAIN,RS_SYED NASEER HUSSAIN,,Elected MP,Construction of common work sheds/ common covered sitting area,Trust and Society,Trust and Society,,Construction of Open Mini Shed at MISSIONARIES OF CHARITY Mother Theresa Orphanage Home (R) Ballari City Ballari District.,Construction of Open Mini Shed at MISSIONARIES OF CHARITY Mother Theresa Orphanage Home (R) Ballari City Ballari District.,2025-05-21 00:00:00,,,1200000.0,,,,,recommended,missing_parseable_work_id,synthetic,wk_06e1f2bc0c5b
wk_073be51bf608,,RS,Madhya Pradesh,Madhya Pradesh,Guna,GUNA(District Collector Guna_IDA),GUNA,Smt. Maya Naroliya (2024-30) (2024-2030),MAYA NAROLIYA,RS_MAYA NAROLIYA,,Elected MP,Construction of rooms and halls in school and colleges,Trust and Society,Trust and Society,,Sarswati Shishu Mandir Aaron mein hall kaksh nirman karya,Sarswati Shishu Mandir Aaron mein hall kaksh nirman karya,2025-03-06 00:00:00,,,2000000.0,,,,,recommended,missing_parseable_work_id,synthetic,wk_073be51bf608
wk_0743afe20989,,RS,Kerala,Kerala,Kannur,KANNUR(DISTRICT COLLECTOR KANNUR_IDA),KANNUR,Shri Sandosh Kumar P (2022-28) (2022-2028),SANDOSH KUMAR P,RS_SANDOSH KUMAR P,,Elected MP,Installing community drinking water plants,Normal/Others,Normal/Others,,Naniyyor Nambram 3 cent Colony Drinking Water Supply Scheme in Mayyil Grama Panchayath Ward 16,Naniyyor Nambram 3 cent Colony Drinking Water Supply Scheme in Mayyil Grama Panchayath Ward 16,2025-06-10 00:00:00,,,700000.0,,,,,recommended,missing_parseable_work_id,synthetic,wk_0743afe20989
wk_075039097e16,,RS,Telangana,Telangana,Nizamabad,NIZAMABAD(DISTRICT COLLECTOR NIZAMABAD_IDA),NIZAMABAD,Shri Ravi Chandra Vaddiraju (2024-30) (2024-2030),RAVI CHANDRA VADDIRAJU,RS_RAVI CHANDRA VADDIRAJU,,Elected MP,"Construction of roads, link roads, pathways or any other road with or without drainage system",Normal/Others,Normal/Others,,"Laying of CC Road from S.Ramulu Plot to Mini Tank at Sikindrapur(V), Jakranpally(M)","Laying of CC Road from S.Ramulu Plot to Mini Tank at Sikindrapur(V), Jakranpally(M)",2025-06-20 00:00:00,,,498000.0,,,,,recommended,missing_parseable_work_id,synthetic,wk_075039097e16
wk_07a306dec3c3,,RS,Uttar Pradesh,Uttar Pradesh,Muzaffarnagar,MUZAFFARNAGAR(DISTRICT MAGISTRATE MUZAFFARNAGAR_IDA),MUZAFFARNAGAR,Shri Kapil Sibal (2022-28) (2022-2028),KAPIL SIBAL,RS_KAPIL SIBAL,,Elected MP,"Construction of roads, link roads, pathways or any other road with or without drainage system",Normal/Others,Normal/Others,,Construction work of Interlocking Tiles at Main Road from Village Sohjani Marg to Bhumiya,Construction work of Interlocking Tiles at Main Road from Village Sohjani Marg to Bhumiya,2024-12-20 00:00:00,,,300000.0,,,,,recommended,missing_parseable_work_id,synthetic,wk_07a306dec3c3
wk_07e6fc44d24f,,RS,Maharashtra,Maharashtra,Kolhapur,KOLHAPUR(DISTRICT COLLECTOR KOLHAPUR_IDA),KOLHAPUR,Dr. Medha Vishram Kulkarni (2024-30) (2024-2030),MEDHA VISHRAM KULKARNI,RS_MEDHA VISHRAM KULKARNI,,Elected MP,"Purchase of IT systems, including hardware and software for educational purposes",Normal/Others,Normal/Others,,"Providing Computer (1), Books and Cupboard to Dr Sarojini Naydu Vidhya Mandir School No 43 Ichalkaranji","Providing Computer (1), Books and Cupboard to Dr Sarojini Naydu Vidhya Mandir School No 43 Ichalkaranji",2025-07-15 00:00:00,,,97500.0,,,,,recommended,missing_parseable_work_id,synthetic,wk_07e6fc44d24f
wk_081cd116481f,,LS,Maharashtra,Maharashtra,Chandrapur,CHANDRAPUR(DISTRICT COLLECTOR CHANDRAPUR_IDA),CHANDRAPUR,DHANORKAR PRATIBHA SURESH ALIAS BALUBHAU,DHANORKAR PRATIBHA SURESH ALIAS BALUBHAU,LS_DHANORKAR PRATIBHA SURESH ALIAS BALUBHAU,CHANDRAPUR,,"Purchase of IT systems, including hardware and software for educational purposes",Normal/Others,Normal/Others,,"???????? ?????? ??????? ????-1, ???????? ???? 2 ?????, 2 ????????, 2 ???? ??????????, 2 ?????? ?????? ???? ????.","???????? ?????? ??????? ????-1, ???????? ???? 2 ?????, 2 ????????, 2 ???? ??????????, 2 ?????? ?????? ???? ????.",2024-10-15 00:00:00,,,700000.0,,,,,recommended,missing_parseable_work_id,synthetic,wk_081cd116481f
wk_0828b1912691,,RS,Kerala,Kerala,Kozhikode,KOZHIKODE(DISTRICT COLLECTOR KOZHIKODE_IDA),KOZHIKODE,Shri Abdul Wahab (2021-27) (2021-2027),ABDUL WAHAB,RS_ABDUL WAHAB,,Elected MP,"Construction of roads, link roads, pathways or any other road with or without drainage system",Normal/Others,Normal/Others,,"Construction of Freedom 75 road or pathway, ward no.04, Thikkoti Panchayat","Construction of Freedom 75 road or pathway, ward no.04, Thikkoti Panchayat",2026-01-06 00:00:00,,,500000.0,,,,,recommended,missing_parseable_work_id,synthetic,wk_0828b1912691
wk_0854ccf012fa,,RS,Tamil Nadu,Tamil Nadu,Chengalpattu,CHENGALPATTU(District Collector Chengalpattu_IDA),CHENGALPATTU,Shri R. Girirajan (2022-28) (2022-2028),R GIRIRAJAN,RS_R GIRIRAJAN,,Elected MP,Lighting of public spaces,Normal/Others,Normal/Others,,"Providing and erecting Mini Highmast ( 10 Meter Height with 6 Nos LED 150W Ladder Type) Near Angalamman temple at Bazaar road comes under Acharapakkam town Panchayat, Madhuranthagam Assembly Constituency in Chengalpattu district.","Providing and erecting Mini Highmast ( 10 Meter Height with 6 Nos LED 150W Ladder Type) Near Angalamman temple at Bazaar road comes under Acharapakkam town Panchayat, Madhuranthagam Assembly Constituency in Chengalpattu district.",2025-05-28 00:00:00,,,450000.0,,,,,recommended,missing_parseable_work_id,synthetic,wk_0854ccf012fa
wk_085835718800,,RS,Karnataka,Karnataka,Tumakuru,TUMAKURU(DEPUTY COMMISSIONER TUMKUR_IDA),TUMAKURU,Shri Lahar Singh Siroya (2022-28) (2022-2028),LAHAR SINGH SIROYA,RS_LAHAR SINGH SIROYA,,Elected MP,Construction of community centers and community halls,Trust and Society,Trust and Society,,Construction of community building in the premises of Someshwara and veeranagamma temple,Construction of community building in the premises of Someshwara and veeranagamma temple,2025-12-13 00:00:00,,,1500000.0,,,,,recommended,missing_parseable_work_id,synthetic,wk_085835718800
wk_085a959ad376,,LS,Karnataka,Karnataka,Belagavi,BELAGAVI(DEPUTY COMMISSIONER BELGAUM_IDA),BELAGAVI,PRIYANKA SATISH JARKIHOLI,PRIYANKA SATISH JARKIHOLI,LS_PRIYANKA SATISH JARKIHOLI,CHIKKODI,,Construction of bus-sheds or bus-stops,Normal/Others,Normal/Others,,Construction of Hi-Tech Bus Shelter near Basaveshwar Circle towards Hukkeri road,Construction of Hi-Tech Bus Shelter near Basaveshwar Circle towards Hukkeri road,2024-11-03 00:00:00,,,800000.0,,,,,recommended,missing_parseable_work_id,synthetic,wk_085a959ad376
wk_087f397316d3,,RS,Kerala,Kerala,Thiruvananthapuram,THIRUVANANTHAPURAM(DISTRICT COLLECTOR THIRUVANANTHAPURAM_IDA),THIRUVANANTHAPURAM,Shri Sandosh Kumar P (2022-28) (2022-2028),SANDOSH KUMAR P,RS_SANDOSH KUMAR P,,Elected MP,Purchase of books and periodicals for libraries/digitization of library books,Normal/Others,Normal/Others,,"Purchase of Books For K V Surendranath Study Centre Kawdiar , Thiruvanathapuaram","Purchase of Books For K V Surendranath Study Centre Kawdiar , Thiruvanathapuaram",2025-09-25 00:00:00,,,200000.0,,,,,recommended,missing_parseable_work_id,synthetic,wk_087f397316d3
wk_08a1f7a7b9de,,RS,Rajasthan,Rajasthan,Beawar,Beawar(DISTRICT COLLECTOR Beawar_IDA),BEAWAR,Shri Madan Rathore (2024-30) (2024-2030),MADAN RATHORE,RS_MADAN RATHORE,,Elected MP,Construction of bus-sheds or bus-stops,Normal/Others,Normal/Others,,Construction work of public bus stand near Kalab Kalan crossing,Construction work of public bus stand near Kalab Kalan crossing,2025-03-20 00:00:00,,,500000.0,,,,,recommended,missing_parseable_work_id,synthetic,wk_08a1f7a7b9de
wk_08b4b3d1919e,,RS,Jharkhand,Jharkhand,Ranchi,RANCHI(DEPUTY COMMISSIONER RANCHI_IDA),RANCHI,Shri Aditya Prasad (2022-28) (2022-2028),ADITYA PRASAD,RS_ADITYA PRASAD,,Elected MP,Construction of community centers and community halls,Normal/Others,Normal/Others,,"Construction of building near RTC High School, turmuli of Hesal Piri Panchayat under Budmu Block","Construction of building near RTC High School, turmuli of Hesal Piri Panchayat under Budmu Block",2026-01-08 00:00:00,,,1450000.0,,,,,recommended,missing_parseable_work_id,synthetic,wk_08b4b3d1919e
wk_08b6f7a74855,,RS,Bihar,Bihar,Purbi Champaran,PURBI CHAMPARAN(DISTRICT PLANNING OFFICER MOTHIHARI EAST CHAMPARAN_IDA),PURBI CHAMPARAN,Shri Manan Kumar Mishra (2024-28) (2024-2028),MANAN KUMAR MISHRA,RS_MANAN KUMAR MISHRA,,Elected MP,Construction of boundary walls of existing public and community buildings,Normal/Others,Normal/Others,,"Construction work of boundary, gate etc of Jivdhara Mai Sthana Suryapur Road","Construction work of boundary, gate etc of Jivdhara Mai Sthana Suryapur Road",2025-07-31 00:00:00,,,500000.0,,,,,recommended,missing_parseable_work_id,synthetic,wk_08b6f7a74855
wk_08dce8184731,,LS,Madhya Pradesh,Madhya Pradesh,Khargone,Khargone (West Nimar)(DISTRICT COLLECTOR KHARGONE_IDA),KHARGONE,Gyaneshwar Patil,GYANESHWAR PATIL,LS_GYANESHWAR PATIL,KHANDWA,,Tree plantation for community,Normal/Others,Normal/Others,,sondarykaran bamnala,sondarykaran bamnala,2024-10-08 00:00:00,,,100000.0,,,,,recommended,missing_parseable_work_id,synthetic,wk_08dce8184731
wk_093307540c9a,,RS,Uttar Pradesh,Uttar Pradesh,Kushinagar,Kushinagar(DISTRICT MAGISTRATE KUSHINAGAR PADRAUNA_IDA),KUSHINAGAR,Shri Ratanjit Pratap Narain Singh (2024-30) (2024-2030),RATANJIT PRATAP NARAIN SINGH,RS_RATANJIT PRATAP NARAIN SINGH,,Elected MP,Construction of rooms and halls in school and colleges,Trust and Society,Trust and Society,,Block Khadda Gram Rampur Bangar mein S. P. C. Shantiniketan Shishu Vidyalaya mein Class Room Nirman,Block Khadda Gram Rampur Bangar mein S. P. C. Shantiniketan Shishu Vidyalaya mein Class Room Nirman,2025-05-02 00:00:00,,,400000.0,,,,,recommended,missing_parseable_work_id,synthetic,wk_093307540c9a
wk_095e8cc11c82,,RS,Uttar Pradesh,Uttar Pradesh,Muzaffarnagar,MUZAFFARNAGAR(DISTRICT MAGISTRATE MUZAFFARNAGAR_IDA),MUZAFFARNAGAR,Shri Kapil Sibal (2022-28) (2022-2028),KAPIL SIBAL,RS_KAPIL SIBAL,,Elected MP,Construction of footpaths and pedestrian ways,Normal/Others,Normal/Others,,Construction work of Interlocking Tiles from Nirdhna Village towards Village Hakimpura Road,Construction work of Interlocking Tiles from Nirdhna Village towards Village Hakimpura Road,2025-02-12 00:00:00,,,850000.0,,,,,recommended,missing_parseable_work_id,synthetic,wk_095e8cc11c82
wk_09a023bd0712,,RS,Odisha,Odisha,Khordha,KHORDHA(DISTRICT COLLECTOR KHORDHA_IDA),KHORDHA,Shri Manas Ranjan Mangaraj (2022-28) (2022-2028),MANAS RANJAN MANGARAJ,RS_MANAS RANJAN MANGARAJ,,Elected MP,Construction of public libraries and reading rooms,Normal/Others,Normal/Others,,Construction of Public Library at Sunakhala.,Construction of Public Library at Sunakhala.,2026-01-08 00:00:00,,,990000.0,,,,,recommended,missing_parseable_work_id,synthetic,wk_09a023bd0712
wk_09a42cde6ad6,,LS,Tamil Nadu,Tamil Nadu,Chennai,CHENNAI(COMMISSIONER MUNCIPAL CORPORATION CHENNAI_IDA),CHENNAI,Thalikkottai Rajuthevar Baalu,THALIKKOTTAI RAJUTHEVAR BAALU,LS_THALIKKOTTAI RAJUTHEVAR BAALU,SRIPERUMBUDUR,,Construction of buildings for crèches and anganwadies,Normal/Others,Normal/Others,,Construction of Anganwadi Building inside the Adi-Dravidar Welfare School,Construction of Anganwadi Building inside the Adi-Dravidar Welfare School,2024-12-03 00:00:00,,,2500000.0,,,,,recommended,missing_parseable_work_id,synthetic,wk_09a42cde6ad6
wk_09b8994ba104,,RS,Tamil Nadu,Tamil Nadu,Chengalpattu,CHENGALPATTU(District Collector Chengalpattu_IDA),CHENGALPATTU,Shri R. Girirajan (2022-28) (2022-2028),R GIRIRAJAN,RS_R GIRIRAJAN,,Elected MP,Purchase of books and periodicals for libraries/digitization of library books,Normal/Others,Normal/Others,,Distribution of Maamanidar Nehru Ariya Pugaipada Varalaru book written by Thiru Gopanna to the Rajeshwari Vedachalam Govt Arts College situated in Chengalpattu District 30X2000,Distribution of Maamanidar Nehru Ariya Pugaipada Varalaru book written by Thiru Gopanna to the Rajeshwari Vedachalam Govt Arts College situated in Chengalpattu District 30X2000,2025-03-05 00:00:00,,,60000.0,,,,,recommended,missing_parseable_work_id,synthetic,wk_09b8994ba104
wk_09ec1ad4dfbd,,RS,Kerala,Kerala,Pathanamthitta,PATHANAMTHITTA(DISTRICT COLLECTOR PATHANAMTHITTA_IDA),PATHANAMTHITTA,Dr. John Brittas (2021-27) (2021-2027),JOHN BRITTAS,RS_JOHN BRITTAS,,Elected MP,"Construction of roads, link roads, pathways or any other road with or without drainage system",Normal/Others,Normal/Others,,"Construction of Ranni Amenity centre approach road, Ranni Panchayat, Ward II, Pathanamthitta District","Construction of Ranni Amenity centre approach road, Ranni Panchayat, Ward II, Pathanamthitta District",2025-10-15 00:00:00,,,1570000.0,,,,,recommended,missing_parseable_work_id,synthetic,wk_09ec1ad4dfbd
wk_0a1640b4131a,,LS,Haryana,Haryana,Rohtak,ROHTAK(DEPUTY COMMISSIONER ROHTAK_IDA),ROHTAK,DEEPENDER SINGH HOODA,DEEPENDER SINGH HOODA,LS_DEEPENDER SINGH HOODA,ROHTAK,,Construction of community centers and community halls,Normal/Others,Normal/Others,,"Development of Works in Vishwakarma Panchal Dharamshala, Bhiwani Road, Rohtak","Development of Works in Vishwakarma Panchal Dharamshala, Bhiwani Road, Rohtak",2024-08-05 00:00:00,,,1100000.0,,,,,recommended,missing_parseable_work_id,synthetic,wk_0a1640b4131a
wk_0a4fcdf90962,,LS,Maharashtra,Maharashtra,Latur,LATUR(DISTRICT COLLECTOR LATUR_IDA),LATUR,DR KALGE SHIVAJI BANDAPPA,KALGE SHIVAJI BANDAPPA,LS_KALGE SHIVAJI BANDAPPA,LATUR(SC),,"Construction of roads, link roads, pathways or any other road with or without drainage system",Normal/Others,Normal/Others,,"Construction of Road and Drainage at Barkat nagar,Ward No.2,Latur Municipal Corporation Area","Construction of Road and Drainage at Barkat nagar,Ward No.2,Latur Municipal Corporation Area",2024-09-27 00:00:00,,,1000000.0,,,,,recommended,missing_parseable_work_id,synthetic,wk_0a4fcdf90962
wk_0a90ebfa7bef,,RS,Odisha,Odisha,Khordha,KHORDHA(DISTRICT COLLECTOR KHORDHA_IDA),KHORDHA,Shri Subhasish Khuntia (2024-30) (2024-2030),SUBHASISH KHUNTIA,RS_SUBHASISH KHUNTIA,,Elected MP,"Construction of roads, link roads, pathways or any other road with or without drainage system",Normal/Others,Normal/Others,,Construction of Paver Block road from Nibedita Nayak house to Bank Colony Lane 2 at Basuaghai.,Construction of Paver Block road from Nibedita Nayak house to Bank Colony Lane 2 at Basuaghai.,2025-09-15 00:00:00,,,700000.0,,,,,recommended,missing_parseable_work_id,synthetic,wk_0a90ebfa7bef
wk_0abc4936719e,,LS,Uttar Pradesh,Uttar Pradesh,Auraiya,AURAIYA(DISTRICT MAGISTRATE AURAIYA_IDA),AURAIYA,AKHILESH YADAV,AKHILESH YADAV,LS_AKHILESH YADAV,KANNAUJ,,Lighting of public spaces,Normal/Others,Normal/Others,,Installation work of a solar power Light at the intersection in front of the house of Shri Arvind Tiwari alias Raju village Ariyari development block Sahar district Auraiya. Mob.-7017162032 By-Shri Pramod Kumar Savita,Installation work of a solar power Light at the intersection in front of the house of Shri Arvind Tiwari alias Raju village Ariyari development block Sahar district Auraiya. Mob.-7017162032 By-Shri Pramod Kumar Savita,2024-12-10 00:00:00,,,15500.0,,,,,recommended,missing_parseable_work_id,synthetic,wk_0abc4936719e
wk_0b82ff6c3d24,,RS,Maharashtra,Maharashtra,Bhandara,BHANDARA(DISTRICT COLLECTOR BHANDARA_IDA),BHANDARA,Shri Praful Patel (2024-30) (2024-2030),PRAFUL PATEL,RS_PRAFUL PATEL,,Elected MP,"Purchase of hearse van (Four, three and two wheelers)",Normal/Others,Normal/Others,,senior citizens multipurpose association bhandara city me Shavvahini (Purchase of hearse van),senior citizens multipurpose association bhandara city me Shavvahini (Purchase of hearse van),2025-04-02 00:00:00,,,1800000.0,,,,,recommended,missing_parseable_work_id,synthetic,wk_0b82ff6c3d24
wk_0b98142d020e,,RS,Jharkhand,Jharkhand,Ranchi,RANCHI(DEPUTY COMMISSIONER RANCHI_IDA),RANCHI,Shri Aditya Prasad (2022-28) (2022-2028),ADITYA PRASAD,RS_ADITYA PRASAD,,Elected MP,"Construction of roads, link roads, pathways or any other road with or without drainage system",Normal/Others,Normal/Others,,Construction work of PCC road from the house of Akhilesh Kachhap in Huduba village of Huduba Panchayat under Namkom block of Ranchi,Construction work of PCC road from the house of Akhilesh Kachhap in Huduba village of Huduba Panchayat under Namkom block of Ranchi,2025-07-06 00:00:00,,,400000.0,,,,,recommended,missing_parseable_work_id,synthetic,wk_0b98142d020e
wk_0b9d9329a58a,,RS,Kerala,Kerala,Kozhikode,KOZHIKODE(DISTRICT COLLECTOR KOZHIKODE_IDA),KOZHIKODE,Smt. P. T. Usha (2022-28) (2022-2028),P T USHA,RS_P T USHA,,Nominated MP,"Construction of roads, link roads, pathways or any other road with or without drainage system",Normal/Others,Normal/Others,,Construction of Madathil Thaze Pathway In Ward No. 17 (Concreting),Construction of Madathil Thaze Pathway In Ward No. 17 (Concreting),2025-09-20 00:00:00,,,600000.0,,,,,recommended,missing_parseable_work_id,synthetic,wk_0b9d9329a58a
wk_0c6a530d4a24,,LS,Telangana,Telangana,Mahabubabad,MAHABUBABAD(DISTRICT COLLECTOR MAHABUBABAD_IDA),MAHABUBABAD,BALRAM NAIK PORIKA,BALRAM NAIK PORIKA,LS_BALRAM NAIK PORIKA,MAHABUBABAD,,Street lights,Normal/Others,Normal/Others,,"Installation of Street Lights at Jamandlapally, Ward No.2 & 3 of Mahabubabad Municipality","Installation of Street Lights at Jamandlapally, Ward No.2 & 3 of Mahabubabad Municipality",2024-11-05 00:00:00,,,500000.0,,,,,recommended,missing_parseable_work_id,synthetic,wk_0c6a530d4a24
wk_0cbbb0b75e44,,LS,Maharashtra,Maharashtra,Beed,BEED(DISTRICT COLLECTOR BEED_IDA),BEED,BAJRANG MANOHAR SONWANE,BAJRANG MANOHAR SONWANE,LS_BAJRANG MANOHAR SONWANE,BEED,,Construction of community centers and community halls,Normal/Others,Normal/Others,,Construction of Sabha Mandap in Dalit wasti on Gram Panchayat land Near Samaj Temple.(Special Component Scheme),Construction of Sabha Mandap in Dalit wasti on Gram Panchayat land Near Samaj Temple.(Special Component Scheme),2024-12-09 00:00:00,,,1000000.0,,,,,recommended,missing_parseable_work_id,synthetic,wk_0cbbb0b75e44
wk_0d09c971ac83,,RS,Assam,Assam,Chirang,CHIRANG(Deputy Commissioner Chirang_IDA),CHIRANG,Shri Rwngwra Narzary (2022-28) (2022-2028),RWNGWRA NARZARY,RS_RWNGWRA NARZARY,,Elected MP,Crematoriums/energy efficient crematoriums or structures on burial/cremation ground,Repair and Renovation,Repair and Renovation,,Renovation of existing boundary wall of Gossaigaon village burial ground.,Renovation of existing boundary wall of Gossaigaon village burial ground.,2025-08-11 00:00:00,,,500000.0,,,,,recommended,missing_parseable_work_id,synthetic,wk_0d09c971ac83
wk_0d6b6f24918c,,RS,Bihar,Bihar,Vaishali,VAISHALI(DISTRICT PLANNING OFFICER VAISHALI_IDA),VAISHALI,Shri Sanjay Yadav (2024-30) (2024-2030),SANJAY YADAV,RS_SANJAY YADAV,,Elected MP,Construction of community centers and community halls,Normal/Others,Normal/Others,,"Construction of a community building (large hall) on the available government land in Raghopur pashchimi Panchayat under Raghopur block, including a borewell hand pump, one toilet, and two urinals.","Construction of a community building (large hall) on the available government land in Raghopur pashchimi Panchayat under Raghopur block, including a borewell hand pump, one toilet, and two urinals.",2025-09-02 00:00:00,,,1499000.0,,,,,recommended,missing_parseable_work_id,synthetic,wk_0d6b6f24918c
wk_0d90f9760ddf,,RS,Tripura,Tripura,West Tripura,West Tripura(DISTRICT MAGISTRATE WEST TRIPURA_IDA),WEST TRIPURA,Shri Rajib Bhattacharjee (2024-28) (2024-2028),RAJIB BHATTACHARJEE,RS_RAJIB BHATTACHARJEE,,Elected MP,Construction of rooms and halls in school and colleges,Normal/Others,Normal/Others,,"Construction of a Class Room in the premises of Ramkrishna Vivekananda Vidyamandir, Agartala","Construction of a Class Room in the premises of Ramkrishna Vivekananda Vidyamandir, Agartala",2026-01-07 00:00:00,,,2000000.0,,,,,recommended,missing_parseable_work_id,synthetic,wk_0d90f9760ddf
wk_0de4f5aed979,,LS,Goa,Goa,North Goa,NORTH GOA(DISTRICT COLLECTOR NORTH GOA_IDA),NORTH GOA,Shripad Yesso Naik,SHRIPAD YESSO NAIK,LS_SHRIPAD YESSO NAIK,NORTH GOA,,"Construction of roads, link roads, pathways or any other road with or without drainage system",Normal/Others,Normal/Others,,Development & Beautification of Pathway & Fixing of Pavers around community hall at sy.no 1/1 Ravan Keri sattari goa ( Phase III),Development & Beautification of Pathway & Fixing of Pavers around community hall at sy.no 1/1 Ravan Keri sattari goa ( Phase III),2024-12-09 00:00:00,,,2000000.0,,,,,recommended,missing_parseable_work_id,synthetic,wk_0de4f5aed979
wk_0e24dace7555,,RS,Bihar,Bihar,Vaishali,VAISHALI(DISTRICT PLANNING OFFICER VAISHALI_IDA),VAISHALI,Shri Sanjay Yadav (2024-30) (2024-2030),SANJAY YADAV,RS_SANJAY YADAV,,Elected MP,Construction of community centers and community halls,Normal/Others,Normal/Others,,"Construction of a community building on the available land in Bidupur Panchayat under Bidupur block, including one borewell with hand pump, one toilet, two urinals, one room (12 x 10), and one large hall.","Construction of a community building on the available land in Bidupur Panchayat under Bidupur block, including one borewell with hand pump, one toilet, two urinals, one room (12 x 10), and one large hall.",2025-09-27 00:00:00,,,1499000.0,,,,,recommended,missing_parseable_work_id,synthetic,wk_0e24dace7555
wk_0e533e31474c,,RS,Tamil Nadu,Tamil Nadu,Thiruvallur,THIRUVALLUR(DISTRICT COLLECTOR TIRUVALLUR_IDA),THIRUVALLUR,Shri R. Girirajan (2022-28) (2022-2028),R GIRIRAJAN,RS_R GIRIRAJAN,,Elected MP,Lighting of public spaces,Normal/Others,Normal/Others,,"Installation of mini-mast lighting (9 meters high, 150 W, 6 units) at Nagalapuram Road, near the bus depot, in Ward No. 09 of Uthukottai Town Panchayat, Tiruvallur District. 9 meters height, 150 W (6 units).","Installation of mini-mast lighting (9 meters high, 150 W, 6 units) at Nagalapuram Road, near the bus depot, in Ward No. 09 of Uthukottai Town Panchayat, Tiruvallur District. 9 meters height, 150 W (6 units).",2026-01-21 00:00:00,,,300000.0,,,,,recommended,missing_parseable_work_id,synthetic,wk_0e533e31474c
wk_0e69d2bc3631,,RS,Uttar Pradesh,Uttar Pradesh,Meerut,MEERUT(DISTRICT MAGISTRATE MEERUT_IDA),MEERUT,Shri Jayant Chaudhary (2022-28) (2022-2028),JAYANT CHAUDHARY,RS_JAYANT CHAUDHARY,,Elected MP,Development of playfields and sports grounds,Normal/Others,Normal/Others,,"Development of two covered kabaddi grounds - one ground to be developed with kabaddi mat and the other to be developed as a non-mat ground. This will be situated in the ground of Shri Gandhi Smarak Inter College, Dabathuwa, Meerut","Development of two covered kabaddi grounds - one ground to be developed with kabaddi mat and the other to be developed as a non-mat ground. This will be situated in the ground of Shri Gandhi Smarak Inter College, Dabathuwa, Meerut",2025-11-27 00:00:00,,,3000000.0,,,,,recommended,missing_parseable_work_id,synthetic,wk_0e69d2bc3631
wk_0ec88cf91752,,LS,Goa,Goa,North Goa,NORTH GOA(DISTRICT COLLECTOR NORTH GOA_IDA),NORTH GOA,Shripad Yesso Naik,SHRIPAD YESSO NAIK,LS_SHRIPAD YESSO NAIK,NORTH GOA,,Providing garbage collection and disposal systems,Normal/Others,Normal/Others,,"Providing Garbage Van to Village Panchayat Torxem, Pernem Goa.","Providing Garbage Van to Village Panchayat Torxem, Pernem Goa.",2024-12-06 00:00:00,,,1689000.0,,,,,recommended,missing_parseable_work_id,synthetic,wk_0ec88cf91752
wk_0f571900165e,,RS,Assam,Assam,Sivasagar,SIVASAGAR(Deputy Commissioner Sivsagar_IDA),SIVASAGAR,Shri Pabitra Margherita (2022-28) (2022-2028),PABITRA MARGHERITA,RS_PABITRA MARGHERITA,,Elected MP,Construction of community centers and community halls,Normal/Others,Normal/Others,,CONSTRUCTION OF LAKHMIJAN JUVILANE SANSKRITIK KENDRA,CONSTRUCTION OF LAKHMIJAN JUVILANE SANSKRITIK KENDRA,2026-01-27 00:00:00,,,250000.0,,,,,recommended,missing_parseable_work_id,synthetic,wk_0f571900165e
wk_0f8377bb11e5,,RS,Maharashtra,Maharashtra,Nanded,NANDED(DISTRICT COLLECTOR NANDED_IDA),NANDED,Dr. Ajeet Madhavrao Gopchade (2024-30) (2024-2030),AJEET MADHAVRAO GOPCHADE,RS_AJEET MADHAVRAO GOPCHADE,,Elected MP,Construction of community centers and community halls,Normal/Others,Normal/Others,,Construction of Sabhamandap in the area of Grampanchayat in SC area of Kangathi Tq. Biloli Dist. Nanded,Construction of Sabhamandap in the area of Grampanchayat in SC area of Kangathi Tq. Biloli Dist. Nanded,2025-10-24 00:00:00,,,700000.0,,,,,recommended,missing_parseable_work_id,synthetic,wk_0f8377bb11e5
wk_0fadcd7e26c5,,LS,West Bengal,West Bengal,Hooghly,HOOGHLY(DISTRICT MAGISTRATE HOOGHLY_IDA),HOOGHLY,RACHNA BANERJEE,RACHNA BANERJEE,LS_RACHNA BANERJEE,HOOGHLY,,Construction of common work sheds/ common covered sitting area,Normal/Others,Normal/Others,,Construction of Bus Stand Waiting Shade at Jothnarayan More near N.N Girls High School at Bakulia Dhobapara Gram Panchyat under Balagarh Panchayat Samity.,Construction of Bus Stand Waiting Shade at Jothnarayan More near N.N Girls High School at Bakulia Dhobapara Gram Panchyat under Balagarh Panchayat Samity.,2024-09-03 00:00:00,,,349953.0,,,,,recommended,missing_parseable_work_id,synthetic,wk_0fadcd7e26c5
wk_0fb26a7be86c,,LS,Bihar,Bihar,Vaishali,VAISHALI(DISTRICT PLANNING OFFICER VAISHALI_IDA),VAISHALI,Nityanand Rai,NITYANAND RAI,LS_NITYANAND RAI,UJJARPUR,,Construction of water tanks,Normal/Others,Normal/Others,,PRAKHAND PATEPUR PANCHAYAT ADALPUR KE ADALPUR PANCHAYAT ANTARGAT UTKRAMIT MADHAY VIDHALAY MILKI ME SAMUDAYIK PEYJAL PANI TANKI (WATER ATM) BHAWAN KE SATH NIRMAN,PRAKHAND PATEPUR PANCHAYAT ADALPUR KE ADALPUR PANCHAYAT ANTARGAT UTKRAMIT MADHAY VIDHALAY MILKI ME SAMUDAYIK PEYJAL PANI TANKI (WATER ATM) BHAWAN KE SATH NIRMAN,2024-11-27 00:00:00,,,325000.0,,,,,recommended,missing_parseable_work_id,synthetic,wk_0fb26a7be86c
wk_0fc37dfe1bef,,RS,Uttar Pradesh,Uttar Pradesh,Jaunpur,JAUNPUR(DISTRICT MAGISTRATE JAUNPUR_IDA),JAUNPUR,Smt. Seema Dwivedi (2020-26) (2020-2026),SEEMA DWIVEDI,RS_SEEMA DWIVEDI,,Elected MP,Improvement of electricity distribution infrastructure,Normal/Others,Normal/Others,,VIKASH KHAND MUNGRA BADSAHPUR TAHSHEEL MACHHLISHAHAR GRAM BANBEERPUR ME PRAKASAH CHANDRA BIND KE GHAR KE PASS VIDHUTIKARAN KA KARYA,VIKASH KHAND MUNGRA BADSAHPUR TAHSHEEL MACHHLISHAHAR GRAM BANBEERPUR ME PRAKASAH CHANDRA BIND KE GHAR KE PASS VIDHUTIKARAN KA KARYA,2024-09-21 00:00:00,,,250000.0,,,,,recommended,missing_parseable_work_id,synthetic,wk_0fc37dfe1bef
wk_0fc4f4b28b41,,LS,West Bengal,West Bengal,Howrah,HOWRAH(DISTRICT MAGISTRATE HOWRAH_IDA),HOWRAH,Smt Sajda Ahmed,SAJDA AHMED,LS_SAJDA AHMED,ULUBERIA,,"Construction of Government office buildings (Post office, Police station, Police chauki, etc.)",Normal/Others,Normal/Others,,Construction of office building of Grhbhwanipur Sonatala Gram Panchayat Office,Construction of office building of Grhbhwanipur Sonatala Gram Panchayat Office,2024-12-16 00:00:00,,,3000000.0,,,,,recommended,missing_parseable_work_id,synthetic,wk_0fc4f4b28b41
wk_0fe6df8d2b3e,,RS,Maharashtra,Maharashtra,Nanded,NANDED(DISTRICT COLLECTOR NANDED_IDA),NANDED,Dr. Ajeet Madhavrao Gopchade (2024-30) (2024-2030),AJEET MADHAVRAO GOPCHADE,RS_AJEET MADHAVRAO GOPCHADE,,Elected MP,"Construction of roads, link roads, pathways or any other road with or without drainage system",Normal/Others,Normal/Others,,Construction of CC Road from ZP School to the Samshanbhumi (Crematorium) at Kumbhargaon Tq. Biloli Dist. Nanded,Construction of CC Road from ZP School to the Samshanbhumi (Crematorium) at Kumbhargaon Tq. Biloli Dist. Nanded,2025-10-24 00:00:00,,,2000000.0,,,,,recommended,missing_parseable_work_id,synthetic,wk_0fe6df8d2b3e
wk_0fe865115979,,RS,Kerala,Kerala,Palakkad,PALAKKAD(DISTRICT COLLECTOR PALAKKAD_IDA),PALAKKAD,Shri Abdul Wahab (2021-27) (2021-2027),ABDUL WAHAB,RS_ABDUL WAHAB,,Elected MP,"Construction of roads, link roads, pathways or any other road with or without drainage system",Normal/Others,Normal/Others,,"Construction of Palakkulam Myladikunn road or pathway, Ward No.6, Kappur Panchayat","Construction of Palakkulam Myladikunn road or pathway, Ward No.6, Kappur Panchayat",2025-10-21 00:00:00,,,500000.0,,,,,recommended,missing_parseable_work_id,synthetic,wk_0fe865115979
wk_106198e58e2f,,RS,Kerala,Kerala,Ernakulam,ERNAKULAM(DISTRICT COLLECTOR ERNAKULAM_IDA),ERNAKULAM,Shri Sandosh Kumar P (2022-28) (2022-2028),SANDOSH KUMAR P,RS_SANDOSH KUMAR P,,Elected MP,Development of public parks,Normal/Others,Normal/Others,,"Construction of Happiness Park At Kidangoor, Thuravoor Grama Panchayath in Angamali Block Panchayath","Construction of Happiness Park At Kidangoor, Thuravoor Grama Panchayath in Angamali Block Panchayath",2025-06-10 00:00:00,,,2500000.0,,,,,recommended,missing_parseable_work_id,synthetic,wk_106198e58e2f
wk_108fb2df0d9d,,RS,Goa,Goa,North Goa,NORTH GOA(DISTRICT COLLECTOR NORTH GOA_IDA),NORTH GOA,Shri Sadanand Mhalu Shet Tanavade (2023-29) (2023-2029),SADANAND MHALU SHET TANAVADE,RS_SADANAND MHALU SHET TANAVADE,,Elected MP,Purchase of vans and buses for educational institutions,Normal/Others,Normal/Others,,"School Bus for Shree Bhagwati High School, Pernem, North Goa, Goa.","School Bus for Shree Bhagwati High School, Pernem, North Goa, Goa.",2025-04-16 00:00:00,,,3161690.0,,,,,recommended,missing_parseable_work_id,synthetic,wk_108fb2df0d9d
wk_1102b819538b,,LS,Puducherry,Puducherry,Puducherry,Puducherry(PROJECT DIRECTOR RDA PUDUCHERRY_IDA),PUDUCHERRY,Vaithilingam Ve,VAITHILINGAM VE,LS_VAITHILINGAM VE,Puducherry,,Construction of buildings for crèches and anganwadies,Normal/Others,Normal/Others,,"Construction of Library in the existing dilapidated anganwadi building at Eripakkam oldpet, Nettapakkam Commune, Puducherry.","Construction of Library in the existing dilapidated anganwadi building at Eripakkam oldpet, Nettapakkam Commune, Puducherry.",2024-10-29 00:00:00,,,2000000.0,,,,,recommended,missing_parseable_work_id,synthetic,wk_1102b819538b
wk_113fb8d158d7,,RS,Uttar Pradesh,Uttar Pradesh,Sultanpur,SULTANPUR(DISTRICT MAGISTRATE SULTANPUR_IDA),SULTANPUR,Shri Kapil Sibal (2022-28) (2022-2028),KAPIL SIBAL,RS_KAPIL SIBAL,,Elected MP,Construction of rooms and halls in school and colleges,Normal/Others,Normal/Others,,"Construction of Classrooms at Narendra Pratap Singh College of Law, Chandpur Saido Patti, Dwarka Ganj, District Sultanpur","Construction of Classrooms at Narendra Pratap Singh College of Law, Chandpur Saido Patti, Dwarka Ganj, District Sultanpur",2025-07-17 00:00:00,,,2500000.0,,,,,recommended,missing_parseable_work_id,synthetic,wk_113fb8d158d7
wk_115b705ee427,,LS,Maharashtra,Maharashtra,Mumbai,MUMBAI(DISTRICT COLLECTOR MUMBAI CITY_IDA),MUMBAI,Arvind Ganpat Sawant,ARVIND GANPAT SAWANT,LS_ARVIND GANPAT SAWANT,MUMBAI SOUTH,,Construction of common work sheds/ common covered sitting area,Normal/Others,Normal/Others,,sangharsh sadan ferbunder road byculla shed,sangharsh sadan ferbunder road byculla shed,2024-10-08 00:00:00,,,1200000.0,,,,,recommended,missing_parseable_work_id,synthetic,wk_115b705ee427
wk_11848203f0b7,,LS,Maharashtra,Maharashtra,Beed,BEED(DISTRICT COLLECTOR BEED_IDA),BEED,BAJRANG MANOHAR SONWANE,BAJRANG MANOHAR SONWANE,LS_BAJRANG MANOHAR SONWANE,BEED,,Construction of community centers and community halls,Normal/Others,Normal/Others,,Construction of Sabha Mandap on Gram Panchayat land near Sri Kshetra Purushottam puri Temple.,Construction of Sabha Mandap on Gram Panchayat land near Sri Kshetra Purushottam puri Temple.,2024-12-09 00:00:00,,,1000000.0,,,,,recommended,missing_parseable_work_id,synthetic,wk_11848203f0b7
wk_11b6b265da54,,RS,Maharashtra,Maharashtra,Kolhapur,KOLHAPUR(DISTRICT COLLECTOR KOLHAPUR_IDA),KOLHAPUR,Shri Dhananjay Bhimrao Mahadik (2022-28) (2022-2028),DHANANJAY BHIMRAO MAHADIK,RS_DHANANJAY BHIMRAO MAHADIK,,Elected MP,"Construction of roads, link roads, pathways or any other road with or without drainage system",Normal/Others,Normal/Others,,"Installation of paving blocks in the Sarsenapati Prataprao Gujar Memorial area at Nesari, Taluka Gadhinglaj, Dist. Kolhapur.","Installation of paving blocks in the Sarsenapati Prataprao Gujar Memorial area at Nesari, Taluka Gadhinglaj, Dist. Kolhapur.",2025-11-18 00:00:00,,,1000000.0,,,,,recommended,missing_parseable_work_id,synthetic,wk_11b6b265da54
wk_11c20738db3b,,RS,Kerala,Kerala,Thiruvananthapuram,THIRUVANANTHAPURAM(DISTRICT COLLECTOR THIRUVANANTHAPURAM_IDA),THIRUVANANTHAPURAM,Shri A. A. Rahim (2022-28) (2022-2028),A A RAHIM,RS_A A RAHIM,,Elected MP,Lighting of public spaces,Normal/Others,Normal/Others,,"To provide Minimast Light at Vembayam Near Vembayam Juma Masjid ,Manikkal GP","To provide Minimast Light at Vembayam Near Vembayam Juma Masjid ,Manikkal GP",2026-01-08 00:00:00,,,260000.0,,,,,recommended,missing_parseable_work_id,synthetic,wk_11c20738db3b
wk_11dbbb7904b3,,LS,Meghalaya,Meghalaya,East Khasi Hills,"EAST KHASI HILLS(Deputy Commissioner, East Khasi Hills District)",EAST KHASI HILLS,ANDREW J. SYNGKON,ANDREW J SYNGKON,LS_ANDREW J SYNGKON,SHILLONG,,Construction of New Building,Normal/Others,Normal/Others,,Ongoing Construction of Childrens Home @ Mawsiatkhnam by Spring of Hope society H/Q @ Mawlai Nongkwar,Ongoing Construction of Childrens Home @ Mawsiatkhnam by Spring of Hope society H/Q @ Mawlai Nongkwar,2025-01-05 00:00:00,,,700000.0,,,,,recommended,missing_parseable_work_id,synthetic,wk_11dbbb7904b3
wk_11fbaa28c4c6,,LS,Uttar Pradesh,Uttar Pradesh,Auraiya,AURAIYA(DISTRICT MAGISTRATE AURAIYA_IDA),AURAIYA,AKHILESH YADAV,AKHILESH YADAV,LS_AKHILESH YADAV,KANNAUJ,,Lighting of public spaces,Normal/Others,Normal/Others,,"Installation work of a solar power light near the house of Shri Saddam Hussain son of Abdul Rahman village and post Badhin Bidhuna, district Auraiya. By-Shri Tyagi Yadav 9457369650","Installation work of a solar power light near the house of Shri Saddam Hussain son of Abdul Rahman village and post Badhin Bidhuna, district Auraiya. By-Shri Tyagi Yadav 9457369650",2024-12-10 00:00:00,,,15500.0,,,,,recommended,missing_parseable_work_id,synthetic,wk_11fbaa28c4c6
wk_1244a9054f66,,RS,Jharkhand,Jharkhand,Giridih,GIRIDIH(Deputy Commissioner Giridh_IDA),GIRIDIH,Dr. Sarfraz Ahmad (2024-30) (2024-2030),SARFRAZ AHMAD,RS_SARFRAZ AHMAD,,Elected MP,Construction of community centers and community halls,Normal/Others,Normal/Others,,Construction of a building on the upper floor of a building in Momin Society Chaurasi Panchayat Karhabari in Ward No. 21 Jogitand under the urban area under Gandey Block.,Construction of a building on the upper floor of a building in Momin Society Chaurasi Panchayat Karhabari in Ward No. 21 Jogitand under the urban area under Gandey Block.,2025-09-18 00:00:00,,,1000000.0,,,,,recommended,missing_parseable_work_id,synthetic,wk_1244a9054f66
wk_1250f5f1bf94,,RS,Uttar Pradesh,Uttar Pradesh,Muzaffarnagar,MUZAFFARNAGAR(DISTRICT MAGISTRATE MUZAFFARNAGAR_IDA),MUZAFFARNAGAR,Shri Kapil Sibal (2022-28) (2022-2028),KAPIL SIBAL,RS_KAPIL SIBAL,,Elected MP,"Construction of roads, link roads, pathways or any other road with or without drainage system",Normal/Others,Normal/Others,,Construction of C.C. Road and Drain from the House of Devendra Maan ji towards Primary School,Construction of C.C. Road and Drain from the House of Devendra Maan ji towards Primary School,2025-08-01 00:00:00,,,1300000.0,,,,,recommended,missing_parseable_work_id,synthetic,wk_1250f5f1bf94
wk_1255032c8d1b,,RS,Odisha,Odisha,Khordha,KHORDHA(DISTRICT COLLECTOR KHORDHA_IDA),KHORDHA,Dr. Sasmit Patra (2022-28) (2022-2028),SASMIT PATRA,RS_SASMIT PATRA,,Elected MP,Construction of community centers and community halls,Normal/Others,Normal/Others,,"Construction of community hall near Jatrapadia near Benagadia, GP- Kalyanpur, Bhubaneswar","Construction of community hall near Jatrapadia near Benagadia, GP- Kalyanpur, Bhubaneswar",2025-04-19 00:00:00,,,1000000.0,,,,,recommended,missing_parseable_work_id,synthetic,wk_1255032c8d1b
wk_12867ce4adfb,,LS,West Bengal,West Bengal,North 24 Parganas,North 24 Parganas(DISTRICT MAGISTRATE NORTH TWENTY FOUR PARGANAS_IDA),NORTH 24 PARGANAS,Prof Sougata Ray,SOUGATA RAY,LS_SOUGATA RAY,DUM DUM,,Development of public parks,Normal/Others,Normal/Others,,BEAUTIFICATION OF MAULANA ABUL KAMAL AZAD PARK UNDER WARD NO 01,BEAUTIFICATION OF MAULANA ABUL KAMAL AZAD PARK UNDER WARD NO 01,2024-12-24 00:00:00,,,1000000.0,,,,,recommended,missing_parseable_work_id,synthetic,wk_12867ce4adfb
wk_12bdbdc83979,,RS,Assam,Assam,Sivasagar,SIVASAGAR(Deputy Commissioner Sivsagar_IDA),SIVASAGAR,Shri Pabitra Margherita (2022-28) (2022-2028),PABITRA MARGHERITA,RS_PABITRA MARGHERITA,,Elected MP,Construction of community centers and community halls,Normal/Others,Normal/Others,,CONSTRUCTION OF RADHA KRISHNA SANSKRITIK KENDRA 17 NO LINE,CONSTRUCTION OF RADHA KRISHNA SANSKRITIK KENDRA 17 NO LINE,2026-01-27 00:00:00,,,200000.0,,,,,recommended,missing_parseable_work_id,synthetic,wk_12bdbdc83979
wk_12c22c8d2c64,,RS,Karnataka,Karnataka,Uttara Kannada,UTTARA KANNADA(DEPUTY COMMISSIONER UTTARKANNADA KARWAR_IDA),UTTARA KANNADA,Shri G.C. Chandrashekhar (2024-30) (2024-2030),G C CHANDRASHEKHAR,RS_G C CHANDRASHEKHAR,,Elected MP,Construction of community centers and community halls,Normal/Others,Normal/Others,,"construction of Karuna Womens traning centre at uttar kannada district, Karwar Talluk","construction of Karuna Womens traning centre at uttar kannada district, Karwar Talluk",2025-10-08 00:00:00,,,500000.0,,,,,recommended,missing_parseable_work_id,synthetic,wk_12c22c8d2c64
wk_131bad34158d,,RS,Madhya Pradesh,Madhya Pradesh,Mauganj,MAUGANJ(District Collector Mauganj_IDA),MAUGANJ,Shri Vivek K. Tankha (2022-28) (2022-2028),VIVEK K TANKHA,RS_VIVEK K TANKHA,,Elected MP,"Construction of roads, link roads, pathways or any other road with or without drainage system",Normal/Others,Normal/Others,,"Gram Panchayat Sagahan Kalan, Janpad Panchayat Hanumana ke gram Dubgawan main Baijnath Kushwaha ke ghar se Beriha pahuch marg tak Grebal Road nirman, Mauganj","Gram Panchayat Sagahan Kalan, Janpad Panchayat Hanumana ke gram Dubgawan main Baijnath Kushwaha ke ghar se Beriha pahuch marg tak Grebal Road nirman, Mauganj",2025-10-27 00:00:00,,,500000.0,,,,,recommended,missing_parseable_work_id,synthetic,wk_131bad34158d
wk_14361a04396e,,RS,Uttarakhand,Uttarakhand,Udham Singh Nagar,Udham Singh Nagar(DISTRICT MAGISTRATE UDHAMSINGH NAGAR_IDA),UDHAM SINGH NAGAR,Shri Mahendra Bhatt (2024-30) (2024-2030),MAHENDRA BHATT,RS_MAHENDRA BHATT,,Elected MP,Construction of rooms and halls in school and colleges,Normal/Others,Normal/Others,,"Bharti Devi Ramsharan singh Sarswati Shishu Vidhya Mandir Ramnagar van Jaspur Udhamsingh Nagar me do Kaksha Kaksh Nirman, K. S.- Vidhyalay Prabandh Samiti","Bharti Devi Ramsharan singh Sarswati Shishu Vidhya Mandir Ramnagar van Jaspur Udhamsingh Nagar me do Kaksha Kaksh Nirman, K. S.- Vidhyalay Prabandh Samiti",2024-12-02 00:00:00,,,800000.0,,,,,recommended,missing_parseable_work_id,synthetic,wk_14361a04396e
wk_146c679041c6,,LS,Karnataka,Karnataka,Bengaluru South,Bengaluru South(DEPUTY COMMISSIONER RAMANAGARA_IDA),BENGALURU SOUTH,DR C N MANJUNATH,C N MANJUNATH,LS_C N MANJUNATH,BANGALORE RURAL,,Construction of community centers and community halls,Normal/Others,Normal/Others,,"Construction of community centers and community halls at Sulleri Grama Panchayath, Harohalli Village, Channapatana Taluk, Ramanagara District.","Construction of community centers and community halls at Sulleri Grama Panchayath, Harohalli Village, Channapatana Taluk, Ramanagara District.",2024-09-25 00:00:00,,,1000000.0,,,,,recommended,missing_parseable_work_id,synthetic,wk_146c679041c6
wk_1490ae71af3a,,RS,Assam,Assam,Sivasagar,SIVASAGAR(Deputy Commissioner Sivsagar_IDA),SIVASAGAR,Shri Pabitra Margherita (2022-28) (2022-2028),PABITRA MARGHERITA,RS_PABITRA MARGHERITA,,Elected MP,Construction of community centers and community halls,Normal/Others,Normal/Others,,CONSTRUCTION OF KENDUGURI CHOLADHARA MAJOR CHUK SANSKRITIK KENDRA,CONSTRUCTION OF KENDUGURI CHOLADHARA MAJOR CHUK SANSKRITIK KENDRA,2026-01-27 00:00:00,,,300000.0,,,,,recommended,missing_parseable_work_id,synthetic,wk_1490ae71af3a
wk_14f80fac5d79,,RS,Assam,Assam,Sivasagar,SIVASAGAR(Deputy Commissioner Sivsagar_IDA),SIVASAGAR,Shri Pabitra Margherita (2022-28) (2022-2028),PABITRA MARGHERITA,RS_PABITRA MARGHERITA,,Elected MP,Construction of community centers and community halls,Normal/Others,Normal/Others,,CONSTRUCTION OF SATSANG SANSKRITIK KENDRA,CONSTRUCTION OF SATSANG SANSKRITIK KENDRA,2026-01-27 00:00:00,,,200000.0,,,,,recommended,missing_parseable_work_id,synthetic,wk_14f80fac5d79
wk_1512a144446c,,LS,Gujarat,Gujarat,Kachchh,KACHCHH(DISTRICT COLLECTOR KUTCH_IDA),KACHCHH,Vinod Chavda,VINOD CHAVDA,LS_VINOD CHAVDA,KACHCHH(SC),,Construction of community centers and community halls,Normal/Others,Normal/Others,,Bhuj Talukana Bhuj Shaher Bhilvaas Ramdev mandir paase community hall,Bhuj Talukana Bhuj Shaher Bhilvaas Ramdev mandir paase community hall,2024-12-17 00:00:00,,,400000.0,,,,,recommended,missing_parseable_work_id,synthetic,wk_1512a144446c
wk_152006b8e3ba,,RS,Kerala,Kerala,Idukki,IDUKKI(DISTRICT COLLECTOR IDUKKI_IDA),IDUKKI,Dr. John Brittas (2021-27) (2021-2027),JOHN BRITTAS,RS_JOHN BRITTAS,,Elected MP,"Construction of rooms and facilities for hospitals, FWC , PHC Centers and ANM centers",Normal/Others,Normal/Others,,"Construction of a new building for Government Medical College, Idukki, Vazhathope Grama Panchayat, Idukki District.","Construction of a new building for Government Medical College, Idukki, Vazhathope Grama Panchayat, Idukki District.",2025-10-15 00:00:00,,,11000000.0,,,,,recommended,missing_parseable_work_id,synthetic,wk_152006b8e3ba
wk_15249f085a84,,LS,Karnataka,Karnataka,Uttara Kannada,UTTARA KANNADA(DEPUTY COMMISSIONER UTTARKANNADA KARWAR_IDA),UTTARA KANNADA,VISHWESHWAR HEGDE KAGERI,VISHWESHWAR HEGDE KAGERI,LS_VISHWESHWAR HEGDE KAGERI,UTTARA KANNADA,,Construction of community centers and community halls,Normal/Others,Normal/Others,,"Community Hall Near Parshwanath Jain temple at Tergaon, Haliyal Taluk","Community Hall Near Parshwanath Jain temple at Tergaon, Haliyal Taluk",2025-01-08 00:00:00,,,1000000.0,,,,,recommended,missing_parseable_work_id,synthetic,wk_15249f085a84
wk_152c2d2353db,,RS,Maharashtra,Maharashtra,Yavatmal,YAVATMAL(DISTRICT COLLECTOR YAVATMAL_IDA),YAVATMAL,Dr. Anil Sukhdeorao Bonde (2022-28) (2022-2028),ANIL SUKHDEORAO BONDE,RS_ANIL SUKHDEORAO BONDE,,Elected MP,"Purchase of IT systems, including hardware and software for educational purposes",Normal/Others,Normal/Others,,purchase of Scanner and printers at JIvanvikas uchha madhyamik school Hatwanjari,purchase of Scanner and printers at JIvanvikas uchha madhyamik school Hatwanjari,2025-11-03 00:00:00,,,80000.0,,,,,recommended,missing_parseable_work_id,synthetic,wk_152c2d2353db
wk_152f35ac4808,,RS,Kerala,Kerala,Kannur,KANNUR(DISTRICT COLLECTOR KANNUR_IDA),KANNUR,Shri Sandosh Kumar P (2022-28) (2022-2028),SANDOSH KUMAR P,RS_SANDOSH KUMAR P,,Elected MP,Lighting of public spaces,Normal/Others,Normal/Others,,"installation of high mast light (12 meter,150 w, 5 bulbs) in peringonnu schedued cast colony at ward nO.12 chengalayi village","installation of high mast light (12 meter,150 w, 5 bulbs) in peringonnu schedued cast colony at ward nO.12 chengalayi village",2025-06-10 00:00:00,,,400000.0,,,,,recommended,missing_parseable_work_id,synthetic,wk_152f35ac4808
wk_15455706220f,,RS,Assam,Assam,Sivasagar,SIVASAGAR(Deputy Commissioner Sivsagar_IDA),SIVASAGAR,Shri Pabitra Margherita (2022-28) (2022-2028),PABITRA MARGHERITA,RS_PABITRA MARGHERITA,,Elected MP,Construction of community centers and community halls,Normal/Others,Normal/Others,,"CONSTRUCTION OF NATARAJ SANSKRITIK KENDRA, LIGIRIPUKHURI","CONSTRUCTION OF NATARAJ SANSKRITIK KENDRA, LIGIRIPUKHURI",2026-01-27 00:00:00,,,300000.0,,,,,recommended,missing_parseable_work_id,synthetic,wk_15455706220f
wk_154b2673eef6,,RS,Karnataka,Karnataka,Tumakuru,TUMAKURU(DEPUTY COMMISSIONER TUMKUR_IDA),TUMAKURU,Shri Jaggesh (2022-28) (2022-2028),JAGGESH,RS_JAGGESH,,Elected MP,Construction of culverts and bridges,Normal/Others,Normal/Others,,"Construction of Bridge near Mayanna's Thota, Jadiya village, Soravanahalli Gram Panchayat, Turuvekere Taluk, Tumakuru District.","Construction of Bridge near Mayanna's Thota, Jadiya village, Soravanahalli Gram Panchayat, Turuvekere Taluk, Tumakuru District.",2024-07-21 00:00:00,,,500000.0,,,,,recommended,missing_parseable_work_id,synthetic,wk_154b2673eef6
wk_155773a85525,,RS,Jharkhand,Jharkhand,Ranchi,RANCHI(DEPUTY COMMISSIONER RANCHI_IDA),RANCHI,Shri Pradip Kumar Varma (2024-30) (2024-2030),PRADIP KUMAR VARMA,RS_PRADIP KUMAR VARMA,,Elected MP,Retrofitting in essential lifeline buildings,Trust and Society,Trust and Society,,"Installation of a lift for public use in the Non-commercial, registered charitable organization Ranchi Chamber of Commerce Building in ward number 27 under Ranchi District.","Installation of a lift for public use in the Non-commercial, registered charitable organization Ranchi Chamber of Commerce Building in ward number 27 under Ranchi District.",2026-07-01 00:00:00,,,1400000.0,,,,,recommended,missing_parseable_work_id,synthetic,wk_155773a85525
wk_1597aa3bacf7,,LS,Telangana,Telangana,Medchal Malkajgiri,MEDCHAL MALKAJGIRI(DISTRICT COLLECTOR MEDCHAL MALKAJGIRI_IDA),MEDCHAL MALKAJGIRI,EATALA RAJENDER,EATALA RAJENDER,LS_EATALA RAJENDER,MALKAJGIRI,,Providing supply pipelines for drinking water,Normal/Others,Normal/Others,,"Providing Pipeline for Water Supply from Plot No. 304 to Plot No. 300 at Jayaberi Park under Kompally Section SDI/OGM, Ward No. 08, Kompally Municipality, Medchal - Malkajgiri District.","Providing Pipeline for Water Supply from Plot No. 304 to Plot No. 300 at Jayaberi Park under Kompally Section SDI/OGM, Ward No. 08, Kompally Municipality, Medchal - Malkajgiri District.",2024-12-11 00:00:00,,,700000.0,,,,,recommended,missing_parseable_work_id,synthetic,wk_1597aa3bacf7
wk_15abf8b9d9fc,,LS,Tamil Nadu,Tamil Nadu,Ranipet,"Ranipet(District Collector, Ranipet_2)",RANIPET,S. Jagathrakshakan,S JAGATHRAKSHAKAN,LS_S JAGATHRAKSHAKAN,ARAKKONAM,,Construction of toilet blocks,Normal/Others,Normal/Others,,Construction of Toilet Blocks in Elemntary Scool in Ayarpadi,Construction of Toilet Blocks in Elemntary Scool in Ayarpadi,2024-12-19 00:00:00,,,650000.0,,,,,recommended,missing_parseable_work_id,synthetic,wk_15abf8b9d9fc
wk_15b3f106ede2,,RS,Uttar Pradesh,Uttar Pradesh,Unnao,UNNAO(DISTRICT MAGIISTRATE UNNAO_IDA),UNNAO,Dr. Laxmikant Bajpayee (2022-28) (2022-2028),LAXMIKANT BAJPAYEE,RS_LAXMIKANT BAJPAYEE,,Elected MP,Fitting of Sitting RCC Benches in Public Places,Normal/Others,Normal/Others,,Fitting of 18 Cement Benches.,Fitting of 18 Cement Benches.,2024-10-17 00:00:00,,,50400.0,,,,,recommended,missing_parseable_work_id,synthetic,wk_15b3f106ede2
wk_15cb6919b69d,,RS,Maharashtra,Maharashtra,Nanded,NANDED(DISTRICT COLLECTOR NANDED_IDA),NANDED,Shri Ashokrao Shankarrao Chavan (2024-30) (2024-2030),ASHOKRAO SHANKARRAO CHAVAN,RS_ASHOKRAO SHANKARRAO CHAVAN,,Elected MP,"Construction of roads, link roads, pathways or any other road with or without drainage system",Normal/Others,Normal/Others,,"Construction of CC Road (SC) from the house of Mr.Tukaram Sajnaji Kamble to the house of Mr.Jagdish Apparao Deshmukh at Mauje Pardi (M.), Taluka Ardhapur, District Nanded","Construction of CC Road (SC) from the house of Mr.Tukaram Sajnaji Kamble to the house of Mr.Jagdish Apparao Deshmukh at Mauje Pardi (M.), Taluka Ardhapur, District Nanded",2025-03-31 00:00:00,,,2000000.0,,,,,recommended,missing_parseable_work_id,synthetic,wk_15cb6919b69d
wk_15d38b2d136d,,RS,Maharashtra,Maharashtra,Kolhapur,KOLHAPUR(DISTRICT COLLECTOR KOLHAPUR_IDA),KOLHAPUR,Dr. Medha Vishram Kulkarni (2024-30) (2024-2030),MEDHA VISHRAM KULKARNI,RS_MEDHA VISHRAM KULKARNI,,Elected MP,"Purchase of IT systems, including hardware and software for educational purposes",Normal/Others,Normal/Others,,"Providing Water Purifier, Colour Printer, Computer (1), Water Tank (1000 Ltr.) Smart TV (2) to Ch.Shivaji Maharaj vidhya Mandir, School No. 03 ,Shirol","Providing Water Purifier, Colour Printer, Computer (1), Water Tank (1000 Ltr.) Smart TV (2) to Ch.Shivaji Maharaj vidhya Mandir, School No. 03 ,Shirol",2025-07-15 00:00:00,,,179000.0,,,,,recommended,missing_parseable_work_id,synthetic,wk_15d38b2d136d
wk_15f823d34752,,RS,Kerala,Kerala,Malappuram,MALAPPURAM(DISTRICT COLLECTOR MALAPPURAM_IDA),MALAPPURAM,Shri Abdul Wahab (2021-27) (2021-2027),ABDUL WAHAB,RS_ABDUL WAHAB,,Elected MP,"Construction of roads, link roads, pathways or any other road with or without drainage system",Normal/Others,Normal/Others,,"Construction of Azhinjilam Kuttikkattil Perimbeeri road or pathway, Ward No. 02, Vazhayoor Panchayat","Construction of Azhinjilam Kuttikkattil Perimbeeri road or pathway, Ward No. 02, Vazhayoor Panchayat",2025-02-24 00:00:00,,,500000.0,,,,,recommended,missing_parseable_work_id,synthetic,wk_15f823d34752
wk_164fc04a430b,,RS,Assam,Assam,Sivasagar,SIVASAGAR(Deputy Commissioner Sivsagar_IDA),SIVASAGAR,Shri Pabitra Margherita (2022-28) (2022-2028),PABITRA MARGHERITA,RS_PABITRA MARGHERITA,,Elected MP,Construction of community centers and community halls,Normal/Others,Normal/Others,,CONSTRUCTION OF CHENGDHARA KONWAR CHUK SANSKRITIK KENDRA,CONSTRUCTION OF CHENGDHARA KONWAR CHUK SANSKRITIK KENDRA,2026-01-27 00:00:00,,,300000.0,,,,,recommended,missing_parseable_work_id,synthetic,wk_164fc04a430b
wk_167af955c6e4,,RS,Uttarakhand,Uttarakhand,Dehradun,DEHRADUN(DISTRICT MAGISTRATE DEHRADUN_IDA),DEHRADUN,Shri Naresh Bansal (2020-26) (2020-2026),NARESH BANSAL,RS_NARESH BANSAL,,Elected MP,Purchase of vehicles for mobile libraries,Normal/Others,Normal/Others,,SHERKI SWAMI VIVEKANAND SEWA SAMITI KO MOBILE LIBRARY.. IA( KARYADAI SANSTATHA ) - NAGAR PALIKA PARISHAD HERBURTPUR,SHERKI SWAMI VIVEKANAND SEWA SAMITI KO MOBILE LIBRARY.. IA( KARYADAI SANSTATHA ) - NAGAR PALIKA PARISHAD HERBURTPUR,2024-02-15 00:00:00,,,1500000.0,,,,,recommended,missing_parseable_work_id,synthetic,wk_167af955c6e4
wk_169c84303c16,,RS,Assam,Assam,Sivasagar,SIVASAGAR(Deputy Commissioner Sivsagar_IDA),SIVASAGAR,Shri Pabitra Margherita (2022-28) (2022-2028),PABITRA MARGHERITA,RS_PABITRA MARGHERITA,,Elected MP,Construction of additional rooms and halls in the existing public and community building,Normal/Others,Normal/Others,,"DEVELOPMENT OF TIPHOK SAH BAGISA RANGAMANCHA, TIPHOK GRANT","DEVELOPMENT OF TIPHOK SAH BAGISA RANGAMANCHA, TIPHOK GRANT",2025-03-17 00:00:00,,,700000.0,,,,,recommended,missing_parseable_work_id,synthetic,wk_169c84303c16
wk_16aa799393e3,,RS,Gujarat,Gujarat,Morbi,MORBI(District collector Morbi_IDA),MORBI,Shri Kesridevsinh Jhala (2023-29) (2023-2029),KESRIDEVSINH JHALA,RS_KESRIDEVSINH JHALA,,Elected MP,"Construction of rooms and facilities for hospitals, FWC , PHC Centers and ANM centers",Normal/Others,Normal/Others,,"The construction work for a gynecology ward and a pediatrician ward (building) at the sub-district hospital in Wankaner, located in ward number 6 of Wankaner city.","The construction work for a gynecology ward and a pediatrician ward (building) at the sub-district hospital in Wankaner, located in ward number 6 of Wankaner city.",2025-07-19 00:00:00,,,17500000.0,,,,,recommended,missing_parseable_work_id,synthetic,wk_16aa799393e3
wk_16faff0f6057,,RS,Uttar Pradesh,Uttar Pradesh,Kushinagar,Kushinagar(DISTRICT MAGISTRATE KUSHINAGAR PADRAUNA_IDA),KUSHINAGAR,Shri Ratanjit Pratap Narain Singh (2024-30) (2024-2030),RATANJIT PRATAP NARAIN SINGH,RS_RATANJIT PRATAP NARAIN SINGH,,Elected MP,Construction of rooms and halls in school and colleges,Normal/Others,Normal/Others,,"M.D. Vidyalaya Dal Bahadur Chapra, Padrauna mein bhavan nirman hetu.","M.D. Vidyalaya Dal Bahadur Chapra, Padrauna mein bhavan nirman hetu.",2026-01-12 00:00:00,,,400000.0,,,,,recommended,missing_parseable_work_id,synthetic,wk_16faff0f6057
wk_17c00d997979,,RS,Uttar Pradesh,Uttar Pradesh,Ghazipur,GHAZIPUR(DISTRICT MAGISTRAE GHAZIPUR_IDA),GHAZIPUR,Dr. Sangeeta Balwant (2024-30) (2024-2030),SANGEETA BALWANT,RS_SANGEETA BALWANT,,Elected MP,"Construction of roads, link roads, pathways or any other road with or without drainage system",Normal/Others,Normal/Others,,VIKAS KHAND SADAR KE GRAM GODA DEHATEE ME ANGAD BIND KE GHAR SE RAMDHYAN BIND KE GHAR TAK INTERLOCKINK NIRMAN KARYA LAMBAI LAGBHAG 120 M.,VIKAS KHAND SADAR KE GRAM GODA DEHATEE ME ANGAD BIND KE GHAR SE RAMDHYAN BIND KE GHAR TAK INTERLOCKINK NIRMAN KARYA LAMBAI LAGBHAG 120 M.,2025-12-31 00:00:00,,,730000.0,,,,,recommended,missing_parseable_work_id,synthetic,wk_17c00d997979
wk_17c5a353b75e,,RS,Goa,Goa,North Goa,NORTH GOA(DISTRICT COLLECTOR NORTH GOA_IDA),NORTH GOA,Shri Sadanand Mhalu Shet Tanavade (2023-29) (2023-2029),SADANAND MHALU SHET TANAVADE,RS_SADANAND MHALU SHET TANAVADE,,Elected MP,Purchase of vans and buses for educational institutions,Normal/Others,Normal/Others,,"School bus for Harmal Panchakroshi High School, Harmal, Pernem, North Goa, Goa, 403524.","School bus for Harmal Panchakroshi High School, Harmal, Pernem, North Goa, Goa, 403524.",2025-05-07 00:00:00,,,3035527.0,,,,,recommended,missing_parseable_work_id,synthetic,wk_17c5a353b75e
wk_17da3a6f1850,,RS,Uttarakhand,Uttarakhand,Chamoli,CHAMOLI(DM Chamoli_IDA),CHAMOLI,Shri Mahendra Bhatt (2024-30) (2024-2030),MAHENDRA BHATT,RS_MAHENDRA BHATT,,Elected MP,Construction of rooms and halls in school and colleges,Normal/Others,Normal/Others,,"Sarswati Shishu Mandir Urgam chamoli me Kaksha Kaksh Nirman, Karyadayi Sanstha- Vidhyalay Prabandh Samiti","Sarswati Shishu Mandir Urgam chamoli me Kaksha Kaksh Nirman, Karyadayi Sanstha- Vidhyalay Prabandh Samiti",2024-12-02 00:00:00,,,500000.0,,,,,recommended,missing_parseable_work_id,synthetic,wk_17da3a6f1850
wk_17e5cc76e00f,,RS,Puducherry,Puducherry,Puducherry,Puducherry(PROJECT DIRECTOR RDA PUDUCHERRY_IDA),PUDUCHERRY,Shri S. Selvaganabathy (2021-27) (2021-2027),S SELVAGANABATHY,RS_S SELVAGANABATHY,,Elected MP,Construction of community centers and community halls,Normal/Others,Normal/Others,,Construction of Anganwadi building at Vadukuppam Village in Nettapakkam constituency,Construction of Anganwadi building at Vadukuppam Village in Nettapakkam constituency,2025-04-29 00:00:00,,,2700000.0,,,,,recommended,missing_parseable_work_id,synthetic,wk_17e5cc76e00f
wk_184f066cd1c3,,RS,Puducherry,Puducherry,Puducherry,Puducherry(PROJECT DIRECTOR RDA PUDUCHERRY_IDA),PUDUCHERRY,Shri S. Selvaganabathy (2021-27) (2021-2027),S SELVAGANABATHY,RS_S SELVAGANABATHY,,Elected MP,Purchase of books and periodicals for libraries/digitization of library books,Normal/Others,Normal/Others,,"Thesame azhu, vizhi, ezhu","Thesame azhu, vizhi, ezhu",2026-01-23 00:00:00,,,36000.0,,,,,recommended,missing_parseable_work_id,synthetic,wk_184f066cd1c3
wk_1895baa49d2b,,RS,Tamil Nadu,Tamil Nadu,Chengalpattu,CHENGALPATTU(District Collector Chengalpattu_IDA),CHENGALPATTU,Shri R. Girirajan (2022-28) (2022-2028),R GIRIRAJAN,RS_R GIRIRAJAN,,Elected MP,Lighting of public spaces,Normal/Others,Normal/Others,,"Providing and erecting Mini Highmast ( 10 Meter Height with 6 Nos LED 150W Ladder Type) Elapakkam Road Junction Near Travellers Bunglow comes under Acharapakkam town Panchayat, Madhuranthagam Assembly Constituency in Chengalpattu district.","Providing and erecting Mini Highmast ( 10 Meter Height with 6 Nos LED 150W Ladder Type) Elapakkam Road Junction Near Travellers Bunglow comes under Acharapakkam town Panchayat, Madhuranthagam Assembly Constituency in Chengalpattu district.",2025-05-28 00:00:00,,,450000.0,,,,,recommended,missing_parseable_work_id,synthetic,wk_1895baa49d2b
wk_18a51e5aed4a,,RS,Odisha,Odisha,Puri,PURI(DISTRICT COLLECTOR PURI_IDA),PURI,Shri Subhasish Khuntia (2024-30) (2024-2030),SUBHASISH KHUNTIA,RS_SUBHASISH KHUNTIA,,Elected MP,Construction of community centers and community halls,Normal/Others,Normal/Others,,"Construction of Community Hall at Binova Nagar, Talabania, Puri","Construction of Community Hall at Binova Nagar, Talabania, Puri",2025-09-26 00:00:00,,,500000.0,,,,,recommended,missing_parseable_work_id,synthetic,wk_18a51e5aed4a
wk_18b09b4f33aa,,RS,Kerala,Kerala,Malappuram,MALAPPURAM(DISTRICT COLLECTOR MALAPPURAM_IDA),MALAPPURAM,Shri Abdul Wahab (2021-27) (2021-2027),ABDUL WAHAB,RS_ABDUL WAHAB,,Elected MP,"Construction of roads, link roads, pathways or any other road with or without drainage system",Normal/Others,Normal/Others,,"Construction of Karimbanthodi - Kuzhichil Colony road or Pathway, Ward No.02, Wandoor Panchayath","Construction of Karimbanthodi - Kuzhichil Colony road or Pathway, Ward No.02, Wandoor Panchayath",2025-03-11 00:00:00,,,500000.0,,,,,recommended,missing_parseable_work_id,synthetic,wk_18b09b4f33aa
wk_18bf96f6e644,,RS,Kerala,Kerala,Thiruvananthapuram,THIRUVANANTHAPURAM(DISTRICT COLLECTOR THIRUVANANTHAPURAM_IDA),THIRUVANANTHAPURAM,Shri A. A. Rahim (2022-28) (2022-2028),A A RAHIM,RS_A A RAHIM,,Elected MP,Lighting of public spaces,Normal/Others,Normal/Others,,"To provide Minimast Light at Makkulam Junction ,KesavadasaPuram Ward, Thiruvannthapuram Corporation ,Thiruvannthapuram Dist.","To provide Minimast Light at Makkulam Junction ,KesavadasaPuram Ward, Thiruvannthapuram Corporation ,Thiruvannthapuram Dist.",2026-01-08 00:00:00,,,260000.0,,,,,recommended,missing_parseable_work_id,synthetic,wk_18bf96f6e644
wk_18e0e7f7fcbb,,LS,Maharashtra,Maharashtra,Nanded,NANDED(DISTRICT COLLECTOR NANDED_IDA),NANDED,DR KALGE SHIVAJI BANDAPPA,KALGE SHIVAJI BANDAPPA,LS_KALGE SHIVAJI BANDAPPA,LATUR(SC),,"Construction of roads, link roads, pathways or any other road with or without drainage system",Normal/Others,Normal/Others,,"Paver block raod on Ambedkarnagar at Golegaon P.U., Tq. Loha, District Nanded","Paver block raod on Ambedkarnagar at Golegaon P.U., Tq. Loha, District Nanded",2024-10-10 00:00:00,,,500000.0,,,,,recommended,missing_parseable_work_id,synthetic,wk_18e0e7f7fcbb
wk_1901a6d5cd43,,RS,Puducherry,Puducherry,Puducherry,Puducherry(PROJECT DIRECTOR RDA PUDUCHERRY_IDA),PUDUCHERRY,Shri S. Selvaganabathy (2021-27) (2021-2027),S SELVAGANABATHY,RS_S SELVAGANABATHY,,Elected MP,Purchase of books and periodicals for libraries/digitization of library books,Normal/Others,Normal/Others,,French Inthiya Francilirundhu viduvippum inthiyavudan inaippum,French Inthiya Francilirundhu viduvippum inthiyavudan inaippum,2025-09-26 00:00:00,,,150000.0,,,,,recommended,missing_parseable_work_id,synthetic,wk_1901a6d5cd43
wk_19054ee8cbd7,,RS,West Bengal,West Bengal,Malda,Malda(DISTRICT MAGISTRATE MALDA_IDA),MALDA,Shri Samik Bhattacharya (2024-30) (2024-2030),SAMIK BHATTACHARYA,RS_SAMIK BHATTACHARYA,,Elected MP,"Construction of roads, link roads, pathways or any other road with or without drainage system",Normal/Others,Normal/Others,,"Repairing of CC Road from Karnel Hembrom house towards Saresh Mardi House at Boldanga, Baidyapur GP,Habibpur Development Block","Repairing of CC Road from Karnel Hembrom house towards Saresh Mardi House at Boldanga, Baidyapur GP,Habibpur Development Block",2025-10-09 00:00:00,,,400000.0,,,,,recommended,missing_parseable_work_id,synthetic,wk_19054ee8cbd7
wk_1914dc2237c1,,RS,Kerala,Kerala,Kannur,KANNUR(DISTRICT COLLECTOR KANNUR_IDA),KANNUR,Shri Sandosh Kumar P (2022-28) (2022-2028),SANDOSH KUMAR P,RS_SANDOSH KUMAR P,,Elected MP,Construction of public libraries and reading rooms,Trust and Society,Trust and Society,,Construction of building for N E Balaram Public Library,Construction of building for N E Balaram Public Library,2025-09-25 00:00:00,,,2100000.0,,,,,recommended,missing_parseable_work_id,synthetic,wk_1914dc2237c1
wk_198c74864f1c,,RS,Maharashtra,Maharashtra,Nanded,NANDED(DISTRICT COLLECTOR NANDED_IDA),NANDED,Dr. Ajeet Madhavrao Gopchade (2024-30) (2024-2030),AJEET MADHAVRAO GOPCHADE,RS_AJEET MADHAVRAO GOPCHADE,,Elected MP,Construction of community centers and community halls,Normal/Others,Normal/Others,,Construction of Sabhamandap Near Maroti Temple at Kautha Tq. Biloli Dist. Nanded,Construction of Sabhamandap Near Maroti Temple at Kautha Tq. Biloli Dist. Nanded,2025-10-24 00:00:00,,,1000000.0,,,,,recommended,missing_parseable_work_id,synthetic,wk_198c74864f1c
wk_19d63ab297e7,,RS,Maharashtra,Maharashtra,Gondia,GONDIA(DISTRICT COLLECTOR GONDIA_IDA),GONDIA,Shri Praful Patel (2024-30) (2024-2030),PRAFUL PATEL,RS_PRAFUL PATEL,,Elected MP,Installing tube-wells and borewells,Normal/Others,Normal/Others,,BHUTAITOAL (PATHARI) KE HANUMAN CHOWK ME KE BORWELL,BHUTAITOAL (PATHARI) KE HANUMAN CHOWK ME KE BORWELL,2025-06-05 00:00:00,,,140000.0,,,,,recommended,missing_parseable_work_id,synthetic,wk_19d63ab297e7
wk_19f340f5c260,,RS,Telangana,Telangana,Siddipet,SIDDIPET(District Collector Siddipet_IDA),SIDDIPET,Shri Damodar Rao Divakonda (2022-28) (2022-2028),DAMODAR RAO DIVAKONDA,RS_DAMODAR RAO DIVAKONDA,,Elected MP,Construction of buildings for community cultural activities,Normal/Others,Normal/Others,,"Construction of Cultural Activity Center at Potaram Village Dubbak Rural (M), at Siddipet Dist","Construction of Cultural Activity Center at Potaram Village Dubbak Rural (M), at Siddipet Dist",2025-11-25 00:00:00,,,2000000.0,,,,,recommended,missing_parseable_work_id,synthetic,wk_19f340f5c260
wk_1a95251f12dd,,LS,Maharashtra,Maharashtra,Yavatmal,YAVATMAL(DISTRICT COLLECTOR YAVATMAL_IDA),YAVATMAL,Sanjay Uttamrao Deshmukh,SANJAY UTTAMRAO DESHMUKH,LS_SANJAY UTTAMRAO DESHMUKH,YAVATMAL-WASHIM,,Construction of community centers and community halls,Normal/Others,Normal/Others,,"Construction of Sabha mandap/Community hall Near Ghanti Baba nagar, Digras","Construction of Sabha mandap/Community hall Near Ghanti Baba nagar, Digras",2024-10-15 00:00:00,,,500000.0,,,,,recommended,missing_parseable_work_id,synthetic,wk_1a95251f12dd
wk_1aa47d004aae,,RS,Odisha,Odisha,Puri,PURI(DISTRICT COLLECTOR PURI_IDA),PURI,Shri Subhasish Khuntia (2024-30) (2024-2030),SUBHASISH KHUNTIA,RS_SUBHASISH KHUNTIA,,Elected MP,Construction of community centers and community halls,Normal/Others,Normal/Others,,"Construction of Community Center at Luhagada Jaga, Tihadisahi.","Construction of Community Center at Luhagada Jaga, Tihadisahi.",2025-08-28 00:00:00,,,500000.0,,,,,recommended,missing_parseable_work_id,synthetic,wk_1aa47d004aae
wk_1ac219909a39,,LS,Kerala,Kerala,Kottayam,KOTTAYAM(DISTRICT COLLECTOR KOTTAYAM_IDA),KOTTAYAM,ADV K FRANCIS GEORGE,ADV K FRANCIS GEORGE,LS_ADV K FRANCIS GEORGE,KOTTAYAM,,"Construction of roads, link roads, pathways or any other road with or without drainage system",Normal/Others,Normal/Others,,"Construction of Retaining Wall Melukavu Kalappura Para Road, Near Cathedral Church, Melukavu(ST)","Construction of Retaining Wall Melukavu Kalappura Para Road, Near Cathedral Church, Melukavu(ST)",2024-12-20 00:00:00,,,2000000.0,,,,,recommended,missing_parseable_work_id,synthetic,wk_1ac219909a39
wk_1aca167886bb,,RS,Tamil Nadu,Tamil Nadu,Tiruppur,TIRUPPUR(DISTRICT COLLECTOR TIRUPPUR_IDA),TIRUPPUR,Shri Ilaiyaraaja (2022-28) (2022-2028),ILAIYARAAJA,RS_ILAIYARAAJA,,Nominated MP,Construction of community centers and community halls,Normal/Others,Normal/Others,,Construction of Multi Purpose Hall in Sellappampalayam of Keeranur Panchayt,Construction of Multi Purpose Hall in Sellappampalayam of Keeranur Panchayt,2025-12-25 00:00:00,,,1300000.0,,,,,recommended,missing_parseable_work_id,synthetic,wk_1aca167886bb
wk_1afe0029ca66,,RS,Tamil Nadu,Tamil Nadu,Perambalur,PERAMBALUR(DISTRICT COLLECTOR PERAMBALUR_IDA),PERAMBALUR,Smt. Rajathi (2025-31) (2025-2031),RAJATHI,RS_RAJATHI,,Elected MP,Construction of rooms and halls in school and colleges,Normal/Others,Normal/Others,,Construction of 2 class room building to ADW PRIMARY SCHOOL at Velur in Perambalur district,Construction of 2 class room building to ADW PRIMARY SCHOOL at Velur in Perambalur district,2026-01-05 00:00:00,,,4700000.0,,,,,recommended,missing_parseable_work_id,synthetic,wk_1afe0029ca66
wk_1b21bf0cecd6,,RS,Assam,Assam,Sivasagar,SIVASAGAR(Deputy Commissioner Sivsagar_IDA),SIVASAGAR,Shri Pabitra Margherita (2022-28) (2022-2028),PABITRA MARGHERITA,RS_PABITRA MARGHERITA,,Elected MP,Construction of community centers and community halls,Normal/Others,Normal/Others,,CONSTRUCTION OF PARIJAT GASHIKOLA SANSKRITIK KENDRA,CONSTRUCTION OF PARIJAT GASHIKOLA SANSKRITIK KENDRA,2026-01-27 00:00:00,,,250000.0,,,,,recommended,missing_parseable_work_id,synthetic,wk_1b21bf0cecd6
wk_1b54a8d9077a,,RS,Jharkhand,Jharkhand,Ranchi,RANCHI(DEPUTY COMMISSIONER RANCHI_IDA),RANCHI,Smt. Mahua Maji (2022-28) (2022-2028),MAHUA MAJI,RS_MAHUA MAJI,,Elected MP,Construction of additional rooms and halls in the existing public and community building,Repair and Renovation,Repair and Renovation,,"Additonal and Extra Work for Renovation of Minority School operated by Jamiyatul Kuraishi Panchayat in Kuraishi Mohallla, Kantatoli in RMC","Additonal and Extra Work for Renovation of Minority School operated by Jamiyatul Kuraishi Panchayat in Kuraishi Mohallla, Kantatoli in RMC",2025-04-22 00:00:00,,,166950.0,,,,,recommended,missing_parseable_work_id,synthetic,wk_1b54a8d9077a
wk_1b980e582983,,RS,Uttar Pradesh,Uttar Pradesh,Meerut,MEERUT(DISTRICT MAGISTRATE MEERUT_IDA),MEERUT,Shri Jayant Chaudhary (2022-28) (2022-2028),JAYANT CHAUDHARY,RS_JAYANT CHAUDHARY,,Elected MP,Development of playfields and sports grounds,Normal/Others,Normal/Others,,"Construction of a 400m eight-lane synthetic running track in the field of Shri Shaligram Sharma Smarak PG College, Rasna, Meerut","Construction of a 400m eight-lane synthetic running track in the field of Shri Shaligram Sharma Smarak PG College, Rasna, Meerut",2025-11-27 00:00:00,,,10000000.0,,,,,recommended,missing_parseable_work_id,synthetic,wk_1b980e582983
wk_1ba80f42295e,,RS,Maharashtra,Maharashtra,Pune,PUNE(DISTRICT COLLECTOR PUNE_IDA),PUNE,Dr. Medha Vishram Kulkarni (2024-30) (2024-2030),MEDHA VISHRAM KULKARNI,RS_MEDHA VISHRAM KULKARNI,,Elected MP,Setting up public non-conventional energy plants,Trust and Society,Trust and Society,,"Construction of solar power project at Patrakar Bhawan, Navi Peth Pune","Construction of solar power project at Patrakar Bhawan, Navi Peth Pune",2025-09-27 00:00:00,,,1000000.0,,,,,recommended,missing_parseable_work_id,synthetic,wk_1ba80f42295e
wk_1bb651e543a9,,RS,Telangana,Telangana,Siddipet,SIDDIPET(District Collector Siddipet_IDA),SIDDIPET,Shri Damodar Rao Divakonda (2022-28) (2022-2028),DAMODAR RAO DIVAKONDA,RS_DAMODAR RAO DIVAKONDA,,Elected MP,"Construction of roads, link roads, pathways or any other road with or without drainage system",Normal/Others,Normal/Others,,"Laying of CC Road from rear side of Polytechnic Collage to H No.3-92 2 2 at Pusalapalle Road, Gandhinagar Village of Husnbad Mandal Siddipet Dist.","Laying of CC Road from rear side of Polytechnic Collage to H No.3-92 2 2 at Pusalapalle Road, Gandhinagar Village of Husnbad Mandal Siddipet Dist.",2025-05-09 00:00:00,,,5000000.0,,,,,recommended,missing_parseable_work_id,synthetic,wk_1bb651e543a9
wk_1c3745f7c019,,LS,Jammu And Kashmir,Jammu And Kashmir,Doda,DODA(Deputy Commissioner Doda_IDA),DODA,Jitendra Singh,JITENDRA SINGH,LS_JITENDRA SINGH,UDHAMPUR,,Construction of common work sheds/ common covered sitting area,Normal/Others,Normal/Others,,"Construction of yatri shed at near by Kulha- Brassu, Ward no. 6, Pyt. Sindra Tehsil- Bhalla, Chirala, Doda","Construction of yatri shed at near by Kulha- Brassu, Ward no. 6, Pyt. Sindra Tehsil- Bhalla, Chirala, Doda",2024-12-19 00:00:00,,,200000.0,,,,,recommended,missing_parseable_work_id,synthetic,wk_1c3745f7c019
wk_1cac03752256,,RS,Odisha,Odisha,Puri,PURI(DISTRICT COLLECTOR PURI_IDA),PURI,Shri Subhasish Khuntia (2024-30) (2024-2030),SUBHASISH KHUNTIA,RS_SUBHASISH KHUNTIA,,Elected MP,Construction of community centers and community halls,Normal/Others,Normal/Others,,Construction of Barabati Jaga Community Center,Construction of Barabati Jaga Community Center,2025-08-25 00:00:00,,,700000.0,,,,,recommended,missing_parseable_work_id,synthetic,wk_1cac03752256
wk_1ccf2eece861,,RS,Karnataka,Karnataka,Udupi,UDUPI(DEPUTY COMMISSIONER UDUPI_IDA),UDUPI,Dr. Dharmasthala Veerendra Heggade (2022-28) (2022-2028),DHARMASTHALA VEERENDRA HEGGADE,RS_DHARMASTHALA VEERENDRA HEGGADE,,Nominated MP,Construction of rooms and halls in school and colleges,Normal/Others,Normal/Others,,"To undertake the construction work of a new building for the Government Composite High School (Primary Section) located in Moodugiliyaru village, Brahmavar zone, Udupi taluk of Udupi district","To undertake the construction work of a new building for the Government Composite High School (Primary Section) located in Moodugiliyaru village, Brahmavar zone, Udupi taluk of Udupi district",2025-11-25 00:00:00,,,1000000.0,,,,,recommended,missing_parseable_work_id,synthetic,wk_1ccf2eece861
wk_1cee1328f4dd,,LS,Karnataka,Karnataka,Kodagu,KODAGU(Deputy Commsioner Kodagu_ida),KODAGU,YADUVEER KRISHNADATTA CHAMARAJA WADIYAR,YADUVEER KRISHNADATTA CHAMARAJA WADIYAR,LS_YADUVEER KRISHNADATTA CHAMARAJA WADIYAR,MYSORE,,Construction of community centers and community halls,Normal/Others,Normal/Others,,Samudaya Bhavana at Sampaje village Sri. Panhalingeshwara Temple.,Samudaya Bhavana at Sampaje village Sri. Panhalingeshwara Temple.,2024-12-21 00:00:00,,,400000.0,,,,,recommended,missing_parseable_work_id,synthetic,wk_1cee1328f4dd
wk_1cfdc9700bfd,,RS,Madhya Pradesh,Madhya Pradesh,Dewas,DEWAS(DISTRICT COLLECTOR DEWAS_IDA),DEWAS,Shri Vivek K. Tankha (2022-28) (2022-2028),VIVEK K TANKHA,RS_VIVEK K TANKHA,,Elected MP,Construction of community centers and community halls,Bar and Associations,Bar and Associations,,"Abhibhashak Sangh Kannod, Nagar Panchayat Kannod, District Dewas hetu Teen Shed nirman (Mention in letter no. 4025 at column no.1)","Abhibhashak Sangh Kannod, Nagar Panchayat Kannod, District Dewas hetu Teen Shed nirman (Mention in letter no. 4025 at column no.1)",2025-04-19 00:00:00,,,75000.0,,,,,recommended,missing_parseable_work_id,synthetic,wk_1cfdc9700bfd
wk_1d0aba0c1ebf,,RS,Tamil Nadu,Tamil Nadu,Ramanathapuram,RAMANATHAPURAM(DISTRICT COLLECTOR RAMANATHAPURAM_IDA),RAMANATHAPURAM,Shri R. Dharmar (2022-28) (2022-2028),R DHARMAR,RS_R DHARMAR,,Elected MP,Construction of buildings for community cultural activities,Normal/Others,Normal/Others,,Construction of Drama stage at Moolaikarai patti village in Mandalamanickam Panchyat.,Construction of Drama stage at Moolaikarai patti village in Mandalamanickam Panchyat.,2025-12-16 00:00:00,,,1000000.0,,,,,recommended,missing_parseable_work_id,synthetic,wk_1d0aba0c1ebf
wk_1dadea417fe5,,RS,Maharashtra,Maharashtra,Beed,BEED(DISTRICT COLLECTOR BEED_IDA),BEED,Dr. Ajeet Madhavrao Gopchade (2024-30) (2024-2030),AJEET MADHAVRAO GOPCHADE,RS_AJEET MADHAVRAO GOPCHADE,,Elected MP,Crematoriums/energy efficient crematoriums or structures on burial/cremation ground,Normal/Others,Normal/Others,,Construction of Shed in Lingayat Cremation ground of Municipal corporation of Majalgaon Dist. Beed.,Construction of Shed in Lingayat Cremation ground of Municipal corporation of Majalgaon Dist. Beed.,2025-09-25 00:00:00,,,1000000.0,,,,,recommended,missing_parseable_work_id,synthetic,wk_1dadea417fe5
wk_1dbfc4a83256,,LS,West Bengal,West Bengal,North 24 Parganas,North 24 Parganas(DISTRICT MAGISTRATE NORTH TWENTY FOUR PARGANAS_IDA),NORTH 24 PARGANAS,SK NURUL ISLAM,SK NURUL ISLAM,LS_SK NURUL ISLAM,BASIRHAT,,Construction of water tanks,Normal/Others,Normal/Others,,Installation of 3 nos. Arsenic Free Water Tank at different places under Haroa Block (SL.No. 13 to 15),Installation of 3 nos. Arsenic Free Water Tank at different places under Haroa Block (SL.No. 13 to 15),2024-09-05 00:00:00,,,920000.0,,,,,recommended,missing_parseable_work_id,synthetic,wk_1dbfc4a83256
wk_1dc5719864bd,,RS,Kerala,Kerala,Kottayam,KOTTAYAM(DISTRICT COLLECTOR KOTTAYAM_IDA),KOTTAYAM,Shri Haris Beeran (2024-30) (2024-2030),HARIS BEERAN,RS_HARIS BEERAN,,Elected MP,Construction of water tanks,Normal/Others,Normal/Others,,Water Tank Protection Wall Construction (Ownership Kerala Water Authority ),Water Tank Protection Wall Construction (Ownership Kerala Water Authority ),2025-05-29 00:00:00,,,500000.0,,,,,recommended,missing_parseable_work_id,synthetic,wk_1dc5719864bd
wk_1de2960d8af9,,RS,Assam,Assam,Jorhat,JORHAT(DEPUTY COMMISSIONER JORHAT_IDA),JORHAT,Shri Pabitra Margherita (2022-28) (2022-2028),PABITRA MARGHERITA,RS_PABITRA MARGHERITA,,Elected MP,"Construction of roads, link roads, pathways or any other road with or without drainage system",Normal/Others,Normal/Others,,"Construction of Borthakur Chuk Sunari Gaon Path, Sonari Gaon","Construction of Borthakur Chuk Sunari Gaon Path, Sonari Gaon",2025-07-31 00:00:00,,,700000.0,,,,,recommended,missing_parseable_work_id,synthetic,wk_1de2960d8af9
wk_1df09cb6282e,,RS,Odisha,Odisha,Khordha,KHORDHA(DISTRICT COLLECTOR KHORDHA_IDA),KHORDHA,Shri Manas Ranjan Mangaraj (2022-28) (2022-2028),MANAS RANJAN MANGARAJ,RS_MANAS RANJAN MANGARAJ,,Elected MP,Construction of boundary walls of existing public and community buildings,Repair and Renovation,Repair and Renovation,,"Renovation of Boundary wall at Jaripada PHC. Village- Jaripada, GP- Jaripada, Block- Chilika","Renovation of Boundary wall at Jaripada PHC. Village- Jaripada, GP- Jaripada, Block- Chilika",2025-04-28 00:00:00,,,200000.0,,,,,recommended,missing_parseable_work_id,synthetic,wk_1df09cb6282e
wk_1df23110b2a1,,RS,Karnataka,Karnataka,Tumakuru,TUMAKURU(DEPUTY COMMISSIONER TUMKUR_IDA),TUMAKURU,Shri Jaggesh (2022-28) (2022-2028),JAGGESH,RS_JAGGESH,,Elected MP,Providing drains and gutters for public drainage,Normal/Others,Normal/Others,,"C.C.Drainage development work, Mayasandra village, Mayasandra Hobli, Turuvekere Taluk, Tumkur District.","C.C.Drainage development work, Mayasandra village, Mayasandra Hobli, Turuvekere Taluk, Tumkur District.",2024-11-04 00:00:00,,,300000.0,,,,,recommended,missing_parseable_work_id,synthetic,wk_1df23110b2a1
wk_1e0a0e141c22,,LS,Telangana,Telangana,Jagitial,Jagitial(DISTRICT COLLECTOR JAGTIAL_IDA),JAGITIAL,Arvind Dharmapuri,ARVIND DHARMAPURI,LS_ARVIND DHARMAPURI,NIZAMABAD,,Construction of buildings for community cultural activities,Normal/Others,Normal/Others,,Construction of Building for cultural activities at Medipalli,Construction of Building for cultural activities at Medipalli,2024-11-28 00:00:00,,,450000.0,,,,,recommended,missing_parseable_work_id,synthetic,wk_1e0a0e141c22
wk_1eb30bc514d8,,RS,Assam,Assam,Jorhat,JORHAT(DEPUTY COMMISSIONER JORHAT_IDA),JORHAT,Shri Pabitra Margherita (2022-28) (2022-2028),PABITRA MARGHERITA,RS_PABITRA MARGHERITA,,Elected MP,Construction of community centers and community halls,Normal/Others,Normal/Others,,"Development of Borkhat Ranga Mancha, Borkhat Gaon","Development of Borkhat Ranga Mancha, Borkhat Gaon",2025-07-31 00:00:00,,,300000.0,,,,,recommended,missing_parseable_work_id,synthetic,wk_1eb30bc514d8
wk_1edae6e332e2,,RS,Uttarakhand,Uttarakhand,Dehradun,DEHRADUN(DISTRICT MAGISTRATE DEHRADUN_IDA),DEHRADUN,Shri Mahendra Bhatt (2024-30) (2024-2030),MAHENDRA BHATT,RS_MAHENDRA BHATT,,Elected MP,"Construction of roads, link roads, pathways or any other road with or without drainage system",Normal/Others,Normal/Others,,Ward No-77 Majara me dehradun-saharanpur road se baluni academy ki aur jane wala marg ka nirman karya. Karyadai Sanstha- Grameen nirman vibhag Dehradun,Ward No-77 Majara me dehradun-saharanpur road se baluni academy ki aur jane wala marg ka nirman karya. Karyadai Sanstha- Grameen nirman vibhag Dehradun,2025-12-12 00:00:00,,,500000.0,,,,,recommended,missing_parseable_work_id,synthetic,wk_1edae6e332e2
wk_1efd31905696,,RS,Odisha,Odisha,Khordha,KHORDHA(DISTRICT COLLECTOR KHORDHA_IDA),KHORDHA,Shri Subhasish Khuntia (2024-30) (2024-2030),SUBHASISH KHUNTIA,RS_SUBHASISH KHUNTIA,,Elected MP,Crematoriums/energy efficient crematoriums or structures on burial/cremation ground,Repair and Renovation,Repair and Renovation,,Renovation of Chulla of Cremation ground at Tala Sahi Ghatikia,Renovation of Chulla of Cremation ground at Tala Sahi Ghatikia,2025-09-15 00:00:00,,,300000.0,,,,,recommended,missing_parseable_work_id,synthetic,wk_1efd31905696
wk_1f1f9309c83d,,RS,West Bengal,West Bengal,North 24 Parganas,North 24 Parganas(DISTRICT MAGISTRATE NORTH TWENTY FOUR PARGANAS_IDA),NORTH 24 PARGANAS,Shri Samik Bhattacharya (2024-30) (2024-2030),SAMIK BHATTACHARYA,RS_SAMIK BHATTACHARYA,,Elected MP,"Purchase of ambulances (Four, three and two wheelers)",Normal/Others,Normal/Others,,"Provision of an ambulance with advanced life support system(Force Traveler 3350 BS6 2nd Version) for National Institute of Locomotor Disabilities at BT road Bonhoogly,kolkata-700090","Provision of an ambulance with advanced life support system(Force Traveler 3350 BS6 2nd Version) for National Institute of Locomotor Disabilities at BT road Bonhoogly,kolkata-700090",2025-01-18 00:00:00,,,3075000.0,,,,,recommended,missing_parseable_work_id,synthetic,wk_1f1f9309c83d
wk_1f34986172a4,,RS,Tamil Nadu,Tamil Nadu,Thiruvallur,THIRUVALLUR(DISTRICT COLLECTOR TIRUVALLUR_IDA),THIRUVALLUR,Shri R. Girirajan (2022-28) (2022-2028),R GIRIRAJAN,RS_R GIRIRAJAN,,Elected MP,Lighting of public spaces,Normal/Others,Normal/Others,,"Installation of a solar LED high-mast light near the Kollur Selliamman Temple in Eliyambedu Panchayat, Minjur Union, Ponneri Constituency, Thiruvallur District. 9 meters in height, 100 watts (6 units).","Installation of a solar LED high-mast light near the Kollur Selliamman Temple in Eliyambedu Panchayat, Minjur Union, Ponneri Constituency, Thiruvallur District. 9 meters in height, 100 watts (6 units).",2026-01-21 00:00:00,,,550000.0,,,,,recommended,missing_parseable_work_id,synthetic,wk_1f34986172a4
wk_1f3e21cae344,,RS,Bihar,Bihar,Vaishali,VAISHALI(DISTRICT PLANNING OFFICER VAISHALI_IDA),VAISHALI,Shri Sanjay Yadav (2024-30) (2024-2030),SANJAY YADAV,RS_SANJAY YADAV,,Elected MP,Construction of community centers and community halls,Normal/Others,Normal/Others,,"Construction of a community building on the available land in Majhauli Panchayat under Bidupur block, including one borewell with hand pump, one toilet, two urinals, one room (12 x 10), and one large hall.","Construction of a community building on the available land in Majhauli Panchayat under Bidupur block, including one borewell with hand pump, one toilet, two urinals, one room (12 x 10), and one large hall.",2025-09-27 00:00:00,,,1499000.0,,,,,recommended,missing_parseable_work_id,synthetic,wk_1f3e21cae344
wk_1f489eb8be9d,,RS,Uttar Pradesh,Uttar Pradesh,Sambhal,SAMBHAL(DISTRICT MAGISTRAE BHIMNAGAR SAMBHAL_IDA),SAMBHAL,Shri Javed Ali Khan (2022-28) (2022-2028),JAVED ALI KHAN,RS_JAVED ALI KHAN,,Elected MP,Construction of rooms and halls in school and colleges,Normal/Others,Normal/Others,,"MAYADEVI HIGHER SECONDARY SCHOOL, BISHARU, DIST. SAMBHAL CONSTRUCTION OF CLASS ROOMS, Cost= 5,00,000/-","MAYADEVI HIGHER SECONDARY SCHOOL, BISHARU, DIST. SAMBHAL CONSTRUCTION OF CLASS ROOMS, Cost= 5,00,000/-",2024-09-19 00:00:00,,,500000.0,,,,,recommended,missing_parseable_work_id,synthetic,wk_1f489eb8be9d
wk_1f7ba290cec6,,RS,Assam,Assam,Sivasagar,SIVASAGAR(Deputy Commissioner Sivsagar_IDA),SIVASAGAR,Shri Pabitra Margherita (2022-28) (2022-2028),PABITRA MARGHERITA,RS_PABITRA MARGHERITA,,Elected MP,Construction of community centers and community halls,Normal/Others,Normal/Others,,"CONSTRUCTION OF SARASWATI SANSKRITIK KENDRA, 1 NO LINE","CONSTRUCTION OF SARASWATI SANSKRITIK KENDRA, 1 NO LINE",2026-01-27 00:00:00,,,200000.0,,,,,recommended,missing_parseable_work_id,synthetic,wk_1f7ba290cec6
wk_2025303a4291,,RS,Tamil Nadu,Tamil Nadu,Thiruvallur,THIRUVALLUR(DISTRICT COLLECTOR TIRUVALLUR_IDA),THIRUVALLUR,Shri R. Girirajan (2022-28) (2022-2028),R GIRIRAJAN,RS_R GIRIRAJAN,,Elected MP,Lighting of public spaces,Normal/Others,Normal/Others,,"Installation of a mini-mast street light near Perumal Kovil Street, Methipalayam Panchayat, Gummidipoondi Union, Gummidipoondi Assembly Constituency, Thiruvallur District. (9 meters height, 150 W, 6 units)","Installation of a mini-mast street light near Perumal Kovil Street, Methipalayam Panchayat, Gummidipoondi Union, Gummidipoondi Assembly Constituency, Thiruvallur District. (9 meters height, 150 W, 6 units)",2026-01-21 00:00:00,,,300000.0,,,,,recommended,missing_parseable_work_id,synthetic,wk_2025303a4291
wk_203c4f9bc6f3,,RS,Uttar Pradesh,Uttar Pradesh,Azamgarh,AZAMGARH(DISTRICT MAGISTRATE AZAMGARH_IDA),AZAMGARH,Smt. Seema Dwivedi (2020-26) (2020-2026),SEEMA DWIVEDI,RS_SEEMA DWIVEDI,,Elected MP,Purchase of non-conventional energy system and devices for community use,Normal/Others,Normal/Others,,Vikashkhand Atraulia Gram Lohra Me Mangla Singh s/o Late Prem Prakash Singh Ke Ghar Ke Pass 18 Watt 4 Nag LED Wali Solar Light Ka Karya,Vikashkhand Atraulia Gram Lohra Me Mangla Singh s/o Late Prem Prakash Singh Ke Ghar Ke Pass 18 Watt 4 Nag LED Wali Solar Light Ka Karya,2023-09-06 00:00:00,,,126000.0,,,,,recommended,missing_parseable_work_id,synthetic,wk_203c4f9bc6f3
wk_2044d09169a5,,RS,Maharashtra,Maharashtra,Nashik,NASHIK(DISTRICT COLLECTOR NASHIK_IDA),NASHIK,Shri Milind Murli Deora (2024-30) (2024-2030),MILIND MURLI DEORA,RS_MILIND MURLI DEORA,,Elected MP,"Construction of roads, link roads, pathways or any other road with or without drainage system",Normal/Others,Normal/Others,,Construction of Concrete Road,Construction of Concrete Road,2025-05-15 00:00:00,,,500000.0,,,,,recommended,missing_parseable_work_id,synthetic,wk_2044d09169a5
wk_205e47cf117c,,RS,Kerala,Kerala,Ernakulam,ERNAKULAM(DISTRICT COLLECTOR ERNAKULAM_IDA),ERNAKULAM,Shri Jose K. Mani (2024-30) (2024-2030),JOSE K MANI,RS_JOSE K MANI,,Elected MP,Lighting of public spaces,Normal/Others,Normal/Others,,Installation of Mini Mast Light near Thekkummel Lakshamveedu Nagar,Installation of Mini Mast Light near Thekkummel Lakshamveedu Nagar,2025-10-23 00:00:00,,,200000.0,,,,,recommended,missing_parseable_work_id,synthetic,wk_205e47cf117c
wk_206cc828f11f,,RS,Madhya Pradesh,Madhya Pradesh,Jabalpur,JABALPUR(DISTRICT COLLECTOR JABALPUR_IDA),JABALPUR,Smt. Sumitra Balmik (2022-28) (2022-2028),SUMITRA BALMIK,RS_SUMITRA BALMIK,,Elected MP,Providing drains and gutters for public drainage,Normal/Others,Normal/Others,,"CC drain construction work from Vijay Paras' house to the drain, Nirmal Chand Ward, Jabalpur","CC drain construction work from Vijay Paras' house to the drain, Nirmal Chand Ward, Jabalpur",2025-01-03 00:00:00,,,150000.0,,,,,recommended,missing_parseable_work_id,synthetic,wk_206cc828f11f
wk_20756770f596,,RS,Uttar Pradesh,Uttar Pradesh,Sultanpur,SULTANPUR(DISTRICT MAGISTRATE SULTANPUR_IDA),SULTANPUR,Shri Kapil Sibal (2022-28) (2022-2028),KAPIL SIBAL,RS_KAPIL SIBAL,,Elected MP,Construction of rooms and halls in school and colleges,Normal/Others,Normal/Others,,Construction of Classrooms at Savitri Devi Memorial Public School,Construction of Classrooms at Savitri Devi Memorial Public School,2025-07-16 00:00:00,,,1000000.0,,,,,recommended,missing_parseable_work_id,synthetic,wk_20756770f596
wk_20906765ad9e,,RS,Odisha,Odisha,Khordha,KHORDHA(DISTRICT COLLECTOR KHORDHA_IDA),KHORDHA,Shri Manas Ranjan Mangaraj (2022-28) (2022-2028),MANAS RANJAN MANGARAJ,RS_MANAS RANJAN MANGARAJ,,Elected MP,Construction of community centers and community halls,Repair and Renovation,Repair and Renovation,,Completion of Naligadia Mandapsahi Community Center.,Completion of Naligadia Mandapsahi Community Center.,2025-04-28 00:00:00,,,200000.0,,,,,recommended,missing_parseable_work_id,synthetic,wk_20906765ad9e
wk_20c91eac1ee0,,LS,West Bengal,West Bengal,North 24 Parganas,North 24 Parganas(DISTRICT MAGISTRATE NORTH TWENTY FOUR PARGANAS_IDA),NORTH 24 PARGANAS,SK NURUL ISLAM,SK NURUL ISLAM,LS_SK NURUL ISLAM,BASIRHAT,,Construction of water tanks,Normal/Others,Normal/Others,,Installation of Arsenic Free Water Tank and others development at different places at Gopalpur I G.P under Haroa Block (SLNo. 48 to 50),Installation of Arsenic Free Water Tank and others development at different places at Gopalpur I G.P under Haroa Block (SLNo. 48 to 50),2024-09-05 00:00:00,,,850000.0,,,,,recommended,missing_parseable_work_id,synthetic,wk_20c91eac1ee0
wk_2103789253b2,,LS,Uttar Pradesh,Uttar Pradesh,Auraiya,AURAIYA(DISTRICT MAGISTRATE AURAIYA_IDA),AURAIYA,AKHILESH YADAV,AKHILESH YADAV,LS_AKHILESH YADAV,KANNAUJ,,Lighting of public spaces,Normal/Others,Normal/Others,,"Installation work of a solar power Light in the main street in front of the house of Shri Ramvatar Dubey, Village Ariyari Development Block, Sahar District, Auraiya. Mob.-7017162032 By-Shri Pramod Kumar Savita","Installation work of a solar power Light in the main street in front of the house of Shri Ramvatar Dubey, Village Ariyari Development Block, Sahar District, Auraiya. Mob.-7017162032 By-Shri Pramod Kumar Savita",2024-12-10 00:00:00,,,15500.0,,,,,recommended,missing_parseable_work_id,synthetic,wk_2103789253b2
wk_213276b2af3b,,LS,Goa,Goa,North Goa,NORTH GOA(DISTRICT COLLECTOR NORTH GOA_IDA),NORTH GOA,Shripad Yesso Naik,SHRIPAD YESSO NAIK,LS_SHRIPAD YESSO NAIK,NORTH GOA,,"Purchase of hearse van (Four, three and two wheelers)",Normal/Others,Normal/Others,,Providing Hearse Van ( Four Wheeler) to V.P Honda,Providing Hearse Van ( Four Wheeler) to V.P Honda,2024-12-06 00:00:00,,,1662700.0,,,,,recommended,missing_parseable_work_id,synthetic,wk_213276b2af3b
wk_21998e996def,,RS,Karnataka,Karnataka,Chikkamagaluru,CHIKKAMAGALURU(DEPUTY COMMISSIONER CHIKMAGALUR),CHIKKAMAGALURU,Shri Jairam Ramesh (2022-28) (2022-2028),JAIRAM RAMESH,RS_JAIRAM RAMESH,,Elected MP,Construction of community centers and community halls,Normal/Others,Normal/Others,,To construct a public community hall of Raghavendra Badavane N R Pura Town,To construct a public community hall of Raghavendra Badavane N R Pura Town,2025-02-28 00:00:00,,,2500000.0,,,,,recommended,missing_parseable_work_id,synthetic,wk_21998e996def
wk_21bb1f8b5dfc,,RS,Kerala,Kerala,Malappuram,MALAPPURAM(DISTRICT COLLECTOR MALAPPURAM_IDA),MALAPPURAM,Shri Abdul Wahab (2021-27) (2021-2027),ABDUL WAHAB,RS_ABDUL WAHAB,,Elected MP,"Purchase of IT systems, including hardware and software for educational purposes",Normal/Others,Normal/Others,,"Purchasing of computers and invertor for GUP School, Chokkad, Chokkad Panchayath","Purchasing of computers and invertor for GUP School, Chokkad, Chokkad Panchayath",2025-07-21 00:00:00,,,350000.0,,,,,recommended,missing_parseable_work_id,synthetic,wk_21bb1f8b5dfc
wk_21caaed0ee6f,,LS,Kerala,Kerala,Alappuzha,ALAPPUZHA(DISTRICT COLLECTOR ALAPPUZHA_IDA),ALAPPUZHA,K. C VENUGOPAL,K C VENUGOPAL,LS_K C VENUGOPAL,ALAPPUZHA,,Construction of buildings for crèches and anganwadies,Normal/Others,Normal/Others,,Construction of a building for Anganwadi in the 12th ward of Kayamkulam Municipality,Construction of a building for Anganwadi in the 12th ward of Kayamkulam Municipality,2024-09-06 00:00:00,,,1500000.0,,,,,recommended,missing_parseable_work_id,synthetic,wk_21caaed0ee6f
wk_220c2dc1c847,,RS,Uttar Pradesh,Uttar Pradesh,Kushinagar,Kushinagar(DISTRICT MAGISTRATE KUSHINAGAR PADRAUNA_IDA),KUSHINAGAR,Shri Ratanjit Pratap Narain Singh (2024-30) (2024-2030),RATANJIT PRATAP NARAIN SINGH,RS_RATANJIT PRATAP NARAIN SINGH,,Elected MP,Construction of rooms and halls in school and colleges,Trust and Society,Trust and Society,,"Kisan Intermediate College Gauri Jagdish, Dudhi, District Kushinagar me bhawan nirman hetu.","Kisan Intermediate College Gauri Jagdish, Dudhi, District Kushinagar me bhawan nirman hetu.",2025-11-15 00:00:00,,,400000.0,,,,,recommended,missing_parseable_work_id,synthetic,wk_220c2dc1c847
wk_22117bbd3d77,,RS,Kerala,Kerala,Kozhikode,KOZHIKODE(DISTRICT COLLECTOR KOZHIKODE_IDA),KOZHIKODE,Shri Abdul Wahab (2021-27) (2021-2027),ABDUL WAHAB,RS_ABDUL WAHAB,,Elected MP,"Purchase of IT systems, including hardware and software for educational purposes",Normal/Others,Normal/Others,,"Setting up of computer lab and smart class rooms at JDT Islam High School, Ward No.11, Kozhikode Municipal Corporation","Setting up of computer lab and smart class rooms at JDT Islam High School, Ward No.11, Kozhikode Municipal Corporation",2025-04-12 00:00:00,,,1000000.0,,,,,recommended,missing_parseable_work_id,synthetic,wk_22117bbd3d77
wk_22142ffa3b3d,,LS,Puducherry,Puducherry,Puducherry,Puducherry(PROJECT DIRECTOR RDA PUDUCHERRY_IDA),PUDUCHERRY,Vaithilingam Ve,VAITHILINGAM VE,LS_VAITHILINGAM VE,Puducherry,,"Construction of roads, link roads, pathways or any other road with or without drainage system",Normal/Others,Normal/Others,,"Improvements to the road and drainage facilities at Ilango street, Karpagam Street, Amirtham Street, Bharathiar Street-2nd Street at Jayamurthiraja Nagar extension, Pondicherry Municipality, Puducherry.","Improvements to the road and drainage facilities at Ilango street, Karpagam Street, Amirtham Street, Bharathiar Street-2nd Street at Jayamurthiraja Nagar extension, Pondicherry Municipality, Puducherry.",2024-10-29 00:00:00,,,2980000.0,,,,,recommended,missing_parseable_work_id,synthetic,wk_22142ffa3b3d
wk_225d0f33ed33,,RS,Uttar Pradesh,Uttar Pradesh,Lucknow,LUCKNOW(DISTRICT MAGISTRAE LUCKNOW_IDA),LUCKNOW,Dr. Dinesh Sharma (2023-26) (2023-2026),DINESH SHARMA,RS_DINESH SHARMA,,Elected MP,Construction of rooms and halls in school and colleges,Normal/Others,Normal/Others,,Please see the enclosed letter from Professor Rashmi Bishnoi Principal Netaji Subhash Chandra Bose Government Womens Postgraduate College requesting the construction of an administrative room for the BBA course offered at the college. In this regard the construction of an administrative room for the BBA course offered at Netaji Subhash Chandra Bose Government Womens Postgraduate College is proposed from my MPLAD fund.,Please see the enclosed letter from Professor Rashmi Bishnoi Principal Netaji Subhash Chandra Bose Government Womens Postgraduate College requesting the construction of an administrative room for the BBA course offered at the college. In this regard the construction of an administrative room for the BBA course offered at Netaji Subhash Chandra Bose Government Womens Postgraduate College is proposed from my MPLAD fund.,2025-11-21 00:00:00,,,1500000.0,,,,,recommended,missing_parseable_work_id,synthetic,wk_225d0f33ed33
wk_22859b42dd12,,RS,Assam,Assam,Jorhat,JORHAT(DEPUTY COMMISSIONER JORHAT_IDA),JORHAT,Shri Pabitra Margherita (2022-28) (2022-2028),PABITRA MARGHERITA,RS_PABITRA MARGHERITA,,Elected MP,Construction of community centers and community halls,Normal/Others,Normal/Others,,"Construction of Dekagiri Jubak Sangha Prekhyagriha, Rajahawil","Construction of Dekagiri Jubak Sangha Prekhyagriha, Rajahawil",2025-07-31 00:00:00,,,500000.0,,,,,recommended,missing_parseable_work_id,synthetic,wk_22859b42dd12
wk_22912bbb12ef,,RS,Maharashtra,Maharashtra,Pune,PUNE(DISTRICT COLLECTOR PUNE_IDA),PUNE,Dr. Medha Vishram Kulkarni (2024-30) (2024-2030),MEDHA VISHRAM KULKARNI,RS_MEDHA VISHRAM KULKARNI,,Elected MP,Construction of bus-sheds or bus-stops,Normal/Others,Normal/Others,,Establishment of a bus stop at Pashan Naka Down,Establishment of a bus stop at Pashan Naka Down,2025-11-20 00:00:00,,,1000000.0,,,,,recommended,missing_parseable_work_id,synthetic,wk_22912bbb12ef
wk_22ac6a3bd375,,RS,Assam,Assam,Sivasagar,SIVASAGAR(Deputy Commissioner Sivsagar_IDA),SIVASAGAR,Shri Pabitra Margherita (2022-28) (2022-2028),PABITRA MARGHERITA,RS_PABITRA MARGHERITA,,Elected MP,Construction of additional rooms and halls in the existing public and community building,Normal/Others,Normal/Others,,"CONSTRUCTION OF 1 NO LINE GRAM CULTURAL CENTRE, HALUWATING BAGISA, HALUWATING GRANT","CONSTRUCTION OF 1 NO LINE GRAM CULTURAL CENTRE, HALUWATING BAGISA, HALUWATING GRANT",2025-03-17 00:00:00,,,400000.0,,,,,recommended,missing_parseable_work_id,synthetic,wk_22ac6a3bd375
wk_22b039439edb,,LS,Tamil Nadu,Tamil Nadu,Ranipet,"Ranipet(District Collector, Ranipet_2)",RANIPET,S. Jagathrakshakan,S JAGATHRAKSHAKAN,LS_S JAGATHRAKSHAKAN,ARAKKONAM,,Construction of buildings for crèches and anganwadies,Normal/Others,Normal/Others,,"construction of Anganwadi building in nemili,Vanniyar road","construction of Anganwadi building in nemili,Vanniyar road",2024-12-19 00:00:00,,,1550000.0,,,,,recommended,missing_parseable_work_id,synthetic,wk_22b039439edb
wk_22f448a8f778,,RS,Odisha,Odisha,Khordha,KHORDHA(DISTRICT COLLECTOR KHORDHA_IDA),KHORDHA,Shri Manas Ranjan Mangaraj (2022-28) (2022-2028),MANAS RANJAN MANGARAJ,RS_MANAS RANJAN MANGARAJ,,Elected MP,"Construction of roads, link roads, pathways or any other road with or without drainage system",Repair and Renovation,Repair and Renovation,,Completion of CC road from Bibhu Maharana House to Aurobinda Integal Education School.,Completion of CC road from Bibhu Maharana House to Aurobinda Integal Education School.,2025-04-28 00:00:00,,,200000.0,,,,,recommended,missing_parseable_work_id,synthetic,wk_22f448a8f778
wk_22f66b0338a0,,RS,Kerala,Kerala,Kannur,KANNUR(DISTRICT COLLECTOR KANNUR_IDA),KANNUR,Shri C. Sadanandan Master (2025-31) (2025-2031),C SADANANDAN MASTER,RS_C SADANANDAN MASTER,,Nominated MP,Construction of common work sheds/ common covered sitting area,Trust and Society,Trust and Society,,"Construction of common sitting area with for Sreemathanikethan, a community institution for old age women run and managed by Dharmabharathi Charitable Trust paving interlocking cement blocks with a masonry parapet on outer side of the courtyard, at Akkamparamba,Kambiveli in Vattakkayam ward in Iritty Municipality, Iritty Block, Chavassery Village, Kannur District","Construction of common sitting area with for Sreemathanikethan, a community institution for old age women run and managed by Dharmabharathi Charitable Trust paving interlocking cement blocks with a masonry parapet on outer side of the courtyard, at Akkamparamba,Kambiveli in Vattakkayam ward in Iritty Municipality, Iritty Block, Chavassery Village, Kannur District",2026-01-18 00:00:00,,,700000.0,,,,,recommended,missing_parseable_work_id,synthetic,wk_22f66b0338a0
wk_22fe4340fc3f,,RS,Gujarat,Gujarat,Mahesana,MAHESANA(DISTRICT COLLECTOR MAHESANA_IDA),MAHESANA,Shri Mayankkumar Nayak (2024-30) (2024-2030),MAYANKKUMAR NAYAK,RS_MAYANKKUMAR NAYAK,,Elected MP,Setting up public non-conventional energy plants,Trust and Society,Trust and Society,,For the work of solar rooftop in the girls hostel run by Shri Bavisi Kadva Patidar Samaj Seva Trust kuvasana village,For the work of solar rooftop in the girls hostel run by Shri Bavisi Kadva Patidar Samaj Seva Trust kuvasana village,2025-08-29 00:00:00,,,500000.0,,,,,recommended,missing_parseable_work_id,synthetic,wk_22fe4340fc3f
wk_232a661f67a8,,RS,Maharashtra,Maharashtra,Pune,PUNE(DISTRICT COLLECTOR PUNE_IDA),PUNE,Dr. Medha Vishram Kulkarni (2024-30) (2024-2030),MEDHA VISHRAM KULKARNI,RS_MEDHA VISHRAM KULKARNI,,Elected MP,Construction of bus-sheds or bus-stops,Normal/Others,Normal/Others,,"Ward 11 Establishment of a bus stop at Dahanukar Colony, Kothrud Down","Ward 11 Establishment of a bus stop at Dahanukar Colony, Kothrud Down",2025-11-26 00:00:00,,,1000000.0,,,,,recommended,missing_parseable_work_id,synthetic,wk_232a661f67a8
wk_2349966ead8e,,RS,Uttar Pradesh,Uttar Pradesh,Kushinagar,Kushinagar(DISTRICT MAGISTRATE KUSHINAGAR PADRAUNA_IDA),KUSHINAGAR,Shri Ratanjit Pratap Narain Singh (2024-30) (2024-2030),RATANJIT PRATAP NARAIN SINGH,RS_RATANJIT PRATAP NARAIN SINGH,,Elected MP,Improvement of electricity distribution infrastructure,Normal/Others,Normal/Others,,GP NAHAR CHHAPRA ME KUMAR BHAGAT TOLA ME 63 KVA KE TRANSFORMER KE LIYE,GP NAHAR CHHAPRA ME KUMAR BHAGAT TOLA ME 63 KVA KE TRANSFORMER KE LIYE,2025-06-13 00:00:00,,,193397.0,,,,,recommended,missing_parseable_work_id,synthetic,wk_2349966ead8e
wk_235a631a3f62,,RS,Maharashtra,Maharashtra,Pune,PUNE(DISTRICT COLLECTOR PUNE_IDA),PUNE,Dr. Medha Vishram Kulkarni (2024-30) (2024-2030),MEDHA VISHRAM KULKARNI,RS_MEDHA VISHRAM KULKARNI,,Elected MP,Construction of veterinary hospitals and dispensaries,Normal/Others,Normal/Others,,"Purchase of 7 Gaseous Veterinary Anaesthesia System and Electric Cautary for the Office of Assistant Commissioner Jashu Samvardhan District Veterinary Hospital Aundh, Pune","Purchase of 7 Gaseous Veterinary Anaesthesia System and Electric Cautary for the Office of Assistant Commissioner Jashu Samvardhan District Veterinary Hospital Aundh, Pune",2025-09-15 00:00:00,,,1000000.0,,,,,recommended,missing_parseable_work_id,synthetic,wk_235a631a3f62
wk_2367d2b36295,,LS,Goa,Goa,North Goa,NORTH GOA(DISTRICT COLLECTOR NORTH GOA_IDA),NORTH GOA,Shripad Yesso Naik,SHRIPAD YESSO NAIK,LS_SHRIPAD YESSO NAIK,NORTH GOA,,"Purchase of prosthetics, wheel chairs, tricycles (manual or motorized), elect scooties, hearing aids",Normal/Others,Normal/Others,,Provide Artificial limb left side to Smt Prajyoti Pradeep Amonkar,Provide Artificial limb left side to Smt Prajyoti Pradeep Amonkar,2024-12-05 00:00:00,,,126000.0,,,,,recommended,missing_parseable_work_id,synthetic,wk_2367d2b36295
wk_237c2568dfd0,,LS,Tamil Nadu,Tamil Nadu,Ranipet,"Ranipet(District Collector, Ranipet_2)",RANIPET,S. Jagathrakshakan,S JAGATHRAKSHAKAN,LS_S JAGATHRAKSHAKAN,ARAKKONAM,,"Construction of roads, link roads, pathways or any other road with or without drainage system",Normal/Others,Normal/Others,,Construction of Cement Road,Construction of Cement Road,2024-12-19 00:00:00,,,500000.0,,,,,recommended,missing_parseable_work_id,synthetic,wk_237c2568dfd0
wk_2426aa44c75f,,RS,Odisha,Odisha,Mayurbhanj,MAYURBHANJ(DISTRICT COLLECTOR MAYURBHANJ_IDA),MAYURBHANJ,Smt. Sulata Deo (2022-28) (2022-2028),SULATA DEO,RS_SULATA DEO,,Elected MP,"Construction of roads, link roads, pathways or any other road with or without drainage system",Normal/Others,Normal/Others,,Construction of CC Road from Chandan Murmu House to Jagannath Singh House at Khadikapada Betnoti Block Village Khadikapada GP Anla ITDA Baripada,Construction of CC Road from Chandan Murmu House to Jagannath Singh House at Khadikapada Betnoti Block Village Khadikapada GP Anla ITDA Baripada,2025-05-29 00:00:00,,,200000.0,,,,,recommended,missing_parseable_work_id,synthetic,wk_2426aa44c75f
wk_246f5fa3f801,,RS,Madhya Pradesh,Madhya Pradesh,Sidhi,SIDHI(DISTRICT COLLECTOR SIDHI_IDA),SIDHI,Shri Ashok Singh (2024-30) (2024-2030),ASHOK SINGH,RS_ASHOK SINGH,,Elected MP,Installing hand pumps,Normal/Others,Normal/Others,,Installing hand pumps Sub Dist Rampur Naikin Dist Sidhi Madhya Pradesh,Installing hand pumps Sub Dist Rampur Naikin Dist Sidhi Madhya Pradesh,2025-05-06 00:00:00,,,141000.0,,,,,recommended,missing_parseable_work_id,synthetic,wk_246f5fa3f801
wk_248e57cdf139,,LS,Telangana,Telangana,Medchal Malkajgiri,MEDCHAL MALKAJGIRI(DISTRICT COLLECTOR MEDCHAL MALKAJGIRI_IDA),MEDCHAL MALKAJGIRI,EATALA RAJENDER,EATALA RAJENDER,LS_EATALA RAJENDER,MALKAJGIRI,,"Construction of roads, link roads, pathways or any other road with or without drainage system",Normal/Others,Normal/Others,,"Laying of CC Roads in Road No. 4, 10 and 6 in Presidency Avenue Colony, Old Alwal, Division No. 133 Alwal Circle - 27, Medchal Malkajgiri District.","Laying of CC Roads in Road No. 4, 10 and 6 in Presidency Avenue Colony, Old Alwal, Division No. 133 Alwal Circle - 27, Medchal Malkajgiri District.",2024-11-30 00:00:00,,,3200000.0,,,,,recommended,missing_parseable_work_id,synthetic,wk_248e57cdf139
wk_24cc210980ba,,RS,Kerala,Kerala,Malappuram,MALAPPURAM(DISTRICT COLLECTOR MALAPPURAM_IDA),MALAPPURAM,Smt. Jebi Mather Hisham (2022-28) (2022-2028),JEBI MATHER HISHAM,RS_JEBI MATHER HISHAM,,Elected MP,"Construction of roads, link roads, pathways or any other road with or without drainage system",Normal/Others,Normal/Others,,"Construction of Maruthankod - Smashanam Idavazhi Road, Chokkad Grama Panchayath","Construction of Maruthankod - Smashanam Idavazhi Road, Chokkad Grama Panchayath",2025-07-29 00:00:00,,,500000.0,,,,,recommended,missing_parseable_work_id,synthetic,wk_24cc210980ba
wk_24da34b769c1,,RS,Odisha,Odisha,Baleshwar,Baleshwar(DISTRICT COLLECTOR BALESHWAR_IDA),BALESHWAR,Smt. Sulata Deo (2022-28) (2022-2028),SULATA DEO,RS_SULATA DEO,,Elected MP,Construction of community centers and community halls,Normal/Others,Normal/Others,,Completion of CRC Centre near Kantaghara Chhaka at Antara,Completion of CRC Centre near Kantaghara Chhaka at Antara,2025-05-28 00:00:00,,,200000.0,,,,,recommended,missing_parseable_work_id,synthetic,wk_24da34b769c1
wk_24e72af13df1,,RS,Karnataka,Karnataka,Tumakuru,TUMAKURU(DEPUTY COMMISSIONER TUMKUR_IDA),TUMAKURU,Shri G.C. Chandrashekhar (2024-30) (2024-2030),G C CHANDRASHEKHAR,RS_G C CHANDRASHEKHAR,,Elected MP,Street lights,Normal/Others,Normal/Others,,"Installation of High Mask Light at tumkur district, Turuvekere talluk, Kasaba Hobali, Anenkere grama panchayath, Mallaghatta village","Installation of High Mask Light at tumkur district, Turuvekere talluk, Kasaba Hobali, Anenkere grama panchayath, Mallaghatta village",2025-10-28 00:00:00,,,300000.0,,,,,recommended,missing_parseable_work_id,synthetic,wk_24e72af13df1
wk_2540e65b9d2c,,RS,Tamil Nadu,Tamil Nadu,Coimbatore,COIMBATORE(DISTRICT COLLECTOR COIMBATORE_IDA),COIMBATORE,Shri I.S. Inbadurai (2025-31) (2025-2031),I S INBADURAI,RS_I S INBADURAI,,Elected MP,Providing drains and gutters for public drainage,Normal/Others,Normal/Others,,Construction of concrete footpath and rainwater drain with culvert at nagrajapuram amman nagar and mattasalai east area ward no 6 vedapatti town panchayat,Construction of concrete footpath and rainwater drain with culvert at nagrajapuram amman nagar and mattasalai east area ward no 6 vedapatti town panchayat,2025-11-21 00:00:00,,,1730000.0,,,,,recommended,missing_parseable_work_id,synthetic,wk_2540e65b9d2c
wk_2592a1c6300e,,RS,Kerala,Kerala,Malappuram,MALAPPURAM(DISTRICT COLLECTOR MALAPPURAM_IDA),MALAPPURAM,Shri Abdul Wahab (2021-27) (2021-2027),ABDUL WAHAB,RS_ABDUL WAHAB,,Elected MP,"Construction of roads, link roads, pathways or any other road with or without drainage system",Normal/Others,Normal/Others,,"Construction of Umerali Shihab Thangal Smaraka road or pathway, Ward No. 36, Malappuram Muni cipality","Construction of Umerali Shihab Thangal Smaraka road or pathway, Ward No. 36, Malappuram Muni cipality",2025-02-24 00:00:00,,,2500000.0,,,,,recommended,missing_parseable_work_id,synthetic,wk_2592a1c6300e
wk_25b140e3c433,,LS,Telangana,Telangana,Nizamabad,NIZAMABAD(DISTRICT COLLECTOR NIZAMABAD_IDA),NIZAMABAD,Arvind Dharmapuri,ARVIND DHARMAPURI,LS_ARVIND DHARMAPURI,NIZAMABAD,,Construction of community centers and community halls,Normal/Others,Normal/Others,,Construction of community hall near Ambedkar Mala Sangham,Construction of community hall near Ambedkar Mala Sangham,2024-12-18 00:00:00,,,350000.0,,,,,recommended,missing_parseable_work_id,synthetic,wk_25b140e3c433
wk_2601de39f589,,RS,Kerala,Kerala,Wayanad,WAYANAD(DISTRICT COLLECTOR WAYANAD_IDA),WAYANAD,Shri C. Sadanandan Master (2025-31) (2025-2031),C SADANANDAN MASTER,RS_C SADANANDAN MASTER,,Nominated MP,Lighting of public spaces,Normal/Others,Normal/Others,,"Lighting of Public spaces Installation of mini mast light at Koodallur junction near building no. 77E, 11th ward in Irulam village, Poothadi Panchayath of Sulthan Bathery Thaluk, Wayanad District","Lighting of Public spaces Installation of mini mast light at Koodallur junction near building no. 77E, 11th ward in Irulam village, Poothadi Panchayath of Sulthan Bathery Thaluk, Wayanad District",2026-01-18 00:00:00,,,300000.0,,,,,recommended,missing_parseable_work_id,synthetic,wk_2601de39f589
wk_267865bb440b,,RS,Karnataka,Karnataka,Shivamogga,SHIVAMOGGA(DEPUTY COMMISSIONER SHIMOGA_IDA),SHIVAMOGGA,Dr. Dharmasthala Veerendra Heggade (2022-28) (2022-2028),DHARMASTHALA VEERENDRA HEGGADE,RS_DHARMASTHALA VEERENDRA HEGGADE,,Nominated MP,Construction of community centers and community halls,Normal/Others,Normal/Others,,"To continue the further construction works of the community hall within the premises of the District Vokkaliga Association, Shivamogga City, Shivamogga District.","To continue the further construction works of the community hall within the premises of the District Vokkaliga Association, Shivamogga City, Shivamogga District.",2025-11-08 00:00:00,,,2500000.0,,,,,recommended,missing_parseable_work_id,synthetic,wk_267865bb440b
wk_269e631d6d9a,,RS,Kerala,Kerala,Ernakulam,ERNAKULAM(DISTRICT COLLECTOR ERNAKULAM_IDA),ERNAKULAM,Shri Haris Beeran (2024-30) (2024-2030),HARIS BEERAN,RS_HARIS BEERAN,,Elected MP,"Construction of roads, link roads, pathways or any other road with or without drainage system",Normal/Others,Normal/Others,,Renovation of South Pidavoor - Arakkapady Link Road .,Renovation of South Pidavoor - Arakkapady Link Road .,2025-09-10 00:00:00,,,500000.0,,,,,recommended,missing_parseable_work_id,synthetic,wk_269e631d6d9a
wk_26b7ac7bd60b,,LS,Karnataka,Karnataka,Kodagu,KODAGU(Deputy Commsioner Kodagu_ida),KODAGU,YADUVEER KRISHNADATTA CHAMARAJA WADIYAR,YADUVEER KRISHNADATTA CHAMARAJA WADIYAR,LS_YADUVEER KRISHNADATTA CHAMARAJA WADIYAR,MYSORE,,Purchase Books for Library,Bar and Associations,Bar and Associations,,Purchase Books for Court Library Madikeri.,Purchase Books for Court Library Madikeri.,2024-12-21 00:00:00,,,50000.0,,,,,recommended,missing_parseable_work_id,synthetic,wk_26b7ac7bd60b
wk_26caa91ca86e,,RS,Maharashtra,Maharashtra,Nanded,NANDED(DISTRICT COLLECTOR NANDED_IDA),NANDED,Dr. Ajeet Madhavrao Gopchade (2024-30) (2024-2030),AJEET MADHAVRAO GOPCHADE,RS_AJEET MADHAVRAO GOPCHADE,,Elected MP,Construction of rooms and halls in school and colleges,Trust and Society,Trust and Society,,"Construction of rooms to the Shri Ganesh Shikshan Sanstha Sanchalit Lal Bahadur Shastri Vidyalaya, Kasrali, Tq. Biloli, Dist. Nanded","Construction of rooms to the Shri Ganesh Shikshan Sanstha Sanchalit Lal Bahadur Shastri Vidyalaya, Kasrali, Tq. Biloli, Dist. Nanded",2025-09-25 00:00:00,,,1300000.0,,,,,recommended,missing_parseable_work_id,synthetic,wk_26caa91ca86e
wk_271d451b4054,,RS,Uttar Pradesh,Uttar Pradesh,Sultanpur,SULTANPUR(DISTRICT MAGISTRATE SULTANPUR_IDA),SULTANPUR,Shri Kapil Sibal (2022-28) (2022-2028),KAPIL SIBAL,RS_KAPIL SIBAL,,Elected MP,Construction of rooms and halls in school and colleges,Normal/Others,Normal/Others,,"Construction of Classrooms at Savitri Devi Memorial Public School, Daudpur, Devrajpur, District Sultanpur","Construction of Classrooms at Savitri Devi Memorial Public School, Daudpur, Devrajpur, District Sultanpur",2025-07-22 00:00:00,,,1000000.0,,,,,recommended,missing_parseable_work_id,synthetic,wk_271d451b4054
wk_27340823f364,,RS,Telangana,Telangana,Jangoan,JANGOAN(DISTRICT COLLECTOR JANGAON_IDA),JANGOAN,Shri Ravi Chandra Vaddiraju (2024-30) (2024-2030),RAVI CHANDRA VADDIRAJU,RS_RAVI CHANDRA VADDIRAJU,,Elected MP,Construction of community centers and community halls,Normal/Others,Normal/Others,,"Construction of Community Hall Near SC Colony, Palakurthy (V&M), Jangaon District.","Construction of Community Hall Near SC Colony, Palakurthy (V&M), Jangaon District.",2024-10-18 00:00:00,,,499000.0,,,,,recommended,missing_parseable_work_id,synthetic,wk_27340823f364
wk_278e2b1b7127,,RS,Bihar,Bihar,Vaishali,VAISHALI(DISTRICT PLANNING OFFICER VAISHALI_IDA),VAISHALI,Shri Sanjay Yadav (2024-30) (2024-2030),SANJAY YADAV,RS_SANJAY YADAV,,Elected MP,Construction of common work sheds/ common covered sitting area,Normal/Others,Normal/Others,,Construction of a twelve-foot high roofed platform with a hand pump on the available government land in Fatehpur Panchayat under Raghopur Block.,Construction of a twelve-foot high roofed platform with a hand pump on the available government land in Fatehpur Panchayat under Raghopur Block.,2025-09-02 00:00:00,,,1499000.0,,,,,recommended,missing_parseable_work_id,synthetic,wk_278e2b1b7127
wk_27b196d76c57,,RS,Goa,Goa,North Goa,NORTH GOA(DISTRICT COLLECTOR NORTH GOA_IDA),NORTH GOA,Shri Sadanand Mhalu Shet Tanavade (2023-29) (2023-2029),SADANAND MHALU SHET TANAVADE,RS_SADANAND MHALU SHET TANAVADE,,Elected MP,Purchase of vans and buses for educational institutions,Normal/Others,Normal/Others,,"School Bus for Keshava Seva Sadhana, Narayan Zantye School for Special Children, Vathadev, Sarvan, Bicholim. North Goa, Goa.","School Bus for Keshava Seva Sadhana, Narayan Zantye School for Special Children, Vathadev, Sarvan, Bicholim. North Goa, Goa.",2025-12-09 00:00:00,,,2636654.0,,,,,recommended,missing_parseable_work_id,synthetic,wk_27b196d76c57
wk_2842527b4adb,,RS,Uttar Pradesh,Uttar Pradesh,Mirzapur,MIRZAPUR(DISTRICT MAGISTRATE MIRZAPUR_IDA),MIRZAPUR,Smt. Sangeeta Yadav (2022-28) (2022-2028),SANGEETA YADAV,RS_SANGEETA YADAV,,Elected MP,Installing hand pumps,Normal/Others,Normal/Others,,installation of hand pump at the said location in the attached letter,installation of hand pump at the said location in the attached letter,2025-11-15 00:00:00,,,40000.0,,,,,recommended,missing_parseable_work_id,synthetic,wk_2842527b4adb
wk_28509a2c5481,,RS,Kerala,Kerala,Ernakulam,ERNAKULAM(DISTRICT COLLECTOR ERNAKULAM_IDA),ERNAKULAM,Shri Abdul Wahab (2021-27) (2021-2027),ABDUL WAHAB,RS_ABDUL WAHAB,,Elected MP,Construction of buildings for crèches and anganwadies,Normal/Others,Normal/Others,,"Construction of new building for Anganavadi, ward no.04, Kadungalloor Panchayath","Construction of new building for Anganavadi, ward no.04, Kadungalloor Panchayath",2025-03-16 00:00:00,,,1500000.0,,,,,recommended,missing_parseable_work_id,synthetic,wk_28509a2c5481
wk_2855b98fdb9d,,RS,Odisha,Odisha,Khordha,KHORDHA(DISTRICT COLLECTOR KHORDHA_IDA),KHORDHA,Shri Manas Ranjan Mangaraj (2022-28) (2022-2028),MANAS RANJAN MANGARAJ,RS_MANAS RANJAN MANGARAJ,,Elected MP,"Construction of roads, link roads, pathways or any other road with or without drainage system",Repair and Renovation,Repair and Renovation,,Completion of CC road from Sesa Pradhan house to Harekrushna Pradhan house.,Completion of CC road from Sesa Pradhan house to Harekrushna Pradhan house.,2025-04-28 00:00:00,,,200000.0,,,,,recommended,missing_parseable_work_id,synthetic,wk_2855b98fdb9d
wk_287fe18c6713,,RS,Kerala,Kerala,Kannur,KANNUR(DISTRICT COLLECTOR KANNUR_IDA),KANNUR,Shri C. Sadanandan Master (2025-31) (2025-2031),C SADANANDAN MASTER,RS_C SADANANDAN MASTER,,Nominated MP,Lighting of public spaces,Normal/Others,Normal/Others,,Installation Of High mast light,Installation Of High mast light,2025-11-06 00:00:00,,,500000.0,,,,,recommended,missing_parseable_work_id,synthetic,wk_287fe18c6713
wk_287fef15f940,,RS,Odisha,Odisha,Kataka,Kataka(DISTRICT COLLECTOR CUTTACK_IDA),KATAKA,Shri Manas Ranjan Mangaraj (2022-28) (2022-2028),MANAS RANJAN MANGARAJ,RS_MANAS RANJAN MANGARAJ,,Elected MP,Construction of community centers and community halls,Normal/Others,Normal/Others,,"Construction of Podabara community center in ward no. 49, CMC, District- Cuttack","Construction of Podabara community center in ward no. 49, CMC, District- Cuttack",2025-06-07 00:00:00,,,150000.0,,,,,recommended,missing_parseable_work_id,synthetic,wk_287fef15f940
wk_288a86ba5080,,LS,Odisha,Odisha,Khordha,KHORDHA(DISTRICT COLLECTOR KHORDHA_IDA),KHORDHA,Smt Aparajita Sarangi,APARAJITA SARANGI,LS_APARAJITA SARANGI,BHUBANESWAR,,Construction of public libraries and reading rooms,Normal/Others,Normal/Others,,"Block-Khordha, Construction of Public Library Hall at village-Kapileswarpur, GP-Pubusahi","Block-Khordha, Construction of Public Library Hall at village-Kapileswarpur, GP-Pubusahi",2024-12-22 00:00:00,,,500000.0,,,,,recommended,missing_parseable_work_id,synthetic,wk_288a86ba5080
wk_28984badd8f3,,RS,Kerala,Kerala,Kannur,KANNUR(DISTRICT COLLECTOR KANNUR_IDA),KANNUR,Shri Sandosh Kumar P (2022-28) (2022-2028),SANDOSH KUMAR P,RS_SANDOSH KUMAR P,,Elected MP,Lighting of public spaces,Normal/Others,Normal/Others,,"Installation of high mast Light (12 mts, 150w,5 bulbs) in Ambedkar Colony at Ward No.14 Valakkai Chengalayi Village","Installation of high mast Light (12 mts, 150w,5 bulbs) in Ambedkar Colony at Ward No.14 Valakkai Chengalayi Village",2025-06-10 00:00:00,,,400000.0,,,,,recommended,missing_parseable_work_id,synthetic,wk_28984badd8f3
wk_2898ddc0e179,,RS,Madhya Pradesh,Madhya Pradesh,Dewas,DEWAS(DISTRICT COLLECTOR DEWAS_IDA),DEWAS,Shri Vivek K. Tankha (2022-28) (2022-2028),VIVEK K TANKHA,RS_VIVEK K TANKHA,,Elected MP,Purchase Books for Library,Bar and Associations,Bar and Associations,,"Abhibhashak Sangh Khategaon, Nagar Parishad Khategaon, District Dewas ki Library hetu Books ki Khrid (mention in letter no.4024 at column no.2)","Abhibhashak Sangh Khategaon, Nagar Parishad Khategaon, District Dewas ki Library hetu Books ki Khrid (mention in letter no.4024 at column no.2)",2025-04-19 00:00:00,,,25000.0,,,,,recommended,missing_parseable_work_id,synthetic,wk_2898ddc0e179
wk_28e54fd67bae,,RS,Telangana,Telangana,Mahabubabad,MAHABUBABAD(DISTRICT COLLECTOR MAHABUBABAD_IDA),MAHABUBABAD,Shri Ravi Chandra Vaddiraju (2024-30) (2024-2030),RAVI CHANDRA VADDIRAJU,RS_RAVI CHANDRA VADDIRAJU,,Elected MP,"Construction of roads, link roads, pathways or any other road with or without drainage system",Normal/Others,Normal/Others,,"Laying of CC Road from Thodeti Mallaiah (H) to Narra Veeranna (H) at Chinnamuppram(V), Inugurthy(M)","Laying of CC Road from Thodeti Mallaiah (H) to Narra Veeranna (H) at Chinnamuppram(V), Inugurthy(M)",2025-05-25 00:00:00,,,499000.0,,,,,recommended,missing_parseable_work_id,synthetic,wk_28e54fd67bae
wk_28f4a66a3651,,RS,Assam,Assam,Sivasagar,SIVASAGAR(Deputy Commissioner Sivsagar_IDA),SIVASAGAR,Shri Pabitra Margherita (2022-28) (2022-2028),PABITRA MARGHERITA,RS_PABITRA MARGHERITA,,Elected MP,Construction of community centers and community halls,Normal/Others,Normal/Others,,CONSTRUCTION OF DUPDOR ABHOIPURIA GAON SANSKRITIK KENDRA BORAHIBARI,CONSTRUCTION OF DUPDOR ABHOIPURIA GAON SANSKRITIK KENDRA BORAHIBARI,2026-01-27 00:00:00,,,500000.0,,,,,recommended,missing_parseable_work_id,synthetic,wk_28f4a66a3651
wk_291451a86373,,RS,Maharashtra,Maharashtra,Kolhapur,KOLHAPUR(DISTRICT COLLECTOR KOLHAPUR_IDA),KOLHAPUR,Shri Dhananjay Bhimrao Mahadik (2022-28) (2022-2028),DHANANJAY BHIMRAO MAHADIK,RS_DHANANJAY BHIMRAO MAHADIK,,Elected MP,"Construction of roads, link roads, pathways or any other road with or without drainage system",Normal/Others,Normal/Others,,"Construction of internal roads, gutters","Construction of internal roads, gutters",2026-01-12 00:00:00,,,500000.0,,,,,recommended,missing_parseable_work_id,synthetic,wk_291451a86373
wk_2977018d2b8e,,RS,Assam,Assam,Sivasagar,SIVASAGAR(Deputy Commissioner Sivsagar_IDA),SIVASAGAR,Shri Pabitra Margherita (2022-28) (2022-2028),PABITRA MARGHERITA,RS_PABITRA MARGHERITA,,Elected MP,Construction of community centers and community halls,Normal/Others,Normal/Others,,CONSTRUCTION OF CHARAIDEO BAGISA SITOLA SANSKRITIK KENDRA,CONSTRUCTION OF CHARAIDEO BAGISA SITOLA SANSKRITIK KENDRA,2026-01-27 00:00:00,,,300000.0,,,,,recommended,missing_parseable_work_id,synthetic,wk_2977018d2b8e
wk_297b4d7aa69e,,RS,Assam,Assam,Sivasagar,SIVASAGAR(Deputy Commissioner Sivsagar_IDA),SIVASAGAR,Shri Pabitra Margherita (2022-28) (2022-2028),PABITRA MARGHERITA,RS_PABITRA MARGHERITA,,Elected MP,Construction of community centers and community halls,Normal/Others,Normal/Others,,Construction of Sibbari Sanskritik Kendra,Construction of Sibbari Sanskritik Kendra,2026-01-27 00:00:00,,,250000.0,,,,,recommended,missing_parseable_work_id,synthetic,wk_297b4d7aa69e
wk_29e911eaee05,,RS,Kerala,Kerala,Malappuram,MALAPPURAM(DISTRICT COLLECTOR MALAPPURAM_IDA),MALAPPURAM,Shri Abdul Wahab (2021-27) (2021-2027),ABDUL WAHAB,RS_ABDUL WAHAB,,Elected MP,"Construction of roads, link roads, pathways or any other road with or without drainage system",Normal/Others,Normal/Others,,"Drinking water scheme at Theyyathumpadam SC Colony, Ward No.13, Edakkara Panchayat (SC)","Drinking water scheme at Theyyathumpadam SC Colony, Ward No.13, Edakkara Panchayat (SC)",2025-04-12 00:00:00,,,500000.0,,,,,recommended,missing_parseable_work_id,synthetic,wk_29e911eaee05
wk_29f9269aa864,,RS,Madhya Pradesh,Madhya Pradesh,Satna,SATNA(DISTRICT COLLECTOR SATNA_IDA),SATNA,Shri Vivek K. Tankha (2022-28) (2022-2028),VIVEK K TANKHA,RS_VIVEK K TANKHA,,Elected MP,Construction of rooms and halls in school and colleges,Normal/Others,Normal/Others,,"Saraswati Jyoti Vidya Mandir Ucchtar Madhyamik Vidyalaya Babupur, District Satna main Shri Gyan Lok Seva Hitkarini Shiksha Samiti dwara sanchalit School Registration no. R.S.2909 main Kaksh Nirman hetu, Satna","Saraswati Jyoti Vidya Mandir Ucchtar Madhyamik Vidyalaya Babupur, District Satna main Shri Gyan Lok Seva Hitkarini Shiksha Samiti dwara sanchalit School Registration no. R.S.2909 main Kaksh Nirman hetu, Satna",2025-07-19 00:00:00,,,400000.0,,,,,recommended,missing_parseable_work_id,synthetic,wk_29f9269aa864
wk_2a0c7be2e782,,RS,Kerala,Kerala,Malappuram,MALAPPURAM(DISTRICT COLLECTOR MALAPPURAM_IDA),MALAPPURAM,Shri Abdul Wahab (2021-27) (2021-2027),ABDUL WAHAB,RS_ABDUL WAHAB,,Elected MP,"Purchase of IT systems, including hardware and software for educational purposes",Normal/Others,Normal/Others,,"Purchasing of Computers for GLPS Poolapadam, Pothukallu Panchayat","Purchasing of Computers for GLPS Poolapadam, Pothukallu Panchayat",2026-01-15 00:00:00,,,250000.0,,,,,recommended,missing_parseable_work_id,synthetic,wk_2a0c7be2e782
wk_2a24222b3c1d,,RS,Gujarat,Gujarat,Sabar Kantha,SABAR KANTHA(DISTRICT COLLECTOR SABARKANTHA_IDA),SABAR KANTHA,Shri Mayankkumar Nayak (2024-30) (2024-2030),MAYANKKUMAR NAYAK,RS_MAYANKKUMAR NAYAK,,Elected MP,"Construction of roads, link roads, pathways or any other road with or without drainage system",Normal/Others,Normal/Others,,Construction of R.C.C. road from Gujarat Engineering College towards Vajapur (Dalpur),Construction of R.C.C. road from Gujarat Engineering College towards Vajapur (Dalpur),2026-01-03 00:00:00,,,500000.0,,,,,recommended,missing_parseable_work_id,synthetic,wk_2a24222b3c1d
wk_2a3b88ab1053,,RS,Delhi,Delhi,South,SOUTH(COMMISSIONER SOUTH),SOUTH,Dr. Meenakshi Jain (2025-31) (2025-2031),MEENAKSHI JAIN,RS_MEENAKSHI JAIN,,Nominated MP,Tree plantation for community,Normal/Others,Normal/Others,,PURCHASE OF TREE PRUNING MACHINE,PURCHASE OF TREE PRUNING MACHINE,2025-12-09 00:00:00,,,750000.0,,,,,recommended,missing_parseable_work_id,synthetic,wk_2a3b88ab1053
wk_2a6e3532a67f,,RS,Maharashtra,Maharashtra,Pune,PUNE(DISTRICT COLLECTOR PUNE_IDA),PUNE,Dr. Medha Vishram Kulkarni (2024-30) (2024-2030),MEDHA VISHRAM KULKARNI,RS_MEDHA VISHRAM KULKARNI,,Elected MP,Construction of bus-sheds or bus-stops,Normal/Others,Normal/Others,,"Establishment of a bus stop at Yashwantrao Chavan Natyagruha, Kothrud Down.","Establishment of a bus stop at Yashwantrao Chavan Natyagruha, Kothrud Down.",2025-11-26 00:00:00,,,1000000.0,,,,,recommended,missing_parseable_work_id,synthetic,wk_2a6e3532a67f
wk_2aacf794a36d,,RS,Maharashtra,Maharashtra,Amravati,AMRAVATI(DISTRICT COLLECTOR AMRAVATI_IDA),AMRAVATI,Dr. Anil Sukhdeorao Bonde (2022-28) (2022-2028),ANIL SUKHDEORAO BONDE,RS_ANIL SUKHDEORAO BONDE,,Elected MP,Development of public parks,Normal/Others,Normal/Others,,"Development of public park at Vichori, Morshi with Compound wall and pevour block","Development of public park at Vichori, Morshi with Compound wall and pevour block",2025-04-28 00:00:00,,,1000000.0,,,,,recommended,missing_parseable_work_id,synthetic,wk_2aacf794a36d
wk_2af210cffbdf,,LS,Karnataka,Karnataka,Tumakuru,TUMAKURU(DEPUTY COMMISSIONER TUMKUR_IDA),TUMAKURU,DR C N MANJUNATH,C N MANJUNATH,LS_C N MANJUNATH,BANGALORE RURAL,,Construction of veterinary hospitals and dispensaries,Repair and Renovation,Repair and Renovation,,"Repair and Renovation of veterinary hospital at Thavarekere, Kunigal Taluk, Tumakur District, Karnataka State.","Repair and Renovation of veterinary hospital at Thavarekere, Kunigal Taluk, Tumakur District, Karnataka State.",2024-10-17 00:00:00,,,500000.0,,,,,recommended,missing_parseable_work_id,synthetic,wk_2af210cffbdf
wk_2b4398af7fa3,,RS,Uttar Pradesh,Uttar Pradesh,Moradabad,MORADABAD(DISTRICT MAGISTRATE MORADABAD_IDA),MORADABAD,Shri Surendra Singh Nagar (2022-28) (2022-2028),SURENDRA SINGH NAGAR,RS_SURENDRA SINGH NAGAR,,Elected MP,Lighting of public spaces,Normal/Others,Normal/Others,,Lighting of Public Spaces-( Two light wali) Village Khatapur me Shiv mandir ke pass. Working Agency-Uttar Pradesh Small Industries Corporation LTD Muradabad,Lighting of Public Spaces-( Two light wali) Village Khatapur me Shiv mandir ke pass. Working Agency-Uttar Pradesh Small Industries Corporation LTD Muradabad,2023-08-31 00:00:00,,,127000.0,,,,,recommended,missing_parseable_work_id,synthetic,wk_2b4398af7fa3
wk_2b4cd2b7980e,,RS,Gujarat,Gujarat,Surendranagar,SURENDRANAGAR(DISTRICT COLLECTOR SURENDRANAGAR_IDA),SURENDRANAGAR,Shri Babubhai Jesangbhai Desai (2023-29) (2023-2029),BABUBHAI JESANGBHAI DESAI,RS_BABUBHAI JESANGBHAI DESAI,,Elected MP,Construction of rooms and halls in school and colleges,Normal/Others,Normal/Others,,Facilities of ancillary equipment in the library at Bakshipanch Kumar Hostel (Missing facility)(2023-24),Facilities of ancillary equipment in the library at Bakshipanch Kumar Hostel (Missing facility)(2023-24),2024-09-13 00:00:00,,,500000.0,,,,,recommended,missing_parseable_work_id,synthetic,wk_2b4cd2b7980e
wk_2b6daf49f234,,LS,Maharashtra,Maharashtra,Mumbai,MUMBAI(DISTRICT COLLECTOR MUMBAI CITY_IDA),MUMBAI,Arvind Ganpat Sawant,ARVIND GANPAT SAWANT,LS_ARVIND GANPAT SAWANT,MUMBAI SOUTH,,Construction of community centers and community halls,Normal/Others,Normal/Others,,sahkar building dockyard road byculla community hall,sahkar building dockyard road byculla community hall,2024-10-08 00:00:00,,,1800000.0,,,,,recommended,missing_parseable_work_id,synthetic,wk_2b6daf49f234
wk_2b742c4bc865,,LS,Karnataka,Karnataka,Kodagu,KODAGU(Deputy Commsioner Kodagu_ida),KODAGU,YADUVEER KRISHNADATTA CHAMARAJA WADIYAR,YADUVEER KRISHNADATTA CHAMARAJA WADIYAR,LS_YADUVEER KRISHNADATTA CHAMARAJA WADIYAR,MYSORE,,Construction of community centers and community halls,Normal/Others,Normal/Others,,Community Hall Construction,Community Hall Construction,2024-12-21 00:00:00,,,500000.0,,,,,recommended,missing_parseable_work_id,synthetic,wk_2b742c4bc865
wk_2b8f6c610f5a,,RS,Jharkhand,Jharkhand,Lohardaga,LOHARDAGA(DEPUTY COMMISSIONER LOHARDAGA_IDA),LOHARDAGA,Shri Aditya Prasad (2022-28) (2022-2028),ADITYA PRASAD,RS_ADITYA PRASAD,,Elected MP,Construction of community centers and community halls,Normal/Others,Normal/Others,,Construction of teli dharmshala near krishi market in B.I.D. in lohardaga district,Construction of teli dharmshala near krishi market in B.I.D. in lohardaga district,2025-07-05 00:00:00,,,1000000.0,,,,,recommended,missing_parseable_work_id,synthetic,wk_2b8f6c610f5a
wk_2bb86b980447,,RS,Karnataka,Karnataka,Bengaluru Urban,BENGALURU URBAN(DEPUTY COMMISSIONER BANGALORE URBAN_IDA),BENGALURU URBAN,Shri G.C. Chandrashekhar (2024-30) (2024-2030),G C CHANDRASHEKHAR,RS_G C CHANDRASHEKHAR,,Elected MP,Installing tube-wells and borewells,Normal/Others,Normal/Others,,"Installation of HP Motor Pump and Pipe line at Ward no.61, Bangalore District, Gandhinagar Assembly Constituency","Installation of HP Motor Pump and Pipe line at Ward no.61, Bangalore District, Gandhinagar Assembly Constituency",2026-01-03 00:00:00,,,300000.0,,,,,recommended,missing_parseable_work_id,synthetic,wk_2bb86b980447
wk_2bd3ea285b4d,,RS,Karnataka,Karnataka,Bagalkote,BAGALKOTE(DEPUTY COMMISSIONER BAGALKOT_IDA),BAGALKOTE,Shri Narayanasa K. Bhandage (2024-30) (2024-2030),NARAYANASA K BHANDAGE,RS_NARAYANASA K BHANDAGE,,Elected MP,Purchase of furniture and fixtures for educational purposes,Normal/Others,Normal/Others,,Purchase of furniture and fixtures for educational purposes to Government First Grade College in Bagalkote.,Purchase of furniture and fixtures for educational purposes to Government First Grade College in Bagalkote.,2025-12-14 00:00:00,,,210000.0,,,,,recommended,missing_parseable_work_id,synthetic,wk_2bd3ea285b4d
wk_2bd54c6b0c2d,,RS,Bihar,Bihar,Sitamarhi,SITAMARHI(DISTRICT PLANNING OFFICER SITAMARHI_IDA),SITAMARHI,Dr. Bhim Singh (2024-30) (2024-2030),BHIM SINGH,RS_BHIM SINGH,,Elected MP,Construction of common work sheds/ common covered sitting area,Normal/Others,Normal/Others,,Construction work of 20 feet x15 feet covered community Chaupal,Construction work of 20 feet x15 feet covered community Chaupal,2025-11-27 00:00:00,,,530000.0,,,,,recommended,missing_parseable_work_id,synthetic,wk_2bd54c6b0c2d
wk_2bf086f7bea1,,LS,Goa,Goa,North Goa,NORTH GOA(DISTRICT COLLECTOR NORTH GOA_IDA),NORTH GOA,Shripad Yesso Naik,SHRIPAD YESSO NAIK,LS_SHRIPAD YESSO NAIK,NORTH GOA,,"Purchase of prosthetics, wheel chairs, tricycles (manual or motorized), elect scooties, hearing aids",Normal/Others,Normal/Others,,"Three Wheeler bike to Shri Christopher D R Fernandes, Miramar, Panaji","Three Wheeler bike to Shri Christopher D R Fernandes, Miramar, Panaji",2024-12-05 00:00:00,,,130000.0,,,,,recommended,missing_parseable_work_id,synthetic,wk_2bf086f7bea1
wk_2c1492fb383a,,LS,West Bengal,West Bengal,Kolkata,KOLKATA(COMMISSIONER KOLKATA MUNICIPAL CORPORATION_IDA),KOLKATA,Shri Abhishek Banerjee,ABHISHEK BANERJEE,LS_ABHISHEK BANERJEE,DIAMOND HARBOUR,,"Construction of roads, link roads, pathways or any other road with or without drainage system",Normal/Others,Normal/Others,,Construction of CC Road with Drain Holding No. Z-3/238/123 to Z-3/238/125 Bagdi Para Road. (150 mtr),Construction of CC Road with Drain Holding No. Z-3/238/123 to Z-3/238/125 Bagdi Para Road. (150 mtr),2024-09-05 00:00:00,,,500000.0,,,,,recommended,missing_parseable_work_id,synthetic,wk_2c1492fb383a
wk_2c40344da776,,RS,Karnataka,Karnataka,Belagavi,BELAGAVI(DEPUTY COMMISSIONER BELGAUM_IDA),BELAGAVI,Shri Jairam Ramesh (2022-28) (2022-2028),JAIRAM RAMESH,RS_JAIRAM RAMESH,,Elected MP,Construction of rooms and halls in school and colleges,Normal/Others,Normal/Others,,Village Nesaragi Tahashil. Bailhongal,Village Nesaragi Tahashil. Bailhongal,2025-09-19 00:00:00,,,1700000.0,,,,,recommended,missing_parseable_work_id,synthetic,wk_2c40344da776
wk_2c5550953b8b,,RS,Maharashtra,Maharashtra,Nanded,NANDED(DISTRICT COLLECTOR NANDED_IDA),NANDED,Shri Ashokrao Shankarrao Chavan (2024-30) (2024-2030),ASHOKRAO SHANKARRAO CHAVAN,RS_ASHOKRAO SHANKARRAO CHAVAN,,Elected MP,Installation of fixed garden gym equipment,Normal/Others,Normal/Others,,"Installation of exercise material (open gym) in the open space of Gram Panchayat at Mauje Mendhala (Khu.), Taluka Ardhapur, District Nanded","Installation of exercise material (open gym) in the open space of Gram Panchayat at Mauje Mendhala (Khu.), Taluka Ardhapur, District Nanded",2024-12-15 00:00:00,,,700000.0,,,,,recommended,missing_parseable_work_id,synthetic,wk_2c5550953b8b
wk_2c9a33a18fbf,,RS,Maharashtra,Maharashtra,Hingoli,HINGOLI(DISTRICT COLLECTOR HINGOLI_IDA),HINGOLI,Dr. Anil Sukhdeorao Bonde (2022-28) (2022-2028),ANIL SUKHDEORAO BONDE,RS_ANIL SUKHDEORAO BONDE,,Elected MP,Construction of rooms and halls in school and colleges,Normal/Others,Normal/Others,,Construction of rooms in Z P School at KAwardadi tq Sengaon,Construction of rooms in Z P School at KAwardadi tq Sengaon,2024-10-05 00:00:00,,,2500000.0,,,,,recommended,missing_parseable_work_id,synthetic,wk_2c9a33a18fbf
wk_2cb1f0599f1a,,RS,Andhra Pradesh,Andhra Pradesh,Y.S.R. Kadapa,Y.S.R. Kadapa(DISTRICT COLLECTOR CUDDAPAH_IDA),Y.S.R. KADAPA,Shri S Niranjan Reddy (2022-28) (2022-2028),S NIRANJAN REDDY,RS_S NIRANJAN REDDY,,Elected MP,Construction of additional rooms and halls in the existing public and community building,Normal/Others,Normal/Others,,"Providing additional amenities for Community Hall, Ward No.32, Pulivendula Municipality, YSR Kadapa Distric","Providing additional amenities for Community Hall, Ward No.32, Pulivendula Municipality, YSR Kadapa Distric",2025-12-11 00:00:00,,,5000000.0,,,,,recommended,missing_parseable_work_id,synthetic,wk_2cb1f0599f1a
wk_2d1b13be2468,,RS,Odisha,Odisha,Khordha,KHORDHA(DISTRICT COLLECTOR KHORDHA_IDA),KHORDHA,Dr. Sasmit Patra (2022-28) (2022-2028),SASMIT PATRA,RS_SASMIT PATRA,,Elected MP,Construction of rooms and halls in school and colleges,Normal/Others,Normal/Others,,"Construction of two additional classrooms of the B.B. Govt Vocational Higher Secondary School for the Visually Impaired, Unit-3, Bhubaneswar","Construction of two additional classrooms of the B.B. Govt Vocational Higher Secondary School for the Visually Impaired, Unit-3, Bhubaneswar",2024-01-26 00:00:00,,,1500000.0,,,,,recommended,missing_parseable_work_id,synthetic,wk_2d1b13be2468
wk_2d2beff8cd33,,LS,Madhya Pradesh,Madhya Pradesh,Dindori,DINDORI(District Collector Dindori_IDA),DINDORI,Faggan Singh Kulaste,FAGGAN SINGH KULASTE,LS_FAGGAN SINGH KULASTE,MANDLA(ST),,Construction of community centers and community halls,Normal/Others,Normal/Others,,"Gram Panchayat bahadur, janpad panchayat mehandwani me panchayat bhawan ke pas sanskritik bhawan nirman","Gram Panchayat bahadur, janpad panchayat mehandwani me panchayat bhawan ke pas sanskritik bhawan nirman",2024-12-12 00:00:00,,,300000.0,,,,,recommended,missing_parseable_work_id,synthetic,wk_2d2beff8cd33
wk_2da21de82902,,RS,Uttarakhand,Uttarakhand,Almora,ALMORA(DISTRICT MAGISTRATE ALMORA_IDA),ALMORA,Shri Naresh Bansal (2020-26) (2020-2026),NARESH BANSAL,RS_NARESH BANSAL,,Elected MP,Installing tube-wells and borewells,Normal/Others,Normal/Others,,"Shri Ram sanskrit vidyapeeth,Shri Ram Mandir,ranikhet , jhula devi mandir ke pass sarvjanik sthan mein nya boring pump","Shri Ram sanskrit vidyapeeth,Shri Ram Mandir,ranikhet , jhula devi mandir ke pass sarvjanik sthan mein nya boring pump",2025-11-17 00:00:00,,,500000.0,,,,,recommended,missing_parseable_work_id,synthetic,wk_2da21de82902
wk_2db1382c4d6e,,LS,Karnataka,Karnataka,Kodagu,KODAGU(Deputy Commsioner Kodagu_ida),KODAGU,YADUVEER KRISHNADATTA CHAMARAJA WADIYAR,YADUVEER KRISHNADATTA CHAMARAJA WADIYAR,LS_YADUVEER KRISHNADATTA CHAMARAJA WADIYAR,MYSORE,,Construction of community centers and community halls,Normal/Others,Normal/Others,,Construction of Bhagavathi temple Community Hall,Construction of Bhagavathi temple Community Hall,2024-12-21 00:00:00,,,400000.0,,,,,recommended,missing_parseable_work_id,synthetic,wk_2db1382c4d6e
wk_2de52df3c61b,,LS,Tamil Nadu,Tamil Nadu,Tiruppur,TIRUPPUR(DISTRICT COLLECTOR TIRUPPUR_IDA),TIRUPPUR,K E PRAKASH,K E PRAKASH,LS_K E PRAKASH,ERODE,,Development of playground,Normal/Others,Normal/Others,,Construction of a small sports center in the sivanmalai panchayat of Kangeyam panchayat union (2024-25),Construction of a small sports center in the sivanmalai panchayat of Kangeyam panchayat union (2024-25),2024-12-04 00:00:00,,,2500000.0,,,,,recommended,missing_parseable_work_id,synthetic,wk_2de52df3c61b
wk_2de735344da1,,RS,Assam,Assam,Chirang,CHIRANG(Deputy Commissioner Chirang_IDA),CHIRANG,Shri Rwngwra Narzary (2022-28) (2022-2028),RWNGWRA NARZARY,RS_RWNGWRA NARZARY,,Elected MP,Development of playfields and sports grounds,Normal/Others,Normal/Others,,"Development of Panchagram Foot ball play ground under Dangtal VCDC, chirang.","Development of Panchagram Foot ball play ground under Dangtal VCDC, chirang.",2026-01-03 00:00:00,,,600000.0,,,,,recommended,missing_parseable_work_id,synthetic,wk_2de735344da1
wk_2df8611fb7ff,,LS,Telangana,Telangana,Medchal Malkajgiri,MEDCHAL MALKAJGIRI(DISTRICT COLLECTOR MEDCHAL MALKAJGIRI_IDA),MEDCHAL MALKAJGIRI,EATALA RAJENDER,EATALA RAJENDER,LS_EATALA RAJENDER,MALKAJGIRI,,"Construction of roads, link roads, pathways or any other road with or without drainage system",Repair and Renovation,Repair and Renovation,,"Re-carpeting of BT road at AWHO colony in ward no.135, Alwal Circle, GHMC, Medchal-Malkajgiri District","Re-carpeting of BT road at AWHO colony in ward no.135, Alwal Circle, GHMC, Medchal-Malkajgiri District",2024-11-11 00:00:00,,,1500000.0,,,,,recommended,missing_parseable_work_id,synthetic,wk_2df8611fb7ff
wk_2e209fc75f8c,,RS,Maharashtra,Maharashtra,Amravati,AMRAVATI(DISTRICT COLLECTOR AMRAVATI_IDA),AMRAVATI,Dr. Anil Sukhdeorao Bonde (2022-28) (2022-2028),ANIL SUKHDEORAO BONDE,RS_ANIL SUKHDEORAO BONDE,,Elected MP,Construction of community centers and community halls,Normal/Others,Normal/Others,,Construction of Hall At Lihida,Construction of Hall At Lihida,2025-09-20 00:00:00,,,2000000.0,,,,,recommended,missing_parseable_work_id,synthetic,wk_2e209fc75f8c
wk_2e2d6f19791b,,RS,Gujarat,Gujarat,Patan,PATAN(DISTRICT COLLECTOR PATAN_IDA),PATAN,Shri Mayankkumar Nayak (2024-30) (2024-2030),MAYANKKUMAR NAYAK,RS_MAYANKKUMAR NAYAK,,Elected MP,Construction of rooms and halls in school and colleges,Normal/Others,Normal/Others,,For the work of prayer room in Shri A.G. Arya Vidya Bharti Grant in Aid School at Patan,For the work of prayer room in Shri A.G. Arya Vidya Bharti Grant in Aid School at Patan,2025-08-06 00:00:00,,,1500000.0,,,,,recommended,missing_parseable_work_id,synthetic,wk_2e2d6f19791b
wk_2e4a20a5baf9,,RS,Odisha,Odisha,Khordha,KHORDHA(DISTRICT COLLECTOR KHORDHA_IDA),KHORDHA,Shri Subhasish Khuntia (2024-30) (2024-2030),SUBHASISH KHUNTIA,RS_SUBHASISH KHUNTIA,,Elected MP,Construction of public libraries and reading rooms,Normal/Others,Normal/Others,,"Completion of public reading room near Jageswari Club, Old Town, BBSR","Completion of public reading room near Jageswari Club, Old Town, BBSR",2025-09-15 00:00:00,,,400000.0,,,,,recommended,missing_parseable_work_id,synthetic,wk_2e4a20a5baf9
wk_2e5ab1d0d411,,RS,Karnataka,Karnataka,Bengaluru Urban,BENGALURU URBAN(DEPUTY COMMISSIONER BANGALORE URBAN_IDA),BENGALURU URBAN,Shri Narayanasa K. Bhandage (2024-30) (2024-2030),NARAYANASA K BHANDAGE,RS_NARAYANASA K BHANDAGE,,Elected MP,Providing drains and gutters for public drainage,Normal/Others,Normal/Others,,C.C.Drain Development work.,C.C.Drain Development work.,2024-11-04 00:00:00,,,500000.0,,,,,recommended,missing_parseable_work_id,synthetic,wk_2e5ab1d0d411
wk_2e71d09f2ffc,,LS,Karnataka,Karnataka,Bengaluru Urban,BENGALURU URBAN(DEPUTY COMMISSIONER BANGALORE URBAN_IDA),BENGALURU URBAN,DR.K.SUDHAKAR,DR K SUDHAKAR,LS_DR K SUDHAKAR,CHIKBALLAPUR,,Lighting of public spaces,Normal/Others,Normal/Others,,High mast Light at Ravuthana halli infront of patalamma temple Yelahanka Chikkanahalli GP,High mast Light at Ravuthana halli infront of patalamma temple Yelahanka Chikkanahalli GP,2024-12-12 00:00:00,,,250000.0,,,,,recommended,missing_parseable_work_id,synthetic,wk_2e71d09f2ffc
wk_2e795b42a9b4,,LS,Gujarat,Gujarat,Kachchh,KACHCHH(DISTRICT COLLECTOR KUTCH_IDA),KACHCHH,Vinod Chavda,VINOD CHAVDA,LS_VINOD CHAVDA,KACHCHH(SC),,Construction of buildings for community cultural activities,Normal/Others,Normal/Others,,Bhuj Talukana Bhuj shaher valram nagar - 01 rajubhai goswami na ghar pase ganesh nagar chok sanskrutik hall,Bhuj Talukana Bhuj shaher valram nagar - 01 rajubhai goswami na ghar pase ganesh nagar chok sanskrutik hall,2024-12-16 00:00:00,,,350000.0,,,,,recommended,missing_parseable_work_id,synthetic,wk_2e795b42a9b4
wk_2ee7df122abf,,LS,Kerala,Kerala,Alappuzha,ALAPPUZHA(DISTRICT COLLECTOR ALAPPUZHA_IDA),ALAPPUZHA,K. C VENUGOPAL,K C VENUGOPAL,LS_K C VENUGOPAL,ALAPPUZHA,,Construction of buildings for crèches and anganwadies,Normal/Others,Normal/Others,,Construction of a building for Anganwadi No.18 in the 1st ward of Devikulangara GP,Construction of a building for Anganwadi No.18 in the 1st ward of Devikulangara GP,2024-09-06 00:00:00,,,1500000.0,,,,,recommended,missing_parseable_work_id,synthetic,wk_2ee7df122abf
wk_2f1fe1e9bb4d,,RS,Bihar,Bihar,Darbhanga,DARBHANGA(DISTRICT PLANNING OFFICER DARBANGA_IDA),DARBHANGA,Dr. Dharmshila Gupta (2024-30) (2024-2030),DHARMSHILA GUPTA,RS_DHARMSHILA GUPTA,,Elected MP,Construction of public staircase/ stair ghat for public convenience,Normal/Others,Normal/Others,,Sidhighat Nirman at Nawada Bhagwati Pokhar,Sidhighat Nirman at Nawada Bhagwati Pokhar,2024-09-04 00:00:00,,,700000.0,,,,,recommended,missing_parseable_work_id,synthetic,wk_2f1fe1e9bb4d
wk_2f91c39d1a6a,,RS,Kerala,Kerala,Ernakulam,ERNAKULAM(DISTRICT COLLECTOR ERNAKULAM_IDA),ERNAKULAM,Dr. John Brittas (2021-27) (2021-2027),JOHN BRITTAS,RS_JOHN BRITTAS,,Elected MP,Construction of additional rooms and halls in the existing public and community building,Trust and Society,Trust and Society,,"Construction of first floor of the building of Kannan Nair Smaraka Samskarika Kendram, Reg. No. ER 1523 of 98, Desabhimani Road, Kaloor, Kochi 682017, Division No. 70, Kochi Municipal Corporation, Kanayannoor Taluk, Elamkulam Village, Kaloor Desom, Ernakulam District","Construction of first floor of the building of Kannan Nair Smaraka Samskarika Kendram, Reg. No. ER 1523 of 98, Desabhimani Road, Kaloor, Kochi 682017, Division No. 70, Kochi Municipal Corporation, Kanayannoor Taluk, Elamkulam Village, Kaloor Desom, Ernakulam District",2025-06-18 00:00:00,,,1000000.0,,,,,recommended,missing_parseable_work_id,synthetic,wk_2f91c39d1a6a
wk_304c4252a0b4,,LS,Maharashtra,Maharashtra,Mumbai,MUMBAI(DISTRICT COLLECTOR MUMBAI CITY_IDA),MUMBAI,Arvind Ganpat Sawant,ARVIND GANPAT SAWANT,LS_ARVIND GANPAT SAWANT,MUMBAI SOUTH,,Construction of community centers and community halls,Normal/Others,Normal/Others,,shri sai seva mandal golfadevi worlikoliwada worli community hall,shri sai seva mandal golfadevi worlikoliwada worli community hall,2024-10-08 00:00:00,,,2500000.0,,,,,recommended,missing_parseable_work_id,synthetic,wk_304c4252a0b4
wk_306594bdd40f,,RS,Maharashtra,Maharashtra,Nanded,NANDED(DISTRICT COLLECTOR NANDED_IDA),NANDED,Shri Ashokrao Shankarrao Chavan (2024-30) (2024-2030),ASHOKRAO SHANKARRAO CHAVAN,RS_ASHOKRAO SHANKARRAO CHAVAN,,Elected MP,"Construction of roads, link roads, pathways or any other road with or without drainage system",Normal/Others,Normal/Others,,"Construction of internal CC road at Saeed Nagar in Bhokar Nagar Parishad, taluka Bhokar, District Nanded.","Construction of internal CC road at Saeed Nagar in Bhokar Nagar Parishad, taluka Bhokar, District Nanded.",2025-03-31 00:00:00,,,2000000.0,,,,,recommended,missing_parseable_work_id,synthetic,wk_306594bdd40f
wk_30a7b19a6461,,LS,Tamil Nadu,Tamil Nadu,Thiruvallur,THIRUVALLUR(DISTRICT COLLECTOR TIRUVALLUR_IDA),THIRUVALLUR,S. Jagathrakshakan,S JAGATHRAKSHAKAN,LS_S JAGATHRAKSHAKAN,ARAKKONAM,,Construction of bus-sheds or bus-stops,Normal/Others,Normal/Others,,construction of bus shed,construction of bus shed,2024-12-19 00:00:00,,,650000.0,,,,,recommended,missing_parseable_work_id,synthetic,wk_30a7b19a6461
wk_30b856a9e747,,RS,Assam,Assam,Udalguri,UDALGURI(DEPUTY COMMISSIONER Udalguri_IDA),UDALGURI,Shri Birendra Prasad Baishya (2025-31) (2025-2031),BIRENDRA PRASAD BAISHYA,RS_BIRENDRA PRASAD BAISHYA,,Elected MP,"Construction of roads, link roads, pathways or any other road with or without drainage system",Normal/Others,Normal/Others,,Construction of Road From Angira river to Kachubil LP School at Udalguri,Construction of Road From Angira river to Kachubil LP School at Udalguri,2025-11-14 00:00:00,,,600000.0,,,,,recommended,missing_parseable_work_id,synthetic,wk_30b856a9e747
wk_31180d6bbae0,,RS,Tamil Nadu,Tamil Nadu,Tiruppur,TIRUPPUR(DISTRICT COLLECTOR TIRUPPUR_IDA),TIRUPPUR,Shri P. Wilson (2025-31) (2025-2031),P WILSON,RS_P WILSON,,Elected MP,Construction of community centers and community halls,Normal/Others,Normal/Others,,construction of Community Hall in Sengodampalayam Panchayat in Tiruppur District,construction of Community Hall in Sengodampalayam Panchayat in Tiruppur District,2026-01-14 00:00:00,,,3000000.0,,,,,recommended,missing_parseable_work_id,synthetic,wk_31180d6bbae0
wk_31251af68147,,RS,Tamil Nadu,Tamil Nadu,Chengalpattu,CHENGALPATTU(District Collector Chengalpattu_IDA),CHENGALPATTU,Shri R. Girirajan (2022-28) (2022-2028),R GIRIRAJAN,RS_R GIRIRAJAN,,Elected MP,Lighting of public spaces,Normal/Others,Normal/Others,,"Providing and erecting Mini Highmast ( 10 Meter Height with 6 Nos LED 150W Ladder Type) Natu Street, Ward No. 8 comes under Acharapakkam town Panchayat, Madhuranthagam Assembly Constituency in Chengalpattu district.","Providing and erecting Mini Highmast ( 10 Meter Height with 6 Nos LED 150W Ladder Type) Natu Street, Ward No. 8 comes under Acharapakkam town Panchayat, Madhuranthagam Assembly Constituency in Chengalpattu district.",2025-05-28 00:00:00,,,450000.0,,,,,recommended,missing_parseable_work_id,synthetic,wk_31251af68147
wk_315bd14b80d4,,RS,Odisha,Odisha,Khordha,KHORDHA(DISTRICT COLLECTOR KHORDHA_IDA),KHORDHA,Dr. Sasmit Patra (2022-28) (2022-2028),SASMIT PATRA,RS_SASMIT PATRA,,Elected MP,Construction of public libraries and reading rooms,Repair and Renovation,Repair and Renovation,,"Repair and Renovation of KUMAR PATHAGARA, Kumarangasasan, Banapur, Khurda","Repair and Renovation of KUMAR PATHAGARA, Kumarangasasan, Banapur, Khurda",2024-11-13 00:00:00,,,1000000.0,,,,,recommended,missing_parseable_work_id,synthetic,wk_315bd14b80d4
wk_3174514c37a0,,LS,Madhya Pradesh,Madhya Pradesh,Burhanpur,BURHANPUR(District Collector Burhanpur_IDA),BURHANPUR,Gyaneshwar Patil,GYANESHWAR PATIL,LS_GYANESHWAR PATIL,KHANDWA,,Construction of common work sheds/ common covered sitting area,Normal/Others,Normal/Others,,rcc shed nirman at emagird ward no 9,rcc shed nirman at emagird ward no 9,2024-10-10 00:00:00,,,500000.0,,,,,recommended,missing_parseable_work_id,synthetic,wk_3174514c37a0
wk_31c079550c01,,RS,Karnataka,Karnataka,Ballari,BALLARI(DEPUTY COMMISSIONER BELLARY_IDA),BALLARI,Dr. Syed Naseer Hussain (2024-30) (2024-2030),SYED NASEER HUSSAIN,RS_SYED NASEER HUSSAIN,,Elected MP,"Purchase of ambulances (Four, three and two wheelers)",Normal/Others,Normal/Others,,"Purchase of Advanced Life Support Ambulance for District Hospital Ballari, Ballari District","Purchase of Advanced Life Support Ambulance for District Hospital Ballari, Ballari District",2025-08-12 00:00:00,,,4000000.0,,,,,recommended,missing_parseable_work_id,synthetic,wk_31c079550c01
wk_321070c43f38,,RS,Maharashtra,Maharashtra,Yavatmal,YAVATMAL(DISTRICT COLLECTOR YAVATMAL_IDA),YAVATMAL,Dr. Anil Sukhdeorao Bonde (2022-28) (2022-2028),ANIL SUKHDEORAO BONDE,RS_ANIL SUKHDEORAO BONDE,,Elected MP,"Purchase of IT systems, including hardware and software for educational purposes",Normal/Others,Normal/Others,,purchase of Scanner and printers at sanket kanisth kala v vindyan mahavidyalay Yawatmal,purchase of Scanner and printers at sanket kanisth kala v vindyan mahavidyalay Yawatmal,2025-11-03 00:00:00,,,80000.0,,,,,recommended,missing_parseable_work_id,synthetic,wk_321070c43f38
wk_323949b973e1,,RS,Uttarakhand,Uttarakhand,Dehradun,DEHRADUN(DISTRICT MAGISTRATE DEHRADUN_IDA),DEHRADUN,Shri Mahendra Bhatt (2024-30) (2024-2030),MAHENDRA BHATT,RS_MAHENDRA BHATT,,Elected MP,Construction of rooms and halls in school and colleges,Normal/Others,Normal/Others,,N. N. Dehradun ke ward 62 nanurkheda ke tapoavan me Vedik Sadhan Aashram Tapovan me Gurukul hetu Kaksh nirman. K.S.- Grameen nirman Vibhag Dehradun,N. N. Dehradun ke ward 62 nanurkheda ke tapoavan me Vedik Sadhan Aashram Tapovan me Gurukul hetu Kaksh nirman. K.S.- Grameen nirman Vibhag Dehradun,2025-12-12 00:00:00,,,1000000.0,,,,,recommended,missing_parseable_work_id,synthetic,wk_323949b973e1
wk_3241a6ef815b,,LS,Karnataka,Karnataka,Udupi,UDUPI(DEPUTY COMMISSIONER UDUPI_IDA),UDUPI,KOTA SRINIVAS POOJARY,KOTA SRINIVAS POOJARY,LS_KOTA SRINIVAS POOJARY,UDUPI CHIKMAGALUR,,"Construction of roads, link roads, pathways or any other road with or without drainage system",Normal/Others,Normal/Others,,"Udupi District Kapu vidhana sabha Constituency, bharath Nagar Ward, kapu main road to thenku kalya main road, road development work.","Udupi District Kapu vidhana sabha Constituency, bharath Nagar Ward, kapu main road to thenku kalya main road, road development work.",2024-10-29 00:00:00,,,500000.0,,,,,recommended,missing_parseable_work_id,synthetic,wk_3241a6ef815b
wk_32a66399d43f,,RS,Kerala,Kerala,Kannur,KANNUR(DISTRICT COLLECTOR KANNUR_IDA),KANNUR,Shri C. Sadanandan Master (2025-31) (2025-2031),C SADANANDAN MASTER,RS_C SADANANDAN MASTER,,Nominated MP,Lighting of public spaces,Normal/Others,Normal/Others,,Installation of mini mast light near to (west side) Thiruvangad Sri Ramaswami temple in Manjodi ward 17 in Thalassery Municipality,Installation of mini mast light near to (west side) Thiruvangad Sri Ramaswami temple in Manjodi ward 17 in Thalassery Municipality,2025-11-02 00:00:00,,,300000.0,,,,,recommended,missing_parseable_work_id,synthetic,wk_32a66399d43f
wk_32aa516853ef,,RS,Jharkhand,Jharkhand,Ranchi,RANCHI(DEPUTY COMMISSIONER RANCHI_IDA),RANCHI,Shri Pradip Kumar Varma (2024-30) (2024-2030),PRADIP KUMAR VARMA,RS_PRADIP KUMAR VARMA,,Elected MP,Construction of rooms and halls in school and colleges,Normal/Others,Normal/Others,,"Construction of two rooms on the first floor at Saraswati Shishu Vidya Mandir, Kulhi, affiliated with Vananchal Shiksha Samiti, a registered institution in Jharkhand in Kulhi Panchayat of Ormanjhi Block under Ranchi District.","Construction of two rooms on the first floor at Saraswati Shishu Vidya Mandir, Kulhi, affiliated with Vananchal Shiksha Samiti, a registered institution in Jharkhand in Kulhi Panchayat of Ormanjhi Block under Ranchi District.",2025-10-09 00:00:00,,,1000000.0,,,,,recommended,missing_parseable_work_id,synthetic,wk_32aa516853ef
wk_32d0a47415ac,,LS,Karnataka,Karnataka,Kodagu,KODAGU(Deputy Commsioner Kodagu_ida),KODAGU,YADUVEER KRISHNADATTA CHAMARAJA WADIYAR,YADUVEER KRISHNADATTA CHAMARAJA WADIYAR,LS_YADUVEER KRISHNADATTA CHAMARAJA WADIYAR,MYSORE,,Construction of community centers and community halls,Normal/Others,Normal/Others,,Continued work of SMDP Samudaya Bhavan,Continued work of SMDP Samudaya Bhavan,2024-12-21 00:00:00,,,500000.0,,,,,recommended,missing_parseable_work_id,synthetic,wk_32d0a47415ac
wk_32e9fe59a089,,RS,Assam,Assam,Chirang,CHIRANG(Deputy Commissioner Chirang_IDA),CHIRANG,Shri Rwngwra Narzary (2022-28) (2022-2028),RWNGWRA NARZARY,RS_RWNGWRA NARZARY,,Elected MP,Development of public parks,Normal/Others,Normal/Others,,"Construction of boundary wall of science centre at Kajalgaon, chirang.","Construction of boundary wall of science centre at Kajalgaon, chirang.",2026-01-03 00:00:00,,,3500000.0,,,,,recommended,missing_parseable_work_id,synthetic,wk_32e9fe59a089
wk_32ece7567515,,LS,Gujarat,Gujarat,Arvalli,ARVALLI(DISTRICT COLLECTOR ARVALLI_IDA),ARVALLI,SHOBHANABEN MAHENDRASINH BARAIYA,SHOBHANABEN MAHENDRASINH BARAIYA,LS_SHOBHANABEN MAHENDRASINH BARAIYA,SABARKANTHA,,Construction of rooms and halls in school and colleges,Normal/Others,Normal/Others,,Construction of new classroom at The Dhansura People's Co. Operative Arts and Commerce College Dhansura at Dhansura Village,Construction of new classroom at The Dhansura People's Co. Operative Arts and Commerce College Dhansura at Dhansura Village,2024-11-14 00:00:00,,,750000.0,,,,,recommended,missing_parseable_work_id,synthetic,wk_32ece7567515
wk_330449183b39,,LS,Kerala,Kerala,Pathanamthitta,PATHANAMTHITTA(DISTRICT COLLECTOR PATHANAMTHITTA_IDA),PATHANAMTHITTA,Anto Antony,ANTO ANTONY,LS_ANTO ANTONY,PATHANAMTHITTA,,Lighting of public spaces,Normal/Others,Normal/Others,,Providing 8 Meter LED Mini Mast Light at Neythelippady Junction in Mallappally Grama Panchayat (Ward-9),Providing 8 Meter LED Mini Mast Light at Neythelippady Junction in Mallappally Grama Panchayat (Ward-9),2024-11-18 00:00:00,,,224300.0,,,,,recommended,missing_parseable_work_id,synthetic,wk_330449183b39
wk_33115cf5023e,,LS,Odisha,Odisha,Rayagada,RAYAGADA(DISTRICT COLLECTOR RAYAGADA_IDA),RAYAGADA,Saptagiri Sankar Ulaka,SAPTAGIRI SANKAR ULAKA,LS_SAPTAGIRI SANKAR ULAKA,KORAPUT(ST),,Construction of community centers and community halls,Normal/Others,Normal/Others,,Construction of Community Hall at Mundabandha Mendri Sahi of Bissamcuttack under Bissamcuttack Block,Construction of Community Hall at Mundabandha Mendri Sahi of Bissamcuttack under Bissamcuttack Block,2024-11-22 00:00:00,,,500000.0,,,,,recommended,missing_parseable_work_id,synthetic,wk_33115cf5023e
wk_33142af79765,,RS,Maharashtra,Maharashtra,Kolhapur,KOLHAPUR(DISTRICT COLLECTOR KOLHAPUR_IDA),KOLHAPUR,Dr. Medha Vishram Kulkarni (2024-30) (2024-2030),MEDHA VISHRAM KULKARNI,RS_MEDHA VISHRAM KULKARNI,,Elected MP,"Purchase of IT systems, including hardware and software for educational purposes",Normal/Others,Normal/Others,,"Providing Water Purifier (2), Computer (3) to Hutatma Babu Genu Vidya Mandir School No. 28, Ichalkaranj","Providing Water Purifier (2), Computer (3) to Hutatma Babu Genu Vidya Mandir School No. 28, Ichalkaranj",2025-07-15 00:00:00,,,204000.0,,,,,recommended,missing_parseable_work_id,synthetic,wk_33142af79765
wk_33228d56e1de,,RS,Telangana,Telangana,Hyderabad,HYDERABAD(DISTRICT COLLECTOR HYDERABAD_IDA),HYDERABAD,Shri Anil Kumar Yadav Mandadi (2024-30) (2024-2030),ANIL KUMAR YADAV MANDADI,RS_ANIL KUMAR YADAV MANDADI,,Elected MP,Providing drains and gutters for public drainage,Normal/Others,Normal/Others,,Laying of 250mm dia swG Sewer line from H.no.1-4-873 to 1-4-825/1 to 1-3-324 and 1-4-308/a to 1-4-311 Samdhani gally under Boatsclub Section Sub Dn-I O & M Division –V Musherabad Assembly Bholakpur Division,Laying of 250mm dia swG Sewer line from H.no.1-4-873 to 1-4-825/1 to 1-3-324 and 1-4-308/a to 1-4-311 Samdhani gally under Boatsclub Section Sub Dn-I O & M Division –V Musherabad Assembly Bholakpur Division,2024-11-16 00:00:00,,,1050000.0,,,,,recommended,missing_parseable_work_id,synthetic,wk_33228d56e1de
wk_334112fe9596,,RS,Maharashtra,Maharashtra,Nanded,NANDED(DISTRICT COLLECTOR NANDED_IDA),NANDED,Shri Ashokrao Shankarrao Chavan (2024-30) (2024-2030),ASHOKRAO SHANKARRAO CHAVAN,RS_ASHOKRAO SHANKARRAO CHAVAN,,Elected MP,Construction of buildings for community cultural activities,Normal/Others,Normal/Others,,"Construction of Cultural Hall at Mauje Malegaon, Taluka Ardhapur, District Nanded (Vadar Society)","Construction of Cultural Hall at Mauje Malegaon, Taluka Ardhapur, District Nanded (Vadar Society)",2024-10-15 00:00:00,,,1500000.0,,,,,recommended,missing_parseable_work_id,synthetic,wk_334112fe9596
wk_33571f70e597,,RS,Bihar,Bihar,Madhubani,MADHUBANI(DISTRICT PLANNING OFFICER MADHUBANI_IDA),MADHUBANI,Dr. Faiyaz Ahmad (2022-28) (2022-2028),FAIYAZ AHMAD,RS_FAIYAZ AHMAD,,Elected MP,"Construction of roads, link roads, pathways or any other road with or without drainage system",Normal/Others,Normal/Others,,Bisfi Prakhand ke Singhaso Panchayat me Mukhye Sadak se kailash Yadav ke vrddh aashram tak 250 fit PCC Sadak Niram.,Bisfi Prakhand ke Singhaso Panchayat me Mukhye Sadak se kailash Yadav ke vrddh aashram tak 250 fit PCC Sadak Niram.,2026-01-23 00:00:00,,,500000.0,,,,,recommended,missing_parseable_work_id,synthetic,wk_33571f70e597
wk_33785a167695,,LS,Kerala,Kerala,Alappuzha,ALAPPUZHA(DISTRICT COLLECTOR ALAPPUZHA_IDA),ALAPPUZHA,K. C VENUGOPAL,K C VENUGOPAL,LS_K C VENUGOPAL,ALAPPUZHA,,"Construction of Government office buildings (Post office, Police station, Police chauki, etc.)",Normal/Others,Normal/Others,,Construction of a building for Health Sub centre in the 18th ward of Thanneermukkam GP,Construction of a building for Health Sub centre in the 18th ward of Thanneermukkam GP,2024-09-06 00:00:00,,,2000000.0,,,,,recommended,missing_parseable_work_id,synthetic,wk_33785a167695
wk_338429b38541,,RS,Madhya Pradesh,Madhya Pradesh,Dewas,DEWAS(DISTRICT COLLECTOR DEWAS_IDA),DEWAS,Shri Vivek K. Tankha (2022-28) (2022-2028),VIVEK K TANKHA,RS_VIVEK K TANKHA,,Elected MP,Construction of common work sheds/ common covered sitting area,Normal/Others,Normal/Others,,"Abhibhashak Sangh Bagli, District Dewas main Teen Shed nirman (mention in letter no.4026 at column no.1)","Abhibhashak Sangh Bagli, District Dewas main Teen Shed nirman (mention in letter no.4026 at column no.1)",2025-04-19 00:00:00,,,75000.0,,,,,recommended,missing_parseable_work_id,synthetic,wk_338429b38541
wk_339b7a5811de,,RS,Kerala,Kerala,Kollam,KOLLAM(DISTRICT COLLECTOR KOLLAM_IDA),KOLLAM,Shri Haris Beeran (2024-30) (2024-2030),HARIS BEERAN,RS_HARIS BEERAN,,Elected MP,"Construction of roads, link roads, pathways or any other road with or without drainage system",Normal/Others,Normal/Others,,Kaduvikkara - Koikadavu Bhagam Road Concrete,Kaduvikkara - Koikadavu Bhagam Road Concrete,2025-09-10 00:00:00,,,500000.0,,,,,recommended,missing_parseable_work_id,synthetic,wk_339b7a5811de
wk_3406a64d7ee8,,RS,Maharashtra,Maharashtra,Pune,PUNE(DISTRICT COLLECTOR PUNE_IDA),PUNE,Dr. Medha Vishram Kulkarni (2024-30) (2024-2030),MEDHA VISHRAM KULKARNI,RS_MEDHA VISHRAM KULKARNI,,Elected MP,Construction of bus-sheds or bus-stops,Normal/Others,Normal/Others,,"Ward 11 Establishment of a bus stop at Ashish Garden, Kothrud Up","Ward 11 Establishment of a bus stop at Ashish Garden, Kothrud Up",2025-11-26 00:00:00,,,1000000.0,,,,,recommended,missing_parseable_work_id,synthetic,wk_3406a64d7ee8
wk_3420b8530625,,RS,Maharashtra,Maharashtra,Beed,BEED(DISTRICT COLLECTOR BEED_IDA),BEED,Shri Chandrakant Damodar Handore (2024-30) (2024-2030),CHANDRAKANT DAMODAR HANDORE,RS_CHANDRAKANT DAMODAR HANDORE,,Elected MP,Construction of rooms and halls in school and colleges,Trust and Society,Trust and Society,,Construction of Public utility building of Saraswati kanya prashla Mauli Vidyapeeth trust Kaij,Construction of Public utility building of Saraswati kanya prashla Mauli Vidyapeeth trust Kaij,2025-08-11 00:00:00,,,5000000.0,,,,,recommended,missing_parseable_work_id,synthetic,wk_3420b8530625
wk_3450389ae8e5,,RS,Maharashtra,Maharashtra,Kolhapur,KOLHAPUR(DISTRICT COLLECTOR KOLHAPUR_IDA),KOLHAPUR,Dr. Medha Vishram Kulkarni (2024-30) (2024-2030),MEDHA VISHRAM KULKARNI,RS_MEDHA VISHRAM KULKARNI,,Elected MP,"Purchase of IT systems, including hardware and software for educational purposes",Normal/Others,Normal/Others,,"Providing Computer(1) Books and Cupboard to Rabindranath Tagore Vidhya Niketan, School No. 27 Ichalkaranj","Providing Computer(1) Books and Cupboard to Rabindranath Tagore Vidhya Niketan, School No. 27 Ichalkaranj",2025-07-15 00:00:00,,,97500.0,,,,,recommended,missing_parseable_work_id,synthetic,wk_3450389ae8e5
wk_347ca8879ab0,,RS,Madhya Pradesh,Madhya Pradesh,Dindori,DINDORI(District Collector Dindori_IDA),DINDORI,Shri Vivek K. Tankha (2022-28) (2022-2028),VIVEK K TANKHA,RS_VIVEK K TANKHA,,Elected MP,"Construction of roads, link roads, pathways or any other road with or without drainage system",Normal/Others,Normal/Others,,"Gram Panchayat Soobkhar, janpad Panchayat Dindori ke Gram Soobkhar me Kemkaran singh ke ghar se Lamudas Ke ghar ki aor, Ghat par Grebal road ke atirikt nirman hetu, Dindori","Gram Panchayat Soobkhar, janpad Panchayat Dindori ke Gram Soobkhar me Kemkaran singh ke ghar se Lamudas Ke ghar ki aor, Ghat par Grebal road ke atirikt nirman hetu, Dindori",2025-12-26 00:00:00,,,150000.0,,,,,recommended,missing_parseable_work_id,synthetic,wk_347ca8879ab0
wk_3499d8e5f8f1,,LS,Maharashtra,Maharashtra,Latur,LATUR(DISTRICT COLLECTOR LATUR_IDA),LATUR,DR KALGE SHIVAJI BANDAPPA,KALGE SHIVAJI BANDAPPA,LS_KALGE SHIVAJI BANDAPPA,LATUR(SC),,Construction of community centers and community halls,Normal/Others,Normal/Others,,"Construction of Community centre Hall in Gram Panchayat / Govt owned open space at Niwali, Ta.Latur","Construction of Community centre Hall in Gram Panchayat / Govt owned open space at Niwali, Ta.Latur",2024-09-27 00:00:00,,,1000000.0,,,,,recommended,missing_parseable_work_id,synthetic,wk_3499d8e5f8f1
wk_34b4305dbc4d,,RS,Maharashtra,Maharashtra,Gondia,GONDIA(DISTRICT COLLECTOR GONDIA_IDA),GONDIA,Shri Praful Patel (2024-30) (2024-2030),PRAFUL PATEL,RS_PRAFUL PATEL,,Elected MP,"Construction of roads, link roads, pathways or any other road with or without drainage system",Normal/Others,Normal/Others,,DUNDA ME SHRI VILAS RAHANGDALE KE GHAR SE SHRI NANDKISHOR BISEN KE GHAR TAK CEMENT ROAD BANDHKAM,DUNDA ME SHRI VILAS RAHANGDALE KE GHAR SE SHRI NANDKISHOR BISEN KE GHAR TAK CEMENT ROAD BANDHKAM,2025-06-24 00:00:00,,,500000.0,,,,,recommended,missing_parseable_work_id,synthetic,wk_34b4305dbc4d
wk_34d71b90d9a2,,RS,Kerala,Kerala,Malappuram,MALAPPURAM(DISTRICT COLLECTOR MALAPPURAM_IDA),MALAPPURAM,Shri P. P. Suneer (2024-30) (2024-2030),P P SUNEER,RS_P P SUNEER,,Elected MP,"Construction of roads, link roads, pathways or any other road with or without drainage system",Normal/Others,Normal/Others,,Road Construction- ward-24 NH Colony-Ambalppadi-Kaduncheeri Road,Road Construction- ward-24 NH Colony-Ambalppadi-Kaduncheeri Road,2025-11-05 00:00:00,,,1000000.0,,,,,recommended,missing_parseable_work_id,synthetic,wk_34d71b90d9a2
wk_34f097aee1be,,RS,Madhya Pradesh,Madhya Pradesh,Ujjain,UJJAIN(DISTRICT COLLECTOR UJJAIN_IDA),UJJAIN,Shri Balyogi Umeshnath (2024-30) (2024-2030),BALYOGI UMESHNATH,RS_BALYOGI UMESHNATH,,Elected MP,Purchase of furniture and fixtures for educational purposes,Normal/Others,Normal/Others,,Shaskiya mahavidhalay jharda me furniture work,Shaskiya mahavidhalay jharda me furniture work,2026-01-13 00:00:00,,,1000000.0,,,,,recommended,missing_parseable_work_id,synthetic,wk_34f097aee1be
wk_350b7f28127e,,RS,Jharkhand,Jharkhand,Giridih,GIRIDIH(Deputy Commissioner Giridh_IDA),GIRIDIH,Dr. Sarfraz Ahmad (2024-30) (2024-2030),SARFRAZ AHMAD,RS_SARFRAZ AHMAD,,Elected MP,Construction of public irrigation facilities,Normal/Others,Normal/Others,,"Construction of paving blocks from the main road to Rafiq Mians pond in the village of Pandeydih, Panchayat-Badkitand, Block Gandey.","Construction of paving blocks from the main road to Rafiq Mians pond in the village of Pandeydih, Panchayat-Badkitand, Block Gandey.",2025-11-08 00:00:00,,,250000.0,,,,,recommended,missing_parseable_work_id,synthetic,wk_350b7f28127e
wk_351aaed97ebd,,RS,Assam,Assam,Kamrup Metro,KAMRUP METRO(DEPUTY COMMISSIONER KAMRUP METROPOLITAN_IDA),KAMRUP METRO,Shri Birendra Prasad Baishya (2025-31) (2025-2031),BIRENDRA PRASAD BAISHYA,RS_BIRENDRA PRASAD BAISHYA,,Elected MP,Construction of community centers and community halls,Normal/Others,Normal/Others,,"Construction Of Community Hall Near Seujpur Namghar at Seujpur , Kahilipara Guwahati","Construction Of Community Hall Near Seujpur Namghar at Seujpur , Kahilipara Guwahati",2025-10-25 00:00:00,,,300000.0,,,,,recommended,missing_parseable_work_id,synthetic,wk_351aaed97ebd
wk_35847ae502f9,,RS,Maharashtra,Maharashtra,Nanded,NANDED(DISTRICT COLLECTOR NANDED_IDA),NANDED,Dr. Ajeet Madhavrao Gopchade (2024-30) (2024-2030),AJEET MADHAVRAO GOPCHADE,RS_AJEET MADHAVRAO GOPCHADE,,Elected MP,Construction of community centers and community halls,Normal/Others,Normal/Others,,Construction of Sabhamandap near Datta Mandir in Grampanchayat Area of Gaglegaon Tq. Biloli Dist. Nanded,Construction of Sabhamandap near Datta Mandir in Grampanchayat Area of Gaglegaon Tq. Biloli Dist. Nanded,2025-10-28 00:00:00,,,1000000.0,,,,,recommended,missing_parseable_work_id,synthetic,wk_35847ae502f9
wk_358c667f8f89,,RS,Kerala,Kerala,Kozhikode,KOZHIKODE(DISTRICT COLLECTOR KOZHIKODE_IDA),KOZHIKODE,Smt. P. T. Usha (2022-28) (2022-2028),P T USHA,RS_P T USHA,,Nominated MP,"Construction of roads, link roads, pathways or any other road with or without drainage system",Normal/Others,Normal/Others,,Construction Saradhimukku Puliyakundil Nadapatha in Ward No. 17 (Concreting),Construction Saradhimukku Puliyakundil Nadapatha in Ward No. 17 (Concreting),2025-09-20 00:00:00,,,450000.0,,,,,recommended,missing_parseable_work_id,synthetic,wk_358c667f8f89
wk_3637012622ac,,LS,West Bengal,West Bengal,Kolkata,KOLKATA(COMMISSIONER KOLKATA MUNICIPAL CORPORATION_IDA),KOLKATA,Shri Abhishek Banerjee,ABHISHEK BANERJEE,LS_ABHISHEK BANERJEE,DIAMOND HARBOUR,,"Construction of roads, link roads, pathways or any other road with or without drainage system",Normal/Others,Normal/Others,,Construction Of CC Road with Drain from H/O Julfikar Halder to H/O Chotu Halder at Haziratan. (40mtr),Construction Of CC Road with Drain from H/O Julfikar Halder to H/O Chotu Halder at Haziratan. (40mtr),2024-09-05 00:00:00,,,500000.0,,,,,recommended,missing_parseable_work_id,synthetic,wk_3637012622ac
wk_3663ba1b5b0a,,RS,Karnataka,Karnataka,Tumakuru,TUMAKURU(DEPUTY COMMISSIONER TUMKUR_IDA),TUMAKURU,Shri G.C. Chandrashekhar (2024-30) (2024-2030),G C CHANDRASHEKHAR,RS_G C CHANDRASHEKHAR,,Elected MP,Construction of public irrigation facilities,Normal/Others,Normal/Others,,"construction of muddy canal from Edenahalli to Mallaghatta river at Tumkur district, Tiptur talluk, Nellikere grama panchayath","construction of muddy canal from Edenahalli to Mallaghatta river at Tumkur district, Tiptur talluk, Nellikere grama panchayath",2025-01-28 00:00:00,,,500000.0,,,,,recommended,missing_parseable_work_id,synthetic,wk_3663ba1b5b0a
wk_36713b66992b,,RS,Maharashtra,Maharashtra,Pune,PUNE(DISTRICT COLLECTOR PUNE_IDA),PUNE,Dr. Medha Vishram Kulkarni (2024-30) (2024-2030),MEDHA VISHRAM KULKARNI,RS_MEDHA VISHRAM KULKARNI,,Elected MP,Fitting of Sitting RCC Benches in Public Places,Normal/Others,Normal/Others,,Construction of Cement railing work and cement benches work at Pashan Lake Pune,Construction of Cement railing work and cement benches work at Pashan Lake Pune,2025-01-28 00:00:00,,,1000000.0,,,,,recommended,missing_parseable_work_id,synthetic,wk_36713b66992b
wk_36770732d97a,,LS,Delhi,Delhi,Central,CENTRAL(COMMISSIONER MCD (CENTRAL DISTRICT)),CENTRAL,Bansuri Swaraj,BANSURI SWARAJ,LS_BANSURI SWARAJ,NEW DELHI,,Construction of toilet blocks,Normal/Others,Normal/Others,,Construction of a new room and toilet block,Construction of a new room and toilet block,2024-11-16 00:00:00,,,350000.0,,,,,recommended,missing_parseable_work_id,synthetic,wk_36770732d97a
wk_36b483bfa270,,RS,Karnataka,Karnataka,Bagalkote,BAGALKOTE(DEPUTY COMMISSIONER BAGALKOT_IDA),BAGALKOTE,Shri Narayanasa K. Bhandage (2024-30) (2024-2030),NARAYANASA K BHANDAGE,RS_NARAYANASA K BHANDAGE,,Elected MP,Construction of community centers and community halls,Normal/Others,Normal/Others,,Construction of Public Community Hall At property no.99 in Siddapur village.,Construction of Public Community Hall At property no.99 in Siddapur village.,2025-11-20 00:00:00,,,300000.0,,,,,recommended,missing_parseable_work_id,synthetic,wk_36b483bfa270
wk_36e4e82b106b,,RS,Kerala,Kerala,Malappuram,MALAPPURAM(DISTRICT COLLECTOR MALAPPURAM_IDA),MALAPPURAM,Smt. Jebi Mather Hisham (2022-28) (2022-2028),JEBI MATHER HISHAM,RS_JEBI MATHER HISHAM,,Elected MP,"Construction of roads, link roads, pathways or any other road with or without drainage system",Normal/Others,Normal/Others,,"Construction of Panikunnu - SC Nagar Nadadppatha, Karuvarakkundu Grama Panchayath","Construction of Panikunnu - SC Nagar Nadadppatha, Karuvarakkundu Grama Panchayath",2025-07-29 00:00:00,,,500000.0,,,,,recommended,missing_parseable_work_id,synthetic,wk_36e4e82b106b
wk_3701a444a334,,RS,Maharashtra,Maharashtra,Pune,PUNE(DISTRICT COLLECTOR PUNE_IDA),PUNE,Shri Nitin Laxmanrao Jadhav Patil (2024-28) (2024-2028),NITIN LAXMANRAO JADHAV PATIL,RS_NITIN LAXMANRAO JADHAV PATIL,,Elected MP,Construction of community centers and community halls,Normal/Others,Normal/Others,,Construction of a community hall in Ward No. 1 at Nira Shivtakrar,Construction of a community hall in Ward No. 1 at Nira Shivtakrar,2025-11-26 00:00:00,,,1500000.0,,,,,recommended,missing_parseable_work_id,synthetic,wk_3701a444a334
wk_3737e5e69aa0,,RS,Bihar,Bihar,Araria,ARARIA(DISTRICT PLANNING OFFICER ARARIA_IDA),ARARIA,Dr. Bhim Singh (2024-30) (2024-2030),BHIM SINGH,RS_BHIM SINGH,,Elected MP,Construction of common work sheds/ common covered sitting area,Normal/Others,Normal/Others,,Construction work of 20 feet × 15 feet covered community chaupal.,Construction work of 20 feet × 15 feet covered community chaupal.,2024-10-28 00:00:00,,,530000.0,,,,,recommended,missing_parseable_work_id,synthetic,wk_3737e5e69aa0
wk_37659156665f,,RS,Jharkhand,Jharkhand,Ranchi,RANCHI(DEPUTY COMMISSIONER RANCHI_IDA),RANCHI,Smt. Mahua Maji (2022-28) (2022-2028),MAHUA MAJI,RS_MAHUA MAJI,,Elected MP,Installing tube-wells and borewells,Normal/Others,Normal/Others,,"Boring , Construction of Platform , Installation of Water Tank , Submersible Pump etc in near Shiv Temple Daily Market under ward 16 Ranchi urban area","Boring , Construction of Platform , Installation of Water Tank , Submersible Pump etc in near Shiv Temple Daily Market under ward 16 Ranchi urban area",2024-07-12 00:00:00,,,484000.0,,,,,recommended,missing_parseable_work_id,synthetic,wk_37659156665f
wk_37723c215b19,,RS,Haryana,Haryana,Panchkula,PANCHKULA(DRDA PANCHKULA),PANCHKULA,Shri Kartikeya Sharma (2022-28) (2022-2028),KARTIKEYA SHARMA,RS_KARTIKEYA SHARMA,,Elected MP,Purchase of hospital equipment,Normal/Others,Normal/Others,,purchase of maruti eeco ambulance shell-equipped,purchase of maruti eeco ambulance shell-equipped,2025-12-10 00:00:00,,,1050000.0,,,,,recommended,missing_parseable_work_id,synthetic,wk_37723c215b19
wk_3786af9e3831,,RS,Maharashtra,Maharashtra,Mumbai Suburban,MUMBAI SUBURBAN(DISTRICT COLLECTOR MUMBAI SUBURBAN_IDA),MUMBAI SUBURBAN,Shri Milind Murli Deora (2024-30) (2024-2030),MILIND MURLI DEORA,RS_MILIND MURLI DEORA,,Elected MP,Construction of rooms and halls in school and colleges,Repair and Renovation,Repair and Renovation,,Construction of an additional room,Construction of an additional room,2025-09-17 00:00:00,,,1250000.0,,,,,recommended,missing_parseable_work_id,synthetic,wk_3786af9e3831
wk_381239e2e149,,RS,Maharashtra,Maharashtra,Pune,PUNE(DISTRICT COLLECTOR PUNE_IDA),PUNE,Dr. Medha Vishram Kulkarni (2024-30) (2024-2030),MEDHA VISHRAM KULKARNI,RS_MEDHA VISHRAM KULKARNI,,Elected MP,Construction of community centers and community halls,Repair and Renovation,Repair and Renovation,,Beautification of the Gram Panchayat Sabha Mandapam at Mauje Maranewadi,Beautification of the Gram Panchayat Sabha Mandapam at Mauje Maranewadi,2025-09-15 00:00:00,,,1000000.0,,,,,recommended,missing_parseable_work_id,synthetic,wk_381239e2e149
wk_386b73f85140,,RS,Uttar Pradesh,Uttar Pradesh,Ghazipur,GHAZIPUR(DISTRICT MAGISTRAE GHAZIPUR_IDA),GHAZIPUR,Dr. Radha Mohan Das Agrawal (2022-28) (2022-2028),RADHA MOHAN DAS AGRAWAL,RS_RADHA MOHAN DAS AGRAWAL,,Elected MP,"Construction of roads, link roads, pathways or any other road with or without drainage system",Normal/Others,Normal/Others,,Gram Mitthanpara ke Srikrishnpuri colony (nikat jal nigam colony) mein CC road avam dhakkan ke saath naali nirmaan,Gram Mitthanpara ke Srikrishnpuri colony (nikat jal nigam colony) mein CC road avam dhakkan ke saath naali nirmaan,2025-10-17 00:00:00,,,2500000.0,,,,,recommended,missing_parseable_work_id,synthetic,wk_386b73f85140
wk_38716bf6410a,,LS,West Bengal,West Bengal,North 24 Parganas,North 24 Parganas(DISTRICT MAGISTRATE NORTH TWENTY FOUR PARGANAS_IDA),NORTH 24 PARGANAS,Kakoli Ghosh Dastidar,KAKOLI GHOSH DASTIDAR,LS_KAKOLI GHOSH DASTIDAR,BARASAT,,"Purchase of ambulances (Four, three and two wheelers)",Normal/Others,Normal/Others,,Ambulance,Ambulance,2024-09-15 00:00:00,,,1440000.0,,,,,recommended,missing_parseable_work_id,synthetic,wk_38716bf6410a
wk_38aa2e2b2318,,LS,Rajasthan,Rajasthan,Alwar,ALWAR(DISTRICT COLLECTOR ALWAR_IDA),ALWAR,SANJNA JATAV,SANJNA JATAV,LS_SANJNA JATAV,BHARATPUR(SC),,"Construction of roads, link roads, pathways or any other road with or without drainage system",Normal/Others,Normal/Others,,CC interlocking v Soundarya Nirman karya Suraj kund ke Charon taraf gram samOOchi work agency GP samOOchi,CC interlocking v Soundarya Nirman karya Suraj kund ke Charon taraf gram samOOchi work agency GP samOOchi,2024-09-01 00:00:00,,,100000.0,,,,,recommended,missing_parseable_work_id,synthetic,wk_38aa2e2b2318
wk_38e2b70b72b1,,LS,Haryana,Haryana,Hisar,HISAR(DEPUTY COMMISSIONER HISSAR_IDA),HISAR,JAI PARKASH,JAI PARKASH,LS_JAI PARKASH,HISAR,,Construction of community centers and community halls,Normal/Others,Normal/Others,,const. works in Ambedkar bhawan ward 5 Narnaund,const. works in Ambedkar bhawan ward 5 Narnaund,2024-11-30 00:00:00,,,500000.0,,,,,recommended,missing_parseable_work_id,synthetic,wk_38e2b70b72b1
wk_38fdf5b51239,,RS,Kerala,Kerala,Alappuzha,ALAPPUZHA(DISTRICT COLLECTOR ALAPPUZHA_IDA),ALAPPUZHA,Shri Sandosh Kumar P (2022-28) (2022-2028),SANDOSH KUMAR P,RS_SANDOSH KUMAR P,,Elected MP,"Purchase of IT systems, including hardware and software for educational purposes",Normal/Others,Normal/Others,,Purchase of Digital Equipments For Govt. HSS Kayamkulam,Purchase of Digital Equipments For Govt. HSS Kayamkulam,2025-09-25 00:00:00,,,700000.0,,,,,recommended,missing_parseable_work_id,synthetic,wk_38fdf5b51239
wk_3969bf14a6e7,,RS,Odisha,Odisha,Puri,PURI(DISTRICT COLLECTOR PURI_IDA),PURI,Shri Subhasish Khuntia (2024-30) (2024-2030),SUBHASISH KHUNTIA,RS_SUBHASISH KHUNTIA,,Elected MP,Construction of community centers and community halls,Normal/Others,Normal/Others,,Construction of Biseswari Community Center at Narendrakona,Construction of Biseswari Community Center at Narendrakona,2025-08-28 00:00:00,,,500000.0,,,,,recommended,missing_parseable_work_id,synthetic,wk_3969bf14a6e7
wk_399414bbed37,,LS,Uttar Pradesh,Uttar Pradesh,Kaushambi,KAUSHAMBI(DISTRICT MAGISTRAE KAUSHAMBI_IDA),KAUSHAMBI,PUSHPENDRA SAROJ,PUSHPENDRA SAROJ,LS_PUSHPENDRA SAROJ,KAUSHAMBI(SC),,Installing hand pumps,Normal/Others,Normal/Others,,Balwant S/o Ram Subhag Yadav ke Ghar ke samne Handpump,Balwant S/o Ram Subhag Yadav ke Ghar ke samne Handpump,2024-09-25 00:00:00,,,74000.0,,,,,recommended,missing_parseable_work_id,synthetic,wk_399414bbed37
wk_39a4dc6323e8,,LS,Gujarat,Gujarat,Kheda,KHEDA(DISTRICT COLLECTOR KHEDA_IDA),KHEDA,Devusinh Jesingbhai Chauhan,DEVUSINH JESINGBHAI CHAUHAN,LS_DEVUSINH JESINGBHAI CHAUHAN,KHEDA,,Improvement of electricity distribution infrastructure,Normal/Others,Normal/Others,,"Energy Supply and Improvement of electricity distribution System infrastructure, and Related Work at Khodiyarpura Opp. Govt. School","Energy Supply and Improvement of electricity distribution System infrastructure, and Related Work at Khodiyarpura Opp. Govt. School",2024-11-26 00:00:00,,,327000.0,,,,,recommended,missing_parseable_work_id,synthetic,wk_39a4dc6323e8
wk_39e59b57be16,,RS,Tamil Nadu,Tamil Nadu,Cuddalore,CUDDALORE(DISTRICT COLLECTOR CUDDALORE_IDA),CUDDALORE,Shri R. Girirajan (2022-28) (2022-2028),R GIRIRAJAN,RS_R GIRIRAJAN,,Elected MP,Lighting of public spaces,Normal/Others,Normal/Others,,"Providing Highmast light @ near Mariyamman Koil street, Backward class People Sirupakkam Panchayat in Cuddlore","Providing Highmast light @ near Mariyamman Koil street, Backward class People Sirupakkam Panchayat in Cuddlore",2023-12-27 00:00:00,,,450000.0,,,,,recommended,missing_parseable_work_id,synthetic,wk_39e59b57be16
wk_3a06c602ae20,,RS,Uttar Pradesh,Uttar Pradesh,Hathras,HATHRAS(DISTRICT MAGISTRATE HATHRAS_IDA),HATHRAS,Dr. K. Laxman (2022-28) (2022-2028),K LAXMAN,RS_K LAXMAN,,Elected MP,Construction of buildings for sports facilities,Normal/Others,Normal/Others,,GP Visawar VK Sadabad ashram ke paas open gym,GP Visawar VK Sadabad ashram ke paas open gym,2025-10-13 00:00:00,,,1200000.0,,,,,recommended,missing_parseable_work_id,synthetic,wk_3a06c602ae20
wk_3a2dfc125a8e,,LS,Odisha,Odisha,Rayagada,RAYAGADA(DISTRICT COLLECTOR RAYAGADA_IDA),RAYAGADA,Saptagiri Sankar Ulaka,SAPTAGIRI SANKAR ULAKA,LS_SAPTAGIRI SANKAR ULAKA,KORAPUT(ST),,Construction of community centers and community halls,Normal/Others,Normal/Others,,Construction of Community Hall at Dorabariguda Village of Patraguda GP under Muniguda Block,Construction of Community Hall at Dorabariguda Village of Patraguda GP under Muniguda Block,2024-11-22 00:00:00,,,300000.0,,,,,recommended,missing_parseable_work_id,synthetic,wk_3a2dfc125a8e
wk_3a35956aa141,,RS,Kerala,Kerala,Kannur,KANNUR(DISTRICT COLLECTOR KANNUR_IDA),KANNUR,Shri Sandosh Kumar P (2022-28) (2022-2028),SANDOSH KUMAR P,RS_SANDOSH KUMAR P,,Elected MP,Construction of rooms and halls in school and colleges,Normal/Others,Normal/Others,,Construction of building for Govt. Higher Secondary School Chittariparamaba,Construction of building for Govt. Higher Secondary School Chittariparamaba,2025-06-10 00:00:00,,,10000000.0,,,,,recommended,missing_parseable_work_id,synthetic,wk_3a35956aa141
wk_3a451ff8db91,,LS,Assam,Assam,Sivasagar,SIVASAGAR(Deputy Commissioner Sivsagar_IDA),SIVASAGAR,GAURAV GOGOI,GAURAV GOGOI,LS_GAURAV GOGOI,JORHAT,,Construction of community centers and community halls,Normal/Others,Normal/Others,,"Development of Maibela Rangamancha, Sukafa GP","Development of Maibela Rangamancha, Sukafa GP",2024-11-25 00:00:00,,,200000.0,,,,,recommended,missing_parseable_work_id,synthetic,wk_3a451ff8db91
wk_3a46593fa1f9,,LS,Kerala,Kerala,Pathanamthitta,PATHANAMTHITTA(DISTRICT COLLECTOR PATHANAMTHITTA_IDA),PATHANAMTHITTA,Anto Antony,ANTO ANTONY,LS_ANTO ANTONY,PATHANAMTHITTA,,"Construction of roads, link roads, pathways or any other road with or without drainage system",Normal/Others,Normal/Others,,Concreting of Bethany Settlement Colony Road in Ranni-Perunadu Grama Panchayat. (SC),Concreting of Bethany Settlement Colony Road in Ranni-Perunadu Grama Panchayat. (SC),2024-09-24 00:00:00,,,500000.0,,,,,recommended,missing_parseable_work_id,synthetic,wk_3a46593fa1f9
wk_3a795e7bf7d1,,RS,Odisha,Odisha,Khordha,KHORDHA(DISTRICT COLLECTOR KHORDHA_IDA),KHORDHA,Dr. Sasmit Patra (2022-28) (2022-2028),SASMIT PATRA,RS_SASMIT PATRA,,Elected MP,Purchase of vans and buses for educational institutions,Normal/Others,Normal/Others,,"Purchase for a new Bajaj Maxima Wider Disel AUTO for Utkal Handicapped Welfare Organisation, Plot No-786, Sampur Lane No-05, Durgamadhab Nagar, Bharatpur, Bhubaneswar for the Divyang students of Louise Braille School for the Blind and Rajadhani School for the Deaf","Purchase for a new Bajaj Maxima Wider Disel AUTO for Utkal Handicapped Welfare Organisation, Plot No-786, Sampur Lane No-05, Durgamadhab Nagar, Bharatpur, Bhubaneswar for the Divyang students of Louise Braille School for the Blind and Rajadhani School for the Deaf",2025-07-14 00:00:00,,,362500.0,,,,,recommended,missing_parseable_work_id,synthetic,wk_3a795e7bf7d1
wk_3a8c520ccb55,,RS,Maharashtra,Maharashtra,Satara,SATARA(DISTRICT COLLECTOR SATARA_IDA),SATARA,Shri Nitin Laxmanrao Jadhav Patil (2024-28) (2024-2028),NITIN LAXMANRAO JADHAV PATIL,RS_NITIN LAXMANRAO JADHAV PATIL,,Elected MP,Construction of rooms and halls in school and colleges,Normal/Others,Normal/Others,,Construction of a room for adarsh school,Construction of a room for adarsh school,2025-11-26 00:00:00,,,1500000.0,,,,,recommended,missing_parseable_work_id,synthetic,wk_3a8c520ccb55
wk_3b4081e892dd,,RS,Maharashtra,Maharashtra,Pune,PUNE(DISTRICT COLLECTOR PUNE_IDA),PUNE,Dr. Medha Vishram Kulkarni (2024-30) (2024-2030),MEDHA VISHRAM KULKARNI,RS_MEDHA VISHRAM KULKARNI,,Elected MP,Construction of community centers and community halls,Normal/Others,Normal/Others,,"To beautify the auditorium of Shri Swami Samarth Seva Sanstha, S. No. 42-1, Vadgaon Sheri, Pune","To beautify the auditorium of Shri Swami Samarth Seva Sanstha, S. No. 42-1, Vadgaon Sheri, Pune",2025-09-15 00:00:00,,,1000000.0,,,,,recommended,missing_parseable_work_id,synthetic,wk_3b4081e892dd
wk_3b905aa690eb,,LS,Uttar Pradesh,Uttar Pradesh,Deoria,DEORIA(DISTRICT MAGISTRATE DEORIA),DEORIA,RAMASHANKAR RAJBHAR,RAMASHANKAR RAJBHAR,LS_RAMASHANKAR RAJBHAR,SALEMPUR,,Street lights,Normal/Others,Normal/Others,,"One 9 meter high mast LED light on town area Bhatpar rani, development block parisar","One 9 meter high mast LED light on town area Bhatpar rani, development block parisar",2024-09-24 00:00:00,,,319000.0,,,,,recommended,missing_parseable_work_id,synthetic,wk_3b905aa690eb
wk_3b99b6b667e1,,RS,Maharashtra,Maharashtra,Pune,PUNE(DISTRICT COLLECTOR PUNE_IDA),PUNE,Dr. Medha Vishram Kulkarni (2024-30) (2024-2030),MEDHA VISHRAM KULKARNI,RS_MEDHA VISHRAM KULKARNI,,Elected MP,Construction of footpaths and pedestrian ways,Normal/Others,Normal/Others,,Ward No. 8 Installation of paving blocks near the gate at Phulenagar Beggar Acceptance Center near Adarsh Indiranagar.,Ward No. 8 Installation of paving blocks near the gate at Phulenagar Beggar Acceptance Center near Adarsh Indiranagar.,2025-05-23 00:00:00,,,1000000.0,,,,,recommended,missing_parseable_work_id,synthetic,wk_3b99b6b667e1
wk_3ba3a1af4a05,,RS,Karnataka,Karnataka,Chikkamagaluru,CHIKKAMAGALURU(DEPUTY COMMISSIONER CHIKMAGALUR),CHIKKAMAGALURU,Shri Jairam Ramesh (2022-28) (2022-2028),JAIRAM RAMESH,RS_JAIRAM RAMESH,,Elected MP,Construction of toilet blocks,Normal/Others,Normal/Others,,For construction of Toilet room for girls at government women’s PU colleage (High school division) Tarikere.,For construction of Toilet room for girls at government women’s PU colleage (High school division) Tarikere.,2023-09-04 00:00:00,,,500000.0,,,,,recommended,missing_parseable_work_id,synthetic,wk_3ba3a1af4a05
wk_3be3dd0e117d,,RS,Assam,Assam,Baksa,BAKSA(DEPUTY COMMISSIONER BAKSA_IDA),BAKSA,Shri Rwngwra Narzary (2022-28) (2022-2028),RWNGWRA NARZARY,RS_RWNGWRA NARZARY,,Elected MP,Construction of culverts and bridges,Normal/Others,Normal/Others,,"Construction of RCC Box Culvert at Bagarpara(Bunmaja) village under Pub-Howly VCDC, Jalah Dev.Block, Salbari.","Construction of RCC Box Culvert at Bagarpara(Bunmaja) village under Pub-Howly VCDC, Jalah Dev.Block, Salbari.",2024-06-17 00:00:00,,,500000.0,,,,,recommended,missing_parseable_work_id,synthetic,wk_3be3dd0e117d
wk_3c03d4c7cd57,,LS,Assam,Assam,Sivasagar,SIVASAGAR(Deputy Commissioner Sivsagar_IDA),SIVASAGAR,GAURAV GOGOI,GAURAV GOGOI,LS_GAURAV GOGOI,JORHAT,,Crematoriums/energy efficient crematoriums or structures on burial/cremation ground,Normal/Others,Normal/Others,,"Development of Cultural Centre near Christan Basti Church, Seleng Pathar, Nazira GP","Development of Cultural Centre near Christan Basti Church, Seleng Pathar, Nazira GP",2024-11-25 00:00:00,,,200000.0,,,,,recommended,missing_parseable_work_id,synthetic,wk_3c03d4c7cd57
wk_3c3ffb90ef35,,RS,Bihar,Bihar,Vaishali,VAISHALI(DISTRICT PLANNING OFFICER VAISHALI_IDA),VAISHALI,Shri Sanjay Yadav (2024-30) (2024-2030),SANJAY YADAV,RS_SANJAY YADAV,,Elected MP,Construction of community centers and community halls,Normal/Others,Normal/Others,,"Construction of a community building (large hall) with a borewell, water tap, one toilet, and two urinals on the available government land in birpur Panchayat under Raghopur block.","Construction of a community building (large hall) with a borewell, water tap, one toilet, and two urinals on the available government land in birpur Panchayat under Raghopur block.",2025-09-02 00:00:00,,,1499000.0,,,,,recommended,missing_parseable_work_id,synthetic,wk_3c3ffb90ef35
wk_3c89092b49e6,,RS,Uttar Pradesh,Uttar Pradesh,Kushinagar,Kushinagar(DISTRICT MAGISTRATE KUSHINAGAR PADRAUNA_IDA),KUSHINAGAR,Shri Ratanjit Pratap Narain Singh (2024-30) (2024-2030),RATANJIT PRATAP NARAIN SINGH,RS_RATANJIT PRATAP NARAIN SINGH,,Elected MP,Construction of rooms and halls in school and colleges,Normal/Others,Normal/Others,,"Nehru Inter College, Mansachapar, Kushinagar mein class room ke nirmaan hetu.","Nehru Inter College, Mansachapar, Kushinagar mein class room ke nirmaan hetu.",2025-07-20 00:00:00,,,400000.0,,,,,recommended,missing_parseable_work_id,synthetic,wk_3c89092b49e6
wk_3c8b6e51dc7c,,RS,Madhya Pradesh,Madhya Pradesh,Sidhi,SIDHI(DISTRICT COLLECTOR SIDHI_IDA),SIDHI,Shri Vivek K. Tankha (2022-28) (2022-2028),VIVEK K TANKHA,RS_VIVEK K TANKHA,,Elected MP,Construction of community centers and community halls,Normal/Others,Normal/Others,,"Vikashkhand Rampur Naikin ke gram v Gram Panchayat Kapuri Pawai main Sanskrati Gatividhiyon ke liye Samudayik Bhawan nirman, Sidhi (mention in letter no.4159 at column no.1)","Vikashkhand Rampur Naikin ke gram v Gram Panchayat Kapuri Pawai main Sanskrati Gatividhiyon ke liye Samudayik Bhawan nirman, Sidhi (mention in letter no.4159 at column no.1)",2025-09-25 00:00:00,,,500000.0,,,,,recommended,missing_parseable_work_id,synthetic,wk_3c8b6e51dc7c
wk_3cc76fe50bc5,,RS,Kerala,Kerala,Ernakulam,ERNAKULAM(DISTRICT COLLECTOR ERNAKULAM_IDA),ERNAKULAM,Shri Jose K. Mani (2024-30) (2024-2030),JOSE K MANI,RS_JOSE K MANI,,Elected MP,"Construction of roads, link roads, pathways or any other road with or without drainage system",Normal/Others,Normal/Others,,Construction of Koduvelipady Korumboor Road,Construction of Koduvelipady Korumboor Road,2025-05-21 00:00:00,,,500000.0,,,,,recommended,missing_parseable_work_id,synthetic,wk_3cc76fe50bc5
wk_3cd996af9e6e,,RS,Uttar Pradesh,Uttar Pradesh,Lucknow,LUCKNOW(DISTRICT MAGISTRAE LUCKNOW_IDA),LUCKNOW,Shri Sanjay Seth (2024-30) (2024-2030),SANJAY SETH,RS_SANJAY SETH,,Elected MP,Purchase of books for public libraries/ digitization of library books,Normal/Others,Normal/Others,,Puchase of library bookd for CDO office lucknow,Puchase of library bookd for CDO office lucknow,2024-09-24 00:00:00,,,150000.0,,,,,recommended,missing_parseable_work_id,synthetic,wk_3cd996af9e6e
wk_3cec2e9dda35,,RS,Karnataka,Karnataka,Chikkamagaluru,CHIKKAMAGALURU(DEPUTY COMMISSIONER CHIKMAGALUR),CHIKKAMAGALURU,Shri Jairam Ramesh (2022-28) (2022-2028),JAIRAM RAMESH,RS_JAIRAM RAMESH,,Elected MP,Construction of water tanks,Normal/Others,Normal/Others,,For construction of Suddha Ganga water Plant at Basavanakodi village of Eshwarahalli village Panchayath,For construction of Suddha Ganga water Plant at Basavanakodi village of Eshwarahalli village Panchayath,2023-09-04 00:00:00,,,1200000.0,,,,,recommended,missing_parseable_work_id,synthetic,wk_3cec2e9dda35
wk_3ceff79064e6,,RS,Kerala,Kerala,Kannur,KANNUR(DISTRICT COLLECTOR KANNUR_IDA),KANNUR,Shri Sandosh Kumar P (2022-28) (2022-2028),SANDOSH KUMAR P,RS_SANDOSH KUMAR P,,Elected MP,"Construction of roads, link roads, pathways or any other road with or without drainage system",Normal/Others,Normal/Others,,Construction of Mailampetty School Road,Construction of Mailampetty School Road,2025-09-25 00:00:00,,,500000.0,,,,,recommended,missing_parseable_work_id,synthetic,wk_3ceff79064e6
wk_3d110ce8bbd6,,RS,Maharashtra,Maharashtra,Pune,PUNE(DISTRICT COLLECTOR PUNE_IDA),PUNE,Dr. Medha Vishram Kulkarni (2024-30) (2024-2030),MEDHA VISHRAM KULKARNI,RS_MEDHA VISHRAM KULKARNI,,Elected MP,Setting up public non-conventional energy plants,Normal/Others,Normal/Others,,"Construction of solar power project Patrakar Bhavan Navi Peth, Pune","Construction of solar power project Patrakar Bhavan Navi Peth, Pune",2025-06-26 00:00:00,,,1000000.0,,,,,recommended,missing_parseable_work_id,synthetic,wk_3d110ce8bbd6
wk_3d2210d7bad1,,RS,Assam,Assam,Sivasagar,SIVASAGAR(Deputy Commissioner Sivsagar_IDA),SIVASAGAR,Shri Pabitra Margherita (2022-28) (2022-2028),PABITRA MARGHERITA,RS_PABITRA MARGHERITA,,Elected MP,Construction of community centers and community halls,Normal/Others,Normal/Others,,DEVELOPMENT OF NEYIJUNG SANSKRITIK KENDRA,DEVELOPMENT OF NEYIJUNG SANSKRITIK KENDRA,2026-01-27 00:00:00,,,100000.0,,,,,recommended,missing_parseable_work_id,synthetic,wk_3d2210d7bad1
wk_3d8282b54f9d,,LS,Odisha,Odisha,Sundaragada,Sundaragada(DISTRICT COLLECTOR SUNDARGARH_IDA),SUNDARAGADA,Shri Jual Oram,JUAL ORAM,LS_JUAL ORAM,SUNDARGARH (ST),,Construction of community centers and community halls,Normal/Others,Normal/Others,,Completion Of Kalyan Mandap near Shiva Madir Tudalaga,Completion Of Kalyan Mandap near Shiva Madir Tudalaga,2024-10-04 00:00:00,,,600000.0,,,,,recommended,missing_parseable_work_id,synthetic,wk_3d8282b54f9d
wk_3d8786848070,,RS,Madhya Pradesh,Madhya Pradesh,Narsimhapur,Narsimhapur(DISTRICT COLLECTOR NARSINGHPUR_IDA),NARSIMHAPUR,Shri Vivek K. Tankha (2022-28) (2022-2028),VIVEK K TANKHA,RS_VIVEK K TANKHA,,Elected MP,Development of public parks,Normal/Others,Normal/Others,,"Shankaracharya Ward sthit, Swargiya Vishnu Thakur ji ke baju main sthit Sarvajanik Park main Paver Block evam anay karyo hetu, District Narsinghpur (mention in letter no.4184 at column no.1)","Shankaracharya Ward sthit, Swargiya Vishnu Thakur ji ke baju main sthit Sarvajanik Park main Paver Block evam anay karyo hetu, District Narsinghpur (mention in letter no.4184 at column no.1)",2025-11-21 00:00:00,,,100000.0,,,,,recommended,missing_parseable_work_id,synthetic,wk_3d8786848070
wk_3dddf6440b0f,,RS,Odisha,Odisha,Khordha,KHORDHA(DISTRICT COLLECTOR KHORDHA_IDA),KHORDHA,Shri Subhasish Khuntia (2024-30) (2024-2030),SUBHASISH KHUNTIA,RS_SUBHASISH KHUNTIA,,Elected MP,"Construction of roads, link roads, pathways or any other road with or without drainage system",Normal/Others,Normal/Others,,Construction of Drain at Gobindapur village.,Construction of Drain at Gobindapur village.,2025-09-26 00:00:00,,,900000.0,,,,,recommended,missing_parseable_work_id,synthetic,wk_3dddf6440b0f
wk_3df807fe83f1,,RS,Assam,Assam,Kamrup Metro,KAMRUP METRO(DEPUTY COMMISSIONER KAMRUP METROPOLITAN_IDA),KAMRUP METRO,Shri Birendra Prasad Baishya (2025-31) (2025-2031),BIRENDRA PRASAD BAISHYA,RS_BIRENDRA PRASAD BAISHYA,,Elected MP,Construction of community centers and community halls,Normal/Others,Normal/Others,,Construction Of Community hall Near Sahid Khargeswar Talukdar Bhawan at Chamata Pathar Sonapur,Construction Of Community hall Near Sahid Khargeswar Talukdar Bhawan at Chamata Pathar Sonapur,2025-12-20 00:00:00,,,2000000.0,,,,,recommended,missing_parseable_work_id,synthetic,wk_3df807fe83f1
wk_3e23630bee8c,,LS,West Bengal,West Bengal,North 24 Parganas,North 24 Parganas(DISTRICT MAGISTRATE NORTH TWENTY FOUR PARGANAS_IDA),NORTH 24 PARGANAS,SK NURUL ISLAM,SK NURUL ISLAM,LS_SK NURUL ISLAM,BASIRHAT,,Construction of water tanks,Normal/Others,Normal/Others,,Installation of Electric based Arsenic Free Water Tank and others development at different places at Gopalpur II G.P under Haroa Block (SLNo. 45 to 47),Installation of Electric based Arsenic Free Water Tank and others development at different places at Gopalpur II G.P under Haroa Block (SLNo. 45 to 47),2024-09-05 00:00:00,,,850000.0,,,,,recommended,missing_parseable_work_id,synthetic,wk_3e23630bee8c
wk_3e43c7760c8f,,RS,Madhya Pradesh,Madhya Pradesh,Jabalpur,JABALPUR(DISTRICT COLLECTOR JABALPUR_IDA),JABALPUR,Shri Vivek K. Tankha (2022-28) (2022-2028),VIVEK K TANKHA,RS_VIVEK K TANKHA,,Elected MP,"Construction of roads, link roads, pathways or any other road with or without drainage system",Normal/Others,Normal/Others,,"Gram Panchayat Padariya, Janpad Panchyat Majholi, 27 meel par sthit Goushala me Paver Block lagane hetu, Jabalpur","Gram Panchayat Padariya, Janpad Panchyat Majholi, 27 meel par sthit Goushala me Paver Block lagane hetu, Jabalpur",2026-01-17 00:00:00,,,200000.0,,,,,recommended,missing_parseable_work_id,synthetic,wk_3e43c7760c8f
wk_3ebfedff8156,,LS,Tamil Nadu,Tamil Nadu,Ranipet,"Ranipet(District Collector, Ranipet_2)",RANIPET,S. Jagathrakshakan,S JAGATHRAKSHAKAN,LS_S JAGATHRAKSHAKAN,ARAKKONAM,,Construction of common work sheds/ common covered sitting area,Normal/Others,Normal/Others,,Construction o Shelter,Construction o Shelter,2024-12-19 00:00:00,,,700000.0,,,,,recommended,missing_parseable_work_id,synthetic,wk_3ebfedff8156
wk_3eccf1a65eaa,,RS,Odisha,Odisha,Puri,PURI(DISTRICT COLLECTOR PURI_IDA),PURI,Shri Subhasish Khuntia (2024-30) (2024-2030),SUBHASISH KHUNTIA,RS_SUBHASISH KHUNTIA,,Elected MP,Construction of community centers and community halls,Normal/Others,Normal/Others,,Construction of Ugrasena Community Center at Balisahi.,Construction of Ugrasena Community Center at Balisahi.,2025-09-26 00:00:00,,,400000.0,,,,,recommended,missing_parseable_work_id,synthetic,wk_3eccf1a65eaa
wk_3ecd834c6817,,RS,Kerala,Kerala,Kasaragod,KASARAGOD(DISTRICT COLLECTOR KASARAGOD_IDA),KASARAGOD,Shri Abdul Wahab (2021-27) (2021-2027),ABDUL WAHAB,RS_ABDUL WAHAB,,Elected MP,"Construction of roads, link roads, pathways or any other road with or without drainage system",Normal/Others,Normal/Others,,"Construction of Aramanganam - Maravayal road or pathway, Ward no.14, Chemmanad Panchayat","Construction of Aramanganam - Maravayal road or pathway, Ward no.14, Chemmanad Panchayat",2025-03-15 00:00:00,,,200000.0,,,,,recommended,missing_parseable_work_id,synthetic,wk_3ecd834c6817
wk_3f3d4f755393,,RS,Assam,Assam,Sribhumi,"Sribhumi(Deputy Commissioner , Karimganj)",SRIBHUMI,Shri Kanad Purkayastha (2025-31) (2025-2031),KANAD PURKAYASTHA,RS_KANAD PURKAYASTHA,,Elected MP,Construction of community centers and community halls,Normal/Others,Normal/Others,,"Construction of a Multi-purpose Community Hall at Madhav Dham, Shrigauri","Construction of a Multi-purpose Community Hall at Madhav Dham, Shrigauri",2025-12-30 00:00:00,,,3500000.0,,,,,recommended,missing_parseable_work_id,synthetic,wk_3f3d4f755393
wk_3f5095ab37e3,,RS,Rajasthan,Rajasthan,Jhunjhunu,JHUNJHUNU(DISTRICT COLLECTOR JHUNJHUNU_IDA),JHUNJHUNU,Shri Randeep Singh Surjewala (2022-28) (2022-2028),RANDEEP SINGH SURJEWALA,RS_RANDEEP SINGH SURJEWALA,,Elected MP,"Construction of roads, link roads, pathways or any other road with or without drainage system",Normal/Others,Normal/Others,,Construction work of CC Road from Bagad Bypass towards Ojja Dhani at Village Ratan Shahar (Makhar),Construction work of CC Road from Bagad Bypass towards Ojja Dhani at Village Ratan Shahar (Makhar),2024-08-20 00:00:00,,,1000000.0,,,,,recommended,missing_parseable_work_id,synthetic,wk_3f5095ab37e3
wk_3f565f2abbbb,,RS,Kerala,Kerala,Kottayam,KOTTAYAM(DISTRICT COLLECTOR KOTTAYAM_IDA),KOTTAYAM,Shri Jose K. Mani (2024-30) (2024-2030),JOSE K MANI,RS_JOSE K MANI,,Elected MP,"Construction of roads, link roads, pathways or any other road with or without drainage system",Normal/Others,Normal/Others,,Construction of Pulikkakunnel- Mekkadoor Poovatholil Road,Construction of Pulikkakunnel- Mekkadoor Poovatholil Road,2025-05-21 00:00:00,,,500000.0,,,,,recommended,missing_parseable_work_id,synthetic,wk_3f565f2abbbb
wk_3f694d062a32,,RS,Maharashtra,Maharashtra,Buldhana,BULDHANA(DISTRICT COLLECTOR BULDHANA_IDA),BULDHANA,Dr. Ajeet Madhavrao Gopchade (2024-30) (2024-2030),AJEET MADHAVRAO GOPCHADE,RS_AJEET MADHAVRAO GOPCHADE,,Elected MP,Construction of rooms and halls in school and colleges,Trust and Society,Trust and Society,,"Construction of rooms for laboratory in Torana Madhamik Vidyalaya at Udaynagar, Tq. Chikhali, Dist. Buldhana","Construction of rooms for laboratory in Torana Madhamik Vidyalaya at Udaynagar, Tq. Chikhali, Dist. Buldhana",2024-10-05 00:00:00,,,2500000.0,,,,,recommended,missing_parseable_work_id,synthetic,wk_3f694d062a32
wk_3f899a24be0e,,RS,Bihar,Bihar,Vaishali,VAISHALI(DISTRICT PLANNING OFFICER VAISHALI_IDA),VAISHALI,Shri Sanjay Yadav (2024-30) (2024-2030),SANJAY YADAV,RS_SANJAY YADAV,,Elected MP,Construction of community centers and community halls,Normal/Others,Normal/Others,,"Construction of a community building on the available land in Saidpur Ganesh Panchayat under Bidupur block, including one borewell with hand pump, one toilet, two urinals, one room (12 x 10), and one large hall.","Construction of a community building on the available land in Saidpur Ganesh Panchayat under Bidupur block, including one borewell with hand pump, one toilet, two urinals, one room (12 x 10), and one large hall.",2025-09-27 00:00:00,,,1499000.0,,,,,recommended,missing_parseable_work_id,synthetic,wk_3f899a24be0e
wk_3fa666c480de,,RS,Karnataka,Karnataka,Kodagu,KODAGU(Deputy Commsioner Kodagu_ida),KODAGU,Shri G.C. Chandrashekhar (2024-30) (2024-2030),G C CHANDRASHEKHAR,RS_G C CHANDRASHEKHAR,,Elected MP,Construction of buildings for crèches and anganwadies,Normal/Others,Normal/Others,,"compound construction at Mukambika Institution Kodagu District, Kushalnagar Talluk","compound construction at Mukambika Institution Kodagu District, Kushalnagar Talluk",2025-09-15 00:00:00,,,500000.0,,,,,recommended,missing_parseable_work_id,synthetic,wk_3fa666c480de
wk_3fafc555649f,,RS,West Bengal,West Bengal,Paschim Medinipur,Paschim Medinipur(DISTRICT MAGISTRATE PASCHIM MEDINIPUR_IDA),PASCHIM MEDINIPUR,Ms. Dola Sen (2023-29) (2023-2029),DOLA SEN,RS_DOLA SEN,,Elected MP,Lighting of public spaces,Normal/Others,Normal/Others,,INSTALLATION OF ONE (01) NUMBER OF HIGH MAST LIGHT IN FRONT OF BARNAPARICHAY GATE AT SINGHADANGA NEAR BIRSINGHA VILLAGE WITHIN BIRSINGHA GP IN PASCHIM MEDINIPUR DISTRICT.,INSTALLATION OF ONE (01) NUMBER OF HIGH MAST LIGHT IN FRONT OF BARNAPARICHAY GATE AT SINGHADANGA NEAR BIRSINGHA VILLAGE WITHIN BIRSINGHA GP IN PASCHIM MEDINIPUR DISTRICT.,2025-09-02 00:00:00,,,778085.0,,,,,recommended,missing_parseable_work_id,synthetic,wk_3fafc555649f
wk_3fb2b3b484c5,,RS,Maharashtra,Maharashtra,Sindhudurg,SINDHUDURG(DISTRICT COLLECTOR SINDHUDURG_IDA),SINDHUDURG,Shri Sanjay Raut (2022-28) (2022-2028),SANJAY RAUT,RS_SANJAY RAUT,,Elected MP,"Construction of roads, link roads, pathways or any other road with or without drainage system",Normal/Others,Normal/Others,,"District Sindhudurg Taluka Sawantwadi, At Post Insuli Old National Road No. 17 to Mayekar Home","District Sindhudurg Taluka Sawantwadi, At Post Insuli Old National Road No. 17 to Mayekar Home",2024-12-20 00:00:00,,,3000000.0,,,,,recommended,missing_parseable_work_id,synthetic,wk_3fb2b3b484c5
wk_3ff8f0a868b6,,RS,Uttarakhand,Uttarakhand,Chamoli,CHAMOLI(DM Chamoli_IDA),CHAMOLI,Shri Mahendra Bhatt (2024-30) (2024-2030),MAHENDRA BHATT,RS_MAHENDRA BHATT,,Elected MP,"Construction of roads, link roads, pathways or any other road with or without drainage system",Normal/Others,Normal/Others,,"Vikash khand pokhari me Gram panchayat satiyana me nok tok me sadak se kevalanand dimri ke makan tak C C Marg evam reling nirman, K.S.- Gram Panchayat satiyana","Vikash khand pokhari me Gram panchayat satiyana me nok tok me sadak se kevalanand dimri ke makan tak C C Marg evam reling nirman, K.S.- Gram Panchayat satiyana",2025-12-16 00:00:00,,,500000.0,,,,,recommended,missing_parseable_work_id,synthetic,wk_3ff8f0a868b6
wk_403ca75bb18b,,RS,Karnataka,Karnataka,Ballari,BALLARI(DEPUTY COMMISSIONER BELLARY_IDA),BALLARI,Dr. Syed Naseer Hussain (2024-30) (2024-2030),SYED NASEER HUSSAIN,RS_SYED NASEER HUSSAIN,,Elected MP,Construction of community centers and community halls,Trust and Society,Trust and Society,,Construction of Community Hall (Continued work),Construction of Community Hall (Continued work),2025-09-12 00:00:00,,,1000000.0,,,,,recommended,missing_parseable_work_id,synthetic,wk_403ca75bb18b
wk_4141763658fc,,LS,Delhi,Delhi,Central,CENTRAL(COMMISSIONER MCD (CENTRAL DISTRICT)),CENTRAL,Bansuri Swaraj,BANSURI SWARAJ,LS_BANSURI SWARAJ,NEW DELHI,,Installation of fixed garden gym equipment,Normal/Others,Normal/Others,,Provision of Open Gym,Provision of Open Gym,2024-11-16 00:00:00,,,250000.0,,,,,recommended,missing_parseable_work_id,synthetic,wk_4141763658fc
wk_415eecfa4440,,LS,West Bengal,West Bengal,North 24 Parganas,North 24 Parganas(DISTRICT MAGISTRATE NORTH TWENTY FOUR PARGANAS_IDA),NORTH 24 PARGANAS,Kakoli Ghosh Dastidar,KAKOLI GHOSH DASTIDAR,LS_KAKOLI GHOSH DASTIDAR,BARASAT,,Lighting of public spaces,Normal/Others,Normal/Others,,High must light,High must light,2024-09-15 00:00:00,,,450000.0,,,,,recommended,missing_parseable_work_id,synthetic,wk_415eecfa4440
wk_41841262a513,,LS,Karnataka,Karnataka,Kodagu,KODAGU(Deputy Commsioner Kodagu_ida),KODAGU,YADUVEER KRISHNADATTA CHAMARAJA WADIYAR,YADUVEER KRISHNADATTA CHAMARAJA WADIYAR,LS_YADUVEER KRISHNADATTA CHAMARAJA WADIYAR,MYSORE,,"Construction of Government office buildings (Post office, Police station, Police chauki, etc.)",Repair and Renovation,Repair and Renovation,,Renovation of post office,Renovation of post office,2024-12-21 00:00:00,,,200000.0,,,,,recommended,missing_parseable_work_id,synthetic,wk_41841262a513
wk_418654277f66,,RS,Jharkhand,Jharkhand,Giridih,GIRIDIH(Deputy Commissioner Giridh_IDA),GIRIDIH,Dr. Sarfraz Ahmad (2024-30) (2024-2030),SARFRAZ AHMAD,RS_SARFRAZ AHMAD,,Elected MP,"Construction of roads, link roads, pathways or any other road with or without drainage system",Normal/Others,Normal/Others,,"Construction of pavers blocks in Panchayat Maheshlundi, Village Tinkonia Baddiha WTP premises of Block Giridih.","Construction of pavers blocks in Panchayat Maheshlundi, Village Tinkonia Baddiha WTP premises of Block Giridih.",2025-08-21 00:00:00,,,250000.0,,,,,recommended,missing_parseable_work_id,synthetic,wk_418654277f66
wk_41ddd8530018,,LS,Gujarat,Gujarat,Rajkot,RAJKOT(DISTRICT COLLECTOR RAJKOT_IDA),RAJKOT,PARSHOTTAMBHAI RUPALA,PARSHOTTAMBHAI RUPALA,LS_PARSHOTTAMBHAI RUPALA,RAJKOT,,"Purchase of hearse van (Four, three and two wheelers)",Normal/Others,Normal/Others,,Purchase of Hearse Van at Kanpar village,Purchase of Hearse Van at Kanpar village,2024-09-19 00:00:00,,,300000.0,,,,,recommended,missing_parseable_work_id,synthetic,wk_41ddd8530018
wk_41e5d6652b7a,,RS,Odisha,Odisha,Kataka,Kataka(DISTRICT COLLECTOR CUTTACK_IDA),KATAKA,Smt. Sulata Deo (2022-28) (2022-2028),SULATA DEO,RS_SULATA DEO,,Elected MP,Purchase of ambulance to transport sick and injured animals,Normal/Others,Normal/Others,,"Purchase of Ambulance for rescue/help sick and injured animals in favour of Speak for Animals (Non Profitable Trust) NGO Vide Registration No: 1081602604, Add: Plot No. 3148 Block Cuttacksadar Village, Khandeita Cuttack, Odisha, Email: speakforanimals.odisha@gmail.com","Purchase of Ambulance for rescue/help sick and injured animals in favour of Speak for Animals (Non Profitable Trust) NGO Vide Registration No: 1081602604, Add: Plot No. 3148 Block Cuttacksadar Village, Khandeita Cuttack, Odisha, Email: speakforanimals.odisha@gmail.com",2023-09-18 00:00:00,,,1200000.0,,,,,recommended,missing_parseable_work_id,synthetic,wk_41e5d6652b7a
wk_41fa4fdd30e2,,RS,Assam,Assam,Sivasagar,SIVASAGAR(Deputy Commissioner Sivsagar_IDA),SIVASAGAR,Shri Pabitra Margherita (2022-28) (2022-2028),PABITRA MARGHERITA,RS_PABITRA MARGHERITA,,Elected MP,Construction of community centers and community halls,Normal/Others,Normal/Others,,CONSTRUCTION OF NAMSAI SANSKRITIK KENDRA,CONSTRUCTION OF NAMSAI SANSKRITIK KENDRA,2026-01-27 00:00:00,,,200000.0,,,,,recommended,missing_parseable_work_id,synthetic,wk_41fa4fdd30e2
wk_422700044c5d,,RS,Maharashtra,Maharashtra,Kolhapur,KOLHAPUR(DISTRICT COLLECTOR KOLHAPUR_IDA),KOLHAPUR,Dr. Medha Vishram Kulkarni (2024-30) (2024-2030),MEDHA VISHRAM KULKARNI,RS_MEDHA VISHRAM KULKARNI,,Elected MP,Purchase of furniture and fixtures for educational purposes,Normal/Others,Normal/Others,,Providing School Bench (10) to Indumati Awade High School and Mayur Jr. College Ichalkaranji,Providing School Bench (10) to Indumati Awade High School and Mayur Jr. College Ichalkaranji,2025-07-15 00:00:00,,,65000.0,,,,,recommended,missing_parseable_work_id,synthetic,wk_422700044c5d
wk_424508c00b9b,,LS,Madhya Pradesh,Madhya Pradesh,Narmadapuram,NARMADAPURAM(DISTRICT COLLECTOR NARMADAPURAM_IDA),NARMADAPURAM,DARSHAN SINGH CHOUDHARY,DARSHAN SINGH CHOUDHARY,LS_DARSHAN SINGH CHOUDHARY,HOSHANGABAD,,Installation of multi-gym equipment,Normal/Others,Normal/Others,,"demand is for open gym at ward no 12, contact person smt pooja arpit malviya ji 9907039999","demand is for open gym at ward no 12, contact person smt pooja arpit malviya ji 9907039999",2024-12-19 00:00:00,,,50000.0,,,,,recommended,missing_parseable_work_id,synthetic,wk_424508c00b9b
wk_424577cdf434,,RS,Assam,Assam,Sivasagar,SIVASAGAR(Deputy Commissioner Sivsagar_IDA),SIVASAGAR,Shri Pabitra Margherita (2022-28) (2022-2028),PABITRA MARGHERITA,RS_PABITRA MARGHERITA,,Elected MP,Construction of community centers and community halls,Normal/Others,Normal/Others,,"DEVELOPMENT OF 6 NO LINE SANSKRITIK KENDRA, HALUWATING T.E","DEVELOPMENT OF 6 NO LINE SANSKRITIK KENDRA, HALUWATING T.E",2026-01-27 00:00:00,,,200000.0,,,,,recommended,missing_parseable_work_id,synthetic,wk_424577cdf434
wk_4262d68e01bd,,RS,Kerala,Kerala,Thiruvananthapuram,THIRUVANANTHAPURAM(DISTRICT COLLECTOR THIRUVANANTHAPURAM_IDA),THIRUVANANTHAPURAM,Shri Haris Beeran (2024-30) (2024-2030),HARIS BEERAN,RS_HARIS BEERAN,,Elected MP,Construction of common work sheds/ common covered sitting area,Normal/Others,Normal/Others,,Construction work for the waiting shed at Panavoor Jun.,Construction work for the waiting shed at Panavoor Jun.,2025-06-01 00:00:00,,,500000.0,,,,,recommended,missing_parseable_work_id,synthetic,wk_4262d68e01bd
wk_42832258cc82,,LS,Uttar Pradesh,Uttar Pradesh,Auraiya,AURAIYA(DISTRICT MAGISTRATE AURAIYA_IDA),AURAIYA,AKHILESH YADAV,AKHILESH YADAV,LS_AKHILESH YADAV,KANNAUJ,,Lighting of public spaces,Normal/Others,Normal/Others,,Installation work of a solar plant light near the house of Shri Ramchandra Savita son of Bhikhalal village Ariyari development block Sahar district Auraiya. Mob.-7017162032 By-Shri Pramod Kumar Savita,Installation work of a solar plant light near the house of Shri Ramchandra Savita son of Bhikhalal village Ariyari development block Sahar district Auraiya. Mob.-7017162032 By-Shri Pramod Kumar Savita,2024-12-10 00:00:00,,,15500.0,,,,,recommended,missing_parseable_work_id,synthetic,wk_42832258cc82
wk_4285800069d9,,RS,Madhya Pradesh,Madhya Pradesh,Sheopur,SHEOPUR(District Collector Sheopur_IDA),SHEOPUR,Shri Ashok Singh (2024-30) (2024-2030),ASHOK SINGH,RS_ASHOK SINGH,,Elected MP,Construction of buildings for community cultural activities,Normal/Others,Normal/Others,,"Construction of Building Dist. Sheopur, Madhya Pradesh","Construction of Building Dist. Sheopur, Madhya Pradesh",2025-05-27 00:00:00,,,500000.0,,,,,recommended,missing_parseable_work_id,synthetic,wk_4285800069d9
wk_429795747c52,,RS,Kerala,Kerala,Malappuram,MALAPPURAM(DISTRICT COLLECTOR MALAPPURAM_IDA),MALAPPURAM,Shri Abdul Wahab (2021-27) (2021-2027),ABDUL WAHAB,RS_ABDUL WAHAB,,Elected MP,"Purchase of IT systems, including hardware and software for educational purposes",Normal/Others,Normal/Others,,"Purchasing of Computers for GHSS Vaniyambalam, Ward No.09, Wandoor Panchayat","Purchasing of Computers for GHSS Vaniyambalam, Ward No.09, Wandoor Panchayat",2025-07-21 00:00:00,,,200000.0,,,,,recommended,missing_parseable_work_id,synthetic,wk_429795747c52
wk_429efdf5b5c0,,RS,Puducherry,Puducherry,Puducherry,Puducherry(PROJECT DIRECTOR RDA PUDUCHERRY_IDA),PUDUCHERRY,Shri S. Selvaganabathy (2021-27) (2021-2027),S SELVAGANABATHY,RS_S SELVAGANABATHY,,Elected MP,Purchase Books for Library,Normal/Others,Normal/Others,,"""Kambaramayanam' Published by Kamban Kazhagam, Puducherry","""Kambaramayanam' Published by Kamban Kazhagam, Puducherry",2024-09-30 00:00:00,,,480000.0,,,,,recommended,missing_parseable_work_id,synthetic,wk_429efdf5b5c0
wk_42b1a03911e9,,RS,Assam,Assam,Sivasagar,SIVASAGAR(Deputy Commissioner Sivsagar_IDA),SIVASAGAR,Shri Pabitra Margherita (2022-28) (2022-2028),PABITRA MARGHERITA,RS_PABITRA MARGHERITA,,Elected MP,Construction of community centers and community halls,Normal/Others,Normal/Others,,CONSTRUCTION OF MOHAN GAON SANSKRITIK KENDRA,CONSTRUCTION OF MOHAN GAON SANSKRITIK KENDRA,2026-01-27 00:00:00,,,200000.0,,,,,recommended,missing_parseable_work_id,synthetic,wk_42b1a03911e9
wk_4323c0b66ab2,,RS,Rajasthan,Rajasthan,Jaipur,JAIPUR(DISTRICT COLLECTOR JAIPUR_IDA),JAIPUR,Shri Ghanshyam Tiwari (2022-28) (2022-2028),GHANSHYAM TIWARI,RS_GHANSHYAM TIWARI,,Elected MP,Installing tube-wells and borewells,Normal/Others,Normal/Others,,"Installing of Tubewell and Motor near Radha Govinddevji Mandir in Baldev Nagar yojana in Manyawas, Mansarover","Installing of Tubewell and Motor near Radha Govinddevji Mandir in Baldev Nagar yojana in Manyawas, Mansarover",2025-09-12 00:00:00,,,350000.0,,,,,recommended,missing_parseable_work_id,synthetic,wk_4323c0b66ab2
wk_4386113dc996,,RS,Madhya Pradesh,Madhya Pradesh,Jabalpur,JABALPUR(DISTRICT COLLECTOR JABALPUR_IDA),JABALPUR,Shri Vivek K. Tankha (2022-28) (2022-2028),VIVEK K TANKHA,RS_VIVEK K TANKHA,,Elected MP,Construction of shelters for animals,Normal/Others,Normal/Others,,"Shri Geetadham Goushala Samiti Gwarighat Jabalpur, Panjiyan Kramank 485-4-4-2003, dwara chalit Goushala me Govansh hetu Teen Shed nirman, Jabalpur","Shri Geetadham Goushala Samiti Gwarighat Jabalpur, Panjiyan Kramank 485-4-4-2003, dwara chalit Goushala me Govansh hetu Teen Shed nirman, Jabalpur",2026-01-03 00:00:00,,,300000.0,,,,,recommended,missing_parseable_work_id,synthetic,wk_4386113dc996
wk_43aaefc33fe2,,RS,Kerala,Kerala,Malappuram,MALAPPURAM(DISTRICT COLLECTOR MALAPPURAM_IDA),MALAPPURAM,Shri Abdul Wahab (2021-27) (2021-2027),ABDUL WAHAB,RS_ABDUL WAHAB,,Elected MP,Construction of buildings for community cultural activities,Normal/Others,Normal/Others,,"Construction of building for CH Muhammed Koya Chair for studies on Developing Societies, University of Calicut, Pallikkal Panchayath","Construction of building for CH Muhammed Koya Chair for studies on Developing Societies, University of Calicut, Pallikkal Panchayath",2025-09-27 00:00:00,,,1500000.0,,,,,recommended,missing_parseable_work_id,synthetic,wk_43aaefc33fe2
wk_43f7465fae87,,RS,Madhya Pradesh,Madhya Pradesh,Jabalpur,JABALPUR(DISTRICT COLLECTOR JABALPUR_IDA),JABALPUR,Shri Vivek K. Tankha (2022-28) (2022-2028),VIVEK K TANKHA,RS_VIVEK K TANKHA,,Elected MP,Crematoriums/energy efficient crematoriums or structures on burial/cremation ground,Normal/Others,Normal/Others,,"Gram Panchayat Belkhedi, Janpad Panchayat Shahpura-Bhitoni ke gram Belkhedi main Shantidham nirman hetu, District Jabalpur","Gram Panchayat Belkhedi, Janpad Panchayat Shahpura-Bhitoni ke gram Belkhedi main Shantidham nirman hetu, District Jabalpur",2025-06-03 00:00:00,,,300000.0,,,,,recommended,missing_parseable_work_id,synthetic,wk_43f7465fae87
wk_4404fb481f22,,LS,Goa,Goa,North Goa,NORTH GOA(DISTRICT COLLECTOR NORTH GOA_IDA),NORTH GOA,Shripad Yesso Naik,SHRIPAD YESSO NAIK,LS_SHRIPAD YESSO NAIK,NORTH GOA,,"Purchase of prosthetics, wheel chairs, tricycles (manual or motorized), elect scooties, hearing aids",Normal/Others,Normal/Others,,Three wheeler bike to Mrs Sujata Arjun Narvekar,Three wheeler bike to Mrs Sujata Arjun Narvekar,2024-12-06 00:00:00,,,130000.0,,,,,recommended,missing_parseable_work_id,synthetic,wk_4404fb481f22
wk_441cd7ef3c76,,RS,Bihar,Bihar,Darbhanga,DARBHANGA(DISTRICT PLANNING OFFICER DARBANGA_IDA),DARBHANGA,Dr. Dharmshila Gupta (2024-30) (2024-2030),DHARMSHILA GUPTA,RS_DHARMSHILA GUPTA,,Elected MP,Lighting of public spaces,Normal/Others,Normal/Others,,HIGH MAST ELECTRIC LIGHT 12.5 MTRS HIGHT - BENTA CHOWK NEAR MAHAVIR MANDIR KE NIKAT,HIGH MAST ELECTRIC LIGHT 12.5 MTRS HIGHT - BENTA CHOWK NEAR MAHAVIR MANDIR KE NIKAT,2024-10-29 00:00:00,,,498000.0,,,,,recommended,missing_parseable_work_id,synthetic,wk_441cd7ef3c76
wk_4493250de46c,,LS,Maharashtra,Maharashtra,Beed,BEED(DISTRICT COLLECTOR BEED_IDA),BEED,BAJRANG MANOHAR SONWANE,BAJRANG MANOHAR SONWANE,LS_BAJRANG MANOHAR SONWANE,BEED,,Construction of community centers and community halls,Normal/Others,Normal/Others,,Construction of Sabha Mandap on Gram Panchayat land near Sri Sant Narayan Baba Paduka Temple.,Construction of Sabha Mandap on Gram Panchayat land near Sri Sant Narayan Baba Paduka Temple.,2024-12-09 00:00:00,,,1000000.0,,,,,recommended,missing_parseable_work_id,synthetic,wk_4493250de46c
wk_44945aa61310,,LS,Kerala,Kerala,Ernakulam,ERNAKULAM(DISTRICT COLLECTOR ERNAKULAM_IDA),ERNAKULAM,Shri Benny Behanan,BENNY BEHANAN,LS_BENNY BEHANAN,CHALAKUDY,,Setting up of kitchen and pantries,Normal/Others,Normal/Others,,"CONSTRUCTION OF BUILDING FOR KITCHEN CUM MESS HALL TO SNEHA SADAN SPECIAL SCHOOL 5 FOR MENTALLY RETARDED CHILDREN, POTHIYAKKARA, YORDHANAPURAM, KALADY GRAMA PANCHAYATH.","CONSTRUCTION OF BUILDING FOR KITCHEN CUM MESS HALL TO SNEHA SADAN SPECIAL SCHOOL 5 FOR MENTALLY RETARDED CHILDREN, POTHIYAKKARA, YORDHANAPURAM, KALADY GRAMA PANCHAYATH.",2024-10-28 00:00:00,,,1650000.0,,,,,recommended,missing_parseable_work_id,synthetic,wk_44945aa61310
wk_44c36e6ebacb,,RS,Bihar,Bihar,Supaul,SUPAUL(DISTRICT PLANNING OFFICER SUPAUL_IDA),SUPAUL,Prof. Manoj Kumar Jha (2024-30) (2024-2030),MANOJ KUMAR JHA,RS_MANOJ KUMAR JHA,,Elected MP,Lighting of public spaces,Normal/Others,Normal/Others,,Installation work of high mast light Sripur Baba ram thakur Mandir located in Ward No 10 under Pratapganj Block.,Installation work of high mast light Sripur Baba ram thakur Mandir located in Ward No 10 under Pratapganj Block.,2025-08-06 00:00:00,,,820000.0,,,,,recommended,missing_parseable_work_id,synthetic,wk_44c36e6ebacb
wk_44f4c52fc825,,RS,Kerala,Kerala,Malappuram,MALAPPURAM(DISTRICT COLLECTOR MALAPPURAM_IDA),MALAPPURAM,Shri P. P. Suneer (2024-30) (2024-2030),P P SUNEER,RS_P P SUNEER,,Elected MP,"Construction of roads, link roads, pathways or any other road with or without drainage system",Normal/Others,Normal/Others,,CONSTRUCTION OF KAKKERI SC NAGAR CONCRETE ROAD OF WARD-13 OF OTHUKKUNGAL GRAMA PANCHAYAT,CONSTRUCTION OF KAKKERI SC NAGAR CONCRETE ROAD OF WARD-13 OF OTHUKKUNGAL GRAMA PANCHAYAT,2025-11-05 00:00:00,,,1000000.0,,,,,recommended,missing_parseable_work_id,synthetic,wk_44f4c52fc825
wk_45055790172c,,RS,Karnataka,Karnataka,Udupi,UDUPI(DEPUTY COMMISSIONER UDUPI_IDA),UDUPI,Dr. Dharmasthala Veerendra Heggade (2022-28) (2022-2028),DHARMASTHALA VEERENDRA HEGGADE,RS_DHARMASTHALA VEERENDRA HEGGADE,,Nominated MP,"Purchase of smart boards, visual display units and projectors",Normal/Others,Normal/Others,,Providing Smart Class Unit (1 Nos) To Govt. High School Anegudde,Providing Smart Class Unit (1 Nos) To Govt. High School Anegudde,2025-07-09 00:00:00,,,190500.0,,,,,recommended,missing_parseable_work_id,synthetic,wk_45055790172c
wk_452e4899af65,,RS,Maharashtra,Maharashtra,Pune,PUNE(DISTRICT COLLECTOR PUNE_IDA),PUNE,Dr. Medha Vishram Kulkarni (2024-30) (2024-2030),MEDHA VISHRAM KULKARNI,RS_MEDHA VISHRAM KULKARNI,,Elected MP,Construction of bus-sheds or bus-stops,Normal/Others,Normal/Others,,"At Ward 9 Establishment of a bus stop at D-Mart, Baner.","At Ward 9 Establishment of a bus stop at D-Mart, Baner.",2025-11-26 00:00:00,,,1000000.0,,,,,recommended,missing_parseable_work_id,synthetic,wk_452e4899af65
wk_4543b0f8084d,,RS,Kerala,Kerala,Ernakulam,ERNAKULAM(DISTRICT COLLECTOR ERNAKULAM_IDA),ERNAKULAM,Shri Haris Beeran (2024-30) (2024-2030),HARIS BEERAN,RS_HARIS BEERAN,,Elected MP,"Construction of roads, link roads, pathways or any other road with or without drainage system",Repair and Renovation,Repair and Renovation,,"Maintenance and Tile-laying works of Mattekad Road Ward 12, Kalamassery Municipality Kalamassery","Maintenance and Tile-laying works of Mattekad Road Ward 12, Kalamassery Municipality Kalamassery",2025-10-05 00:00:00,,,1000000.0,,,,,recommended,missing_parseable_work_id,synthetic,wk_4543b0f8084d
wk_459e846450f2,,RS,Odisha,Odisha,Puri,PURI(DISTRICT COLLECTOR PURI_IDA),PURI,Shri Subhasish Khuntia (2024-30) (2024-2030),SUBHASISH KHUNTIA,RS_SUBHASISH KHUNTIA,,Elected MP,Construction of community centers and community halls,Normal/Others,Normal/Others,,Construction of community center of Badaakhada Jaga.,Construction of community center of Badaakhada Jaga.,2025-08-25 00:00:00,,,500000.0,,,,,recommended,missing_parseable_work_id,synthetic,wk_459e846450f2
wk_45d247ca4a3a,,RS,Maharashtra,Maharashtra,Nanded,NANDED(DISTRICT COLLECTOR NANDED_IDA),NANDED,Dr. Ajeet Madhavrao Gopchade (2024-30) (2024-2030),AJEET MADHAVRAO GOPCHADE,RS_AJEET MADHAVRAO GOPCHADE,,Elected MP,Construction of community centers and community halls,Normal/Others,Normal/Others,,"Construction of Sabhamandap Near Hanuman Mandir in the vicinity of Grampanchayat Alegaon, Tq. Kandhar Dist. Nanded","Construction of Sabhamandap Near Hanuman Mandir in the vicinity of Grampanchayat Alegaon, Tq. Kandhar Dist. Nanded",2025-11-29 00:00:00,,,1000000.0,,,,,recommended,missing_parseable_work_id,synthetic,wk_45d247ca4a3a
wk_45d362c156d0,,LS,Madhya Pradesh,Madhya Pradesh,Burhanpur,BURHANPUR(District Collector Burhanpur_IDA),BURHANPUR,Gyaneshwar Patil,GYANESHWAR PATIL,LS_GYANESHWAR PATIL,KHANDWA,,Construction of additional rooms and halls in the existing public and community building,Normal/Others,Normal/Others,,MARAISHI DAYAND WARD NUM 6,MARAISHI DAYAND WARD NUM 6,2024-10-10 00:00:00,,,500000.0,,,,,recommended,missing_parseable_work_id,synthetic,wk_45d362c156d0
wk_45d817331d37,,RS,Kerala,Kerala,Kottayam,KOTTAYAM(DISTRICT COLLECTOR KOTTAYAM_IDA),KOTTAYAM,Shri Jose K. Mani (2024-30) (2024-2030),JOSE K MANI,RS_JOSE K MANI,,Elected MP,Lighting of public spaces,Normal/Others,Normal/Others,,Installation of High Mast Light and other necessities at proposed Byepass square in KM Mani bye pass road Pala,Installation of High Mast Light and other necessities at proposed Byepass square in KM Mani bye pass road Pala,2025-08-22 00:00:00,,,500000.0,,,,,recommended,missing_parseable_work_id,synthetic,wk_45d817331d37
wk_45e17aef403a,,LS,Assam,Assam,Nagaon,NAGAON(DEPUTY COMMISSIONER NOWGONG_IDA),NAGAON,Pradyut Bordoloi,PRADYUT BORDOLOI,LS_PRADYUT BORDOLOI,NOWGONG,,Construction of community centers and community halls,Normal/Others,Normal/Others,,"Construction of Community hall near Joigun Nesa Bannat Madrasa, Kanwamari GP, Samaguri","Construction of Community hall near Joigun Nesa Bannat Madrasa, Kanwamari GP, Samaguri",2024-12-20 00:00:00,,,500000.0,,,,,recommended,missing_parseable_work_id,synthetic,wk_45e17aef403a
wk_462bb9f857bc,,RS,Bihar,Bihar,Vaishali,VAISHALI(DISTRICT PLANNING OFFICER VAISHALI_IDA),VAISHALI,Shri Sanjay Yadav (2024-30) (2024-2030),SANJAY YADAV,RS_SANJAY YADAV,,Elected MP,Construction of community centers and community halls,Normal/Others,Normal/Others,,"Construction of a community building (large hall) with a borewell hand pump, one toilet, and two urinals on the available government land in the Terasiya Panchayat under the Raghopur block.","Construction of a community building (large hall) with a borewell hand pump, one toilet, and two urinals on the available government land in the Terasiya Panchayat under the Raghopur block.",2025-09-02 00:00:00,,,1499000.0,,,,,recommended,missing_parseable_work_id,synthetic,wk_462bb9f857bc
wk_463d7506a616,,RS,Odisha,Odisha,Gajapati,GAJAPATI(District Collector Gajapati_IDA),GAJAPATI,Smt. Sulata Deo (2022-28) (2022-2028),SULATA DEO,RS_SULATA DEO,,Elected MP,Construction of buildings for community cultural activities,Normal/Others,Normal/Others,,Construction of new building at Gajapati press club Odisha union of journalists Near town Hall ward no-14 paralakhemundi municipality Krushna Chandrapur mouza Paralakhemundi tahasil Paralakhemundi Gajapati,Construction of new building at Gajapati press club Odisha union of journalists Near town Hall ward no-14 paralakhemundi municipality Krushna Chandrapur mouza Paralakhemundi tahasil Paralakhemundi Gajapati,2025-06-21 00:00:00,,,500000.0,,,,,recommended,missing_parseable_work_id,synthetic,wk_463d7506a616
wk_46513b6ad66c,,RS,Kerala,Kerala,Kottayam,KOTTAYAM(DISTRICT COLLECTOR KOTTAYAM_IDA),KOTTAYAM,Shri Jose K. Mani (2024-30) (2024-2030),JOSE K MANI,RS_JOSE K MANI,,Elected MP,Improvement of electricity distribution infrastructure,Normal/Others,Normal/Others,,KSEB line shifting for the public safty and amenities in front of Science City Kuravilangad,KSEB line shifting for the public safty and amenities in front of Science City Kuravilangad,2025-11-04 00:00:00,,,340000.0,,,,,recommended,missing_parseable_work_id,synthetic,wk_46513b6ad66c
wk_46a5e444f3cc,,RS,Rajasthan,Rajasthan,Dungarpur,DUNGARPUR(DISTRICT COLLECTOR DUNGARPUR_IDA),DUNGARPUR,Shri Madan Rathore (2024-30) (2024-2030),MADAN RATHORE,RS_MADAN RATHORE,,Elected MP,Construction of boundary walls of existing public and community buildings,Normal/Others,Normal/Others,,Construction work of the boundary wall of Akherpur Sanskrit School,Construction work of the boundary wall of Akherpur Sanskrit School,2026-01-06 00:00:00,,,750000.0,,,,,recommended,missing_parseable_work_id,synthetic,wk_46a5e444f3cc
wk_46b40200751a,,RS,Jharkhand,Jharkhand,East Singhbum,EAST SINGHBUM(DEPUTY COMMISSIONER EAST SINGHBUM_IDA),EAST SINGHBUM,Shri Pradip Kumar Varma (2024-30) (2024-2030),PRADIP KUMAR VARMA,RS_PRADIP KUMAR VARMA,,Elected MP,"Purchase of IT systems, including hardware and software for educational purposes",Normal/Others,Normal/Others,,Establishment of an Artificial Intelligence (AI) hardware and software laboratory at S.S. plus 2 High School in Jalla village of Dighi Panchayat of Patamda Block under East Singhbhum District.,Establishment of an Artificial Intelligence (AI) hardware and software laboratory at S.S. plus 2 High School in Jalla village of Dighi Panchayat of Patamda Block under East Singhbhum District.,2025-10-09 00:00:00,,,1497000.0,,,,,recommended,missing_parseable_work_id,synthetic,wk_46b40200751a
wk_46bacf377dbe,,RS,Madhya Pradesh,Madhya Pradesh,Sidhi,SIDHI(DISTRICT COLLECTOR SIDHI_IDA),SIDHI,Shri Vivek K. Tankha (2022-28) (2022-2028),VIVEK K TANKHA,RS_VIVEK K TANKHA,,Elected MP,Construction of community centers and community halls,Normal/Others,Normal/Others,,"Vikashkhand Rampur Naikin ke gram v Gram Panchayat Mau main Sanskrati Gatividhiyon ke liye Samudayik Bhawan nirman, Sidhi (mention in letter no.4159 at column no.3)","Vikashkhand Rampur Naikin ke gram v Gram Panchayat Mau main Sanskrati Gatividhiyon ke liye Samudayik Bhawan nirman, Sidhi (mention in letter no.4159 at column no.3)",2025-09-25 00:00:00,,,500000.0,,,,,recommended,missing_parseable_work_id,synthetic,wk_46bacf377dbe
wk_46e79530207b,,RS,Karnataka,Karnataka,Tumakuru,TUMAKURU(DEPUTY COMMISSIONER TUMKUR_IDA),TUMAKURU,Shri Jaggesh (2022-28) (2022-2028),JAGGESH,RS_JAGGESH,,Elected MP,"Construction of roads, link roads, pathways or any other road with or without drainage system",Normal/Others,Normal/Others,,"Construction of Road from Kumbara Gudi to Chowdarikatte, Doddasettikere Village, Mayasandra Gram Panchayat, Turuvekere Taluk, Tumukuru District, Karnataka","Construction of Road from Kumbara Gudi to Chowdarikatte, Doddasettikere Village, Mayasandra Gram Panchayat, Turuvekere Taluk, Tumukuru District, Karnataka",2025-04-22 00:00:00,,,500000.0,,,,,recommended,missing_parseable_work_id,synthetic,wk_46e79530207b
wk_46f8df82f2a7,,RS,Tamil Nadu,Tamil Nadu,Tirunelveli,TIRUNELVELI(DISTRICT COLLECTOR TIRUNELVELI_IDA),TIRUNELVELI,Shri P. Wilson (2025-31) (2025-2031),P WILSON,RS_P WILSON,,Elected MP,Construction of public toilets and bathrooms,Normal/Others,Normal/Others,,"construction of toilets and bathrooms for women at Arulmigu Ovari Sri Suyambulinga Swami Temple in Uvari, Radhapuram Assembly Constituency, Tirunelveli District","construction of toilets and bathrooms for women at Arulmigu Ovari Sri Suyambulinga Swami Temple in Uvari, Radhapuram Assembly Constituency, Tirunelveli District",2026-01-19 00:00:00,,,2050000.0,,,,,recommended,missing_parseable_work_id,synthetic,wk_46f8df82f2a7
wk_47422905df6b,,RS,Kerala,Kerala,Kottayam,KOTTAYAM(DISTRICT COLLECTOR KOTTAYAM_IDA),KOTTAYAM,Shri Jose K. Mani (2024-30) (2024-2030),JOSE K MANI,RS_JOSE K MANI,,Elected MP,Lighting of public spaces,Normal/Others,Normal/Others,,Installation of Mini Mast Light at near Punnathura Vellappally St Joseph High School Jn,Installation of Mini Mast Light at near Punnathura Vellappally St Joseph High School Jn,2025-05-21 00:00:00,,,200000.0,,,,,recommended,missing_parseable_work_id,synthetic,wk_47422905df6b
wk_478f336c962b,,RS,West Bengal,West Bengal,Bankura,BANKURA(DISTRICT MAGISTRATE BANKURA_IDA),BANKURA,Shri Samik Bhattacharya (2024-30) (2024-2030),SAMIK BHATTACHARYA,RS_SAMIK BHATTACHARYA,,Elected MP,Purchase of non-conventional energy system and devices for community use,Normal/Others,Normal/Others,,"Installation of Solar Submersible pump with multi-tap water tank at Mankanali,JL-225,Plot no-1291-92,Mankanali Gram Panchayat under development block Bankura-II","Installation of Solar Submersible pump with multi-tap water tank at Mankanali,JL-225,Plot no-1291-92,Mankanali Gram Panchayat under development block Bankura-II",2025-07-18 00:00:00,,,500000.0,,,,,recommended,missing_parseable_work_id,synthetic,wk_478f336c962b
wk_47bc6f8c5a2a,,RS,Assam,Assam,Chirang,CHIRANG(Deputy Commissioner Chirang_IDA),CHIRANG,Shri Rwngwra Narzary (2022-28) (2022-2028),RWNGWRA NARZARY,RS_RWNGWRA NARZARY,,Elected MP,Construction of community centers and community halls,Normal/Others,Normal/Others,,Construction of community Hall near Bodosa Primary Swarup stiti Prasar sansad under Amguri VCDC,Construction of community Hall near Bodosa Primary Swarup stiti Prasar sansad under Amguri VCDC,2024-09-11 00:00:00,,,1000000.0,,,,,recommended,missing_parseable_work_id,synthetic,wk_47bc6f8c5a2a
wk_47f80d2ad669,,RS,Kerala,Kerala,Palakkad,PALAKKAD(DISTRICT COLLECTOR PALAKKAD_IDA),PALAKKAD,Shri Abdul Wahab (2021-27) (2021-2027),ABDUL WAHAB,RS_ABDUL WAHAB,,Elected MP,Lighting of public spaces,Normal/Others,Normal/Others,,"Setting up of Mini mast light near Ariyoor Paduvilkulamb Madrasa, Ward No.9, Kottoppadam Panchayat","Setting up of Mini mast light near Ariyoor Paduvilkulamb Madrasa, Ward No.9, Kottoppadam Panchayat",2025-10-21 00:00:00,,,250000.0,,,,,recommended,missing_parseable_work_id,synthetic,wk_47f80d2ad669
wk_4805efcca089,,RS,Madhya Pradesh,Madhya Pradesh,Betul,BETUL(DISTRICT COLLECTOR BETUL_IDA),BETUL,Shri Vivek K. Tankha (2022-28) (2022-2028),VIVEK K TANKHA,RS_VIVEK K TANKHA,,Elected MP,Development of playfields and sports grounds,Normal/Others,Normal/Others,,"Abhibhashak Sangh Multai me Mahila adhivakta kaksh evam Shauchalay nirman, Tilak ward no.2, Tahsil Multai, Betul","Abhibhashak Sangh Multai me Mahila adhivakta kaksh evam Shauchalay nirman, Tilak ward no.2, Tahsil Multai, Betul",2026-01-17 00:00:00,,,1500000.0,,,,,recommended,missing_parseable_work_id,synthetic,wk_4805efcca089
wk_48299100caac,,RS,Maharashtra,Maharashtra,Nanded,NANDED(DISTRICT COLLECTOR NANDED_IDA),NANDED,Shri Ashokrao Shankarrao Chavan (2024-30) (2024-2030),ASHOKRAO SHANKARRAO CHAVAN,RS_ASHOKRAO SHANKARRAO CHAVAN,,Elected MP,"Construction of roads, link roads, pathways or any other road with or without drainage system",Normal/Others,Normal/Others,,"Construction of C C road from Hanuman Mandir to Zilla Parishad School at Nizampurwadi under Mauje Bamani Gram Panchayat, taluka Ardhapur District nanded","Construction of C C road from Hanuman Mandir to Zilla Parishad School at Nizampurwadi under Mauje Bamani Gram Panchayat, taluka Ardhapur District nanded",2025-03-31 00:00:00,,,1500000.0,,,,,recommended,missing_parseable_work_id,synthetic,wk_48299100caac
wk_4830e3a35e92,,RS,Karnataka,Karnataka,Belagavi,BELAGAVI(DEPUTY COMMISSIONER BELGAUM_IDA),BELAGAVI,Shri Jairam Ramesh (2022-28) (2022-2028),JAIRAM RAMESH,RS_JAIRAM RAMESH,,Elected MP,Construction of rooms and halls in school and colleges,Normal/Others,Normal/Others,,Village Katridaddi Tahashil. Kittur,Village Katridaddi Tahashil. Kittur,2025-09-19 00:00:00,,,1700000.0,,,,,recommended,missing_parseable_work_id,synthetic,wk_4830e3a35e92
wk_483f56800d64,,RS,Tamil Nadu,Tamil Nadu,Tirunelveli,TIRUNELVELI(DISTRICT COLLECTOR TIRUNELVELI_IDA),TIRUNELVELI,Shri I.S. Inbadurai (2025-31) (2025-2031),I S INBADURAI,RS_I S INBADURAI,,Elected MP,Street lights,Normal/Others,Normal/Others,,Providing 12 Meter High-mast Light pole with 150W Solar light arrangements at Near BSNL Exchange in Peridar Melanmai Building in Overi Panchayat in Radhapuram Panchayat Union. (6 Nos),Providing 12 Meter High-mast Light pole with 150W Solar light arrangements at Near BSNL Exchange in Peridar Melanmai Building in Overi Panchayat in Radhapuram Panchayat Union. (6 Nos),2025-12-23 00:00:00,,,750000.0,,,,,recommended,missing_parseable_work_id,synthetic,wk_483f56800d64
wk_48570de986d6,,RS,Tamil Nadu,Tamil Nadu,Tiruppur,TIRUPPUR(DISTRICT COLLECTOR TIRUPPUR_IDA),TIRUPPUR,Shri P. Wilson (2025-31) (2025-2031),P WILSON,RS_P WILSON,,Elected MP,Construction of water tanks,Normal/Others,Normal/Others,,construction of Overhead Water Tank at Varattukarai area of Valliyarachal Panchayat in Tiruppur District,construction of Overhead Water Tank at Varattukarai area of Valliyarachal Panchayat in Tiruppur District,2026-01-14 00:00:00,,,850000.0,,,,,recommended,missing_parseable_work_id,synthetic,wk_48570de986d6
wk_485856769c32,,RS,Uttar Pradesh,Uttar Pradesh,Gautam Buddha Nagar,GAUTAM BUDDHA NAGAR(DISTRICT MAGISTRATE GAUTAMBUDHNAGAR),GAUTAM BUDDHA NAGAR,Shri Jayant Chaudhary (2022-28) (2022-2028),JAYANT CHAUDHARY,RS_JAYANT CHAUDHARY,,Elected MP,Construction of stadiums,Normal/Others,Normal/Others,,"This money is being released as the first installment for the construction of a wrestling stadium at Kisan Adarsh Inter College, Dankaur","This money is being released as the first installment for the construction of a wrestling stadium at Kisan Adarsh Inter College, Dankaur",2025-05-29 00:00:00,,,25000000.0,,,,,recommended,missing_parseable_work_id,synthetic,wk_485856769c32
wk_48aed9a026bc,,LS,Kerala,Kerala,Kottayam,KOTTAYAM(DISTRICT COLLECTOR KOTTAYAM_IDA),KOTTAYAM,Shri Suresh Kodikunnil,SURESH KODIKUNNIL,LS_SURESH KODIKUNNIL,MAVELIKKARA(SC),,"Construction of roads, link roads, pathways or any other road with or without drainage system",Normal/Others,Normal/Others,,Construction and concreating of road from Aryapally to Malekkal road to south in Madapally GP,Construction and concreating of road from Aryapally to Malekkal road to south in Madapally GP,2024-11-07 00:00:00,,,1000000.0,,,,,recommended,missing_parseable_work_id,synthetic,wk_48aed9a026bc
wk_48af05ffbe98,,RS,Jammu And Kashmir,Jammu And Kashmir,Jammu,JAMMU(DEPUTY COMMISSIONER JAMMU_IDA),JAMMU,Shri Gulam Ali (2022-28) (2022-2028),GULAM ALI,RS_GULAM ALI,,Nominated MP,Construction of public irrigation facilities,Normal/Others,Normal/Others,,covering of open nallaah along side shorya smark park,covering of open nallaah along side shorya smark park,2025-01-29 00:00:00,,,2000000.0,,,,,recommended,missing_parseable_work_id,synthetic,wk_48af05ffbe98
wk_4921d7ec35c4,,RS,Tamil Nadu,Tamil Nadu,Tirunelveli,TIRUNELVELI(DISTRICT COLLECTOR TIRUNELVELI_IDA),TIRUNELVELI,Shri I.S. Inbadurai (2025-31) (2025-2031),I S INBADURAI,RS_I S INBADURAI,,Elected MP,Street lights,Normal/Others,Normal/Others,,Providing of 12 Meter High-mast Light pole with 150W Solar light arrangements ward no.7 in Govt.Hr.Sec.School Street Near Anna Nagar salai in Panagudi Townpanchayat.,Providing of 12 Meter High-mast Light pole with 150W Solar light arrangements ward no.7 in Govt.Hr.Sec.School Street Near Anna Nagar salai in Panagudi Townpanchayat.,2025-12-23 00:00:00,,,750000.0,,,,,recommended,missing_parseable_work_id,synthetic,wk_4921d7ec35c4
wk_493b175f8d24,,RS,Kerala,Kerala,Kannur,KANNUR(DISTRICT COLLECTOR KANNUR_IDA),KANNUR,Shri Sandosh Kumar P (2022-28) (2022-2028),SANDOSH KUMAR P,RS_SANDOSH KUMAR P,,Elected MP,"Construction of roads, link roads, pathways or any other road with or without drainage system",Normal/Others,Normal/Others,,CONSTRUCTION OF KARETTA VATTONI PUTHUSSERY GOVINDAN NAMBIAR ROAD,CONSTRUCTION OF KARETTA VATTONI PUTHUSSERY GOVINDAN NAMBIAR ROAD,2025-08-12 00:00:00,,,2000000.0,,,,,recommended,missing_parseable_work_id,synthetic,wk_493b175f8d24
wk_4964233d88d2,,RS,Kerala,Kerala,Kasaragod,KASARAGOD(DISTRICT COLLECTOR KASARAGOD_IDA),KASARAGOD,Shri Abdul Wahab (2021-27) (2021-2027),ABDUL WAHAB,RS_ABDUL WAHAB,,Elected MP,"Construction of roads, link roads, pathways or any other road with or without drainage system",Normal/Others,Normal/Others,,"Construction of Makkode Koolikunnu road or pathway, Ward no.13, Chemmanad Panchayat","Construction of Makkode Koolikunnu road or pathway, Ward no.13, Chemmanad Panchayat",2025-09-22 00:00:00,,,200000.0,,,,,recommended,missing_parseable_work_id,synthetic,wk_4964233d88d2
wk_497eb0f25a93,,RS,Assam,Assam,Cachar,CACHAR(DEPUTY COMMISSIONER CACHAR_IDA),CACHAR,Shri Kanad Purkayastha (2025-31) (2025-2031),KANAD PURKAYASTHA,RS_KANAD PURKAYASTHA,,Elected MP,Construction of community centers and community halls,Normal/Others,Normal/Others,,Construction of Community Hall near Pratap Baba Mandir at Jirighat GP,Construction of Community Hall near Pratap Baba Mandir at Jirighat GP,2026-01-04 00:00:00,,,1000000.0,,,,,recommended,missing_parseable_work_id,synthetic,wk_497eb0f25a93
wk_49a2fc33d31d,,RS,Karnataka,Karnataka,Tumakuru,TUMAKURU(DEPUTY COMMISSIONER TUMKUR_IDA),TUMAKURU,Shri G.C. Chandrashekhar (2024-30) (2024-2030),G C CHANDRASHEKHAR,RS_G C CHANDRASHEKHAR,,Elected MP,Construction of rooms and halls in school and colleges,Normal/Others,Normal/Others,,"Construction of Hostel room at shree karisiddeshwara swamy matt, Tumkur district, Tiptur Talluk, Honnavalli hobali, Honnavalli village","Construction of Hostel room at shree karisiddeshwara swamy matt, Tumkur district, Tiptur Talluk, Honnavalli hobali, Honnavalli village",2025-07-04 00:00:00,,,500000.0,,,,,recommended,missing_parseable_work_id,synthetic,wk_49a2fc33d31d
wk_4a09d2d56b98,,RS,Kerala,Kerala,Malappuram,MALAPPURAM(DISTRICT COLLECTOR MALAPPURAM_IDA),MALAPPURAM,Shri Jose K. Mani (2024-30) (2024-2030),JOSE K MANI,RS_JOSE K MANI,,Elected MP,"Construction of roads, link roads, pathways or any other road with or without drainage system",Normal/Others,Normal/Others,,Completion of Pottadi ST Unnathi Road Cat ST,Completion of Pottadi ST Unnathi Road Cat ST,2025-10-29 00:00:00,,,400000.0,,,,,recommended,missing_parseable_work_id,synthetic,wk_4a09d2d56b98
wk_4a606d4e4685,,RS,Telangana,Telangana,Warangal,WARANGAL(District Collector Warangal_IDA),WARANGAL,Shri Ravi Chandra Vaddiraju (2024-30) (2024-2030),RAVI CHANDRA VADDIRAJU,RS_RAVI CHANDRA VADDIRAJU,,Elected MP,"Construction of roads, link roads, pathways or any other road with or without drainage system",Normal/Others,Normal/Others,,"From Nagapuri Ashok field to Voruganti Yadaiah field at Shivarampuram(V), Rayaparthy(M)","From Nagapuri Ashok field to Voruganti Yadaiah field at Shivarampuram(V), Rayaparthy(M)",2024-10-18 00:00:00,,,499000.0,,,,,recommended,missing_parseable_work_id,synthetic,wk_4a606d4e4685
wk_4a6fe420fce0,,RS,Kerala,Kerala,Kottayam,KOTTAYAM(DISTRICT COLLECTOR KOTTAYAM_IDA),KOTTAYAM,Dr. John Brittas (2021-27) (2021-2027),JOHN BRITTAS,RS_JOHN BRITTAS,,Elected MP,"Construction of flood control embankments/ protection walls along riverbanks, hilltops, roadsides",Normal/Others,Normal/Others,,"Riverbank protection works along Mylithodu leading to Mylippadam Padasekharam, at Punnilamthara Bhagom, Ward No. 2, Punnathura, Ayarkunnam Grama Panchayat, Kottayam District","Riverbank protection works along Mylithodu leading to Mylippadam Padasekharam, at Punnilamthara Bhagom, Ward No. 2, Punnathura, Ayarkunnam Grama Panchayat, Kottayam District",2025-10-15 00:00:00,,,1000000.0,,,,,recommended,missing_parseable_work_id,synthetic,wk_4a6fe420fce0
wk_4a765fd60897,,RS,Assam,Assam,Sivasagar,SIVASAGAR(Deputy Commissioner Sivsagar_IDA),SIVASAGAR,Shri Pabitra Margherita (2022-28) (2022-2028),PABITRA MARGHERITA,RS_PABITRA MARGHERITA,,Elected MP,Construction of community centers and community halls,Normal/Others,Normal/Others,,"CONSTRUCTION OF SRIMANTA SANKARDEV SANGHA SANSKRITIK KENDRA, BORPHUKON PRATHAMIK SAKHA","CONSTRUCTION OF SRIMANTA SANKARDEV SANGHA SANSKRITIK KENDRA, BORPHUKON PRATHAMIK SAKHA",2026-01-27 00:00:00,,,250000.0,,,,,recommended,missing_parseable_work_id,synthetic,wk_4a765fd60897
wk_4a978afa1938,,RS,Telangana,Telangana,Bhadradri Kothagudem,BHADRADRI KOTHAGUDEM(District Collector Bhadradri Ktdm_IDA),BHADRADRI KOTHAGUDEM,Smt. Renuka Chowdhury (2024-30) (2024-2030),RENUKA CHOWDHURY,RS_RENUKA CHOWDHURY,,Elected MP,Lighting of public spaces,Normal/Others,Normal/Others,,"Installation of LED Lights from Perika Naresh House to Gurjala Gopi house at Teku chettu bazaar, Rajiv gandhi nagar, Manugur Mandal, Bhadradri Kothagudem Distirct, Telangana","Installation of LED Lights from Perika Naresh House to Gurjala Gopi house at Teku chettu bazaar, Rajiv gandhi nagar, Manugur Mandal, Bhadradri Kothagudem Distirct, Telangana",2026-01-26 00:00:00,,,500000.0,,,,,recommended,missing_parseable_work_id,synthetic,wk_4a978afa1938
wk_4ab1717c6f6e,,RS,Maharashtra,Maharashtra,Pune,PUNE(DISTRICT COLLECTOR PUNE_IDA),PUNE,Dr. Medha Vishram Kulkarni (2024-30) (2024-2030),MEDHA VISHRAM KULKARNI,RS_MEDHA VISHRAM KULKARNI,,Elected MP,Construction of bus-sheds or bus-stops,Normal/Others,Normal/Others,,Ward 12 Establishment of a bus stop at S.N.D.T. College Up.,Ward 12 Establishment of a bus stop at S.N.D.T. College Up.,2025-11-26 00:00:00,,,1000000.0,,,,,recommended,missing_parseable_work_id,synthetic,wk_4ab1717c6f6e
wk_4b0868c4f607,,LS,Maharashtra,Maharashtra,Beed,BEED(DISTRICT COLLECTOR BEED_IDA),BEED,BAJRANG MANOHAR SONWANE,BAJRANG MANOHAR SONWANE,LS_BAJRANG MANOHAR SONWANE,BEED,,Construction of community centers and community halls,Normal/Others,Normal/Others,,Construction of Sabhamandap on Gram Panchayat land near Sri Kshetra Ramai Devi Temple.,Construction of Sabhamandap on Gram Panchayat land near Sri Kshetra Ramai Devi Temple.,2024-12-09 00:00:00,,,1000000.0,,,,,recommended,missing_parseable_work_id,synthetic,wk_4b0868c4f607
wk_4b11f3d908a1,,RS,Uttar Pradesh,Uttar Pradesh,Bara Banki,Bara Banki(DISTRICT MAGISTRATE BARABANKI_IDA),BARA BANKI,Shri Kapil Sibal (2022-28) (2022-2028),KAPIL SIBAL,RS_KAPIL SIBAL,,Elected MP,Construction of rooms and halls in school and colleges,Normal/Others,Normal/Others,,"Construction of Classrooms at Janki Prasad Verma Memorial Mahila Maha Vidhyalaya, Kotwa Sadak, District Barabanki, U.P. affiliated to Dr. Ram Manohar Lohia Avadh Vishwa Vidhyalaya, Ayodhya","Construction of Classrooms at Janki Prasad Verma Memorial Mahila Maha Vidhyalaya, Kotwa Sadak, District Barabanki, U.P. affiliated to Dr. Ram Manohar Lohia Avadh Vishwa Vidhyalaya, Ayodhya",2025-07-22 00:00:00,,,1000000.0,,,,,recommended,missing_parseable_work_id,synthetic,wk_4b11f3d908a1
wk_4b63b6dc4550,,RS,Bihar,Bihar,Kaimur,KAIMUR (BHABUA)(DISTRICT PLANNING OFFICER KAIMUR BHABUA_IDA),KAIMUR,Dr. Bhim Singh (2024-30) (2024-2030),BHIM SINGH,RS_BHIM SINGH,,Elected MP,Construction of common work sheds/ common covered sitting area,Normal/Others,Normal/Others,,Construction work of 20 feet x15 feet covered community Chaupal,Construction work of 20 feet x15 feet covered community Chaupal,2025-12-01 00:00:00,,,530000.0,,,,,recommended,missing_parseable_work_id,synthetic,wk_4b63b6dc4550
wk_4b95f787b942,,LS,Delhi,Delhi,South,SOUTH(COMMISSIONER SOUTH),SOUTH,Bansuri Swaraj,BANSURI SWARAJ,LS_BANSURI SWARAJ,NEW DELHI,,Installation of fixed garden gym equipment,Normal/Others,Normal/Others,,Provision for Open Gym,Provision for Open Gym,2024-11-16 00:00:00,,,200000.0,,,,,recommended,missing_parseable_work_id,synthetic,wk_4b95f787b942
wk_4bb3ca39c470,,RS,Kerala,Kerala,Kozhikode,KOZHIKODE(DISTRICT COLLECTOR KOZHIKODE_IDA),KOZHIKODE,Shri Abdul Wahab (2021-27) (2021-2027),ABDUL WAHAB,RS_ABDUL WAHAB,,Elected MP,Purchase of vans and buses for educational institutions,Normal/Others,Normal/Others,,"Purchasing of School Bus for GHSS Peringolam, Ward No.01, Peruvayal Panchayath","Purchasing of School Bus for GHSS Peringolam, Ward No.01, Peruvayal Panchayath",2025-03-12 00:00:00,,,2000000.0,,,,,recommended,missing_parseable_work_id,synthetic,wk_4bb3ca39c470
wk_4bbacbc51bd6,,RS,Kerala,Kerala,Kottayam,KOTTAYAM(DISTRICT COLLECTOR KOTTAYAM_IDA),KOTTAYAM,Dr. John Brittas (2021-27) (2021-2027),JOHN BRITTAS,RS_JOHN BRITTAS,,Elected MP,"Construction of rooms and facilities for hospitals, FWC , PHC Centers and ANM centers",Normal/Others,Normal/Others,,"Construction of a dedicated dormitory at Government Medical College, Kottayam for the bystanders of patients belonging to Scheduled Tribes (ST)","Construction of a dedicated dormitory at Government Medical College, Kottayam for the bystanders of patients belonging to Scheduled Tribes (ST)",2025-10-15 00:00:00,,,1250000.0,,,,,recommended,missing_parseable_work_id,synthetic,wk_4bbacbc51bd6
wk_4bcc43e8a72b,,RS,Kerala,Kerala,Kannur,KANNUR(DISTRICT COLLECTOR KANNUR_IDA),KANNUR,Dr. John Brittas (2021-27) (2021-2027),JOHN BRITTAS,RS_JOHN BRITTAS,,Elected MP,Construction of buildings for community cultural activities,Trust and Society,Trust and Society,,"Construction of Ground Floor of the building of Jwala Charitable Society (Reg. No. 44/ 2011 ), Padappengad, Chapparapadava Grama Panchayat-670581","Construction of Ground Floor of the building of Jwala Charitable Society (Reg. No. 44/ 2011 ), Padappengad, Chapparapadava Grama Panchayat-670581",2024-07-04 00:00:00,,,500000.0,,,,,recommended,missing_parseable_work_id,synthetic,wk_4bcc43e8a72b
wk_4bfd04be4413,,LS,West Bengal,West Bengal,North 24 Parganas,North 24 Parganas(DISTRICT MAGISTRATE NORTH TWENTY FOUR PARGANAS_IDA),NORTH 24 PARGANAS,SK NURUL ISLAM,SK NURUL ISLAM,LS_SK NURUL ISLAM,BASIRHAT,,Street lights,Normal/Others,Normal/Others,,Installation of 36 nos. Electric Street LED Light at different places at Haroa G.P under Haroa Block (SLNo. 43),Installation of 36 nos. Electric Street LED Light at different places at Haroa G.P under Haroa Block (SLNo. 43),2024-09-05 00:00:00,,,792000.0,,,,,recommended,missing_parseable_work_id,synthetic,wk_4bfd04be4413
wk_4c77082faf26,,LS,Karnataka,Karnataka,Bengaluru Urban,BENGALURU URBAN(DEPUTY COMMISSIONER BANGALORE URBAN_IDA),BENGALURU URBAN,Shri LS Tejasvi Surya,LS TEJASVI SURYA,LS_LS TEJASVI SURYA,BANGALORE SOUTH,,Construction of community centers and community halls,Trust and Society,Trust and Society,,"Construction of community hall at Poornapramati (Satyatirtha Foundation) Shamyaprasa, 4th Cross, Jayariah Gaardens, Thyagarajanagar, Girinagar, Deepanjali Nagar Ward, Vijayanagar Assembly Constituency, Bengaluru","Construction of community hall at Poornapramati (Satyatirtha Foundation) Shamyaprasa, 4th Cross, Jayariah Gaardens, Thyagarajanagar, Girinagar, Deepanjali Nagar Ward, Vijayanagar Assembly Constituency, Bengaluru",2024-11-15 00:00:00,,,2000000.0,,,,,recommended,missing_parseable_work_id,synthetic,wk_4c77082faf26
wk_4ca207b886ab,,RS,Madhya Pradesh,Madhya Pradesh,Jabalpur,JABALPUR(DISTRICT COLLECTOR JABALPUR_IDA),JABALPUR,Shri Vivek K. Tankha (2022-28) (2022-2028),VIVEK K TANKHA,RS_VIVEK K TANKHA,,Elected MP,Installing tube-wells and borewells,Normal/Others,Normal/Others,,"Ek Nag Borewell Khanan, Kasturba Gandhi Ward no.20, Ujar Purva main, District Jabalpur (Mention in letter no.4072 at column no.2)","Ek Nag Borewell Khanan, Kasturba Gandhi Ward no.20, Ujar Purva main, District Jabalpur (Mention in letter no.4072 at column no.2)",2025-06-06 00:00:00,,,120000.0,,,,,recommended,missing_parseable_work_id,synthetic,wk_4ca207b886ab
wk_4cae98b2586d,,RS,Delhi,Delhi,South West,SOUTH WEST(COMMISSIONER MCD SOUTH WEST),SOUTH WEST,Ms. Swati Maliwal (2024-30) (2024-2030),SWATI MALIWAL,RS_SWATI MALIWAL,,Elected MP,Installation/ Construction of Anti-Pollution structure,Normal/Others,Normal/Others,,Air purifiers for all residential and common areas for senior citizens in Delhi Government old age home.,Air purifiers for all residential and common areas for senior citizens in Delhi Government old age home.,2025-11-08 00:00:00,,,300000.0,,,,,recommended,missing_parseable_work_id,synthetic,wk_4cae98b2586d
wk_4cb8fa60386a,,RS,Telangana,Telangana,Mahabubabad,MAHABUBABAD(DISTRICT COLLECTOR MAHABUBABAD_IDA),MAHABUBABAD,Shri Ravi Chandra Vaddiraju (2024-30) (2024-2030),RAVI CHANDRA VADDIRAJU,RS_RAVI CHANDRA VADDIRAJU,,Elected MP,Construction of public toilets and bathrooms,Normal/Others,Normal/Others,,Construction of Toilet and providing Water Facility at Primary Veterinary Centre at Ingurthi,Construction of Toilet and providing Water Facility at Primary Veterinary Centre at Ingurthi,2025-05-01 00:00:00,,,499000.0,,,,,recommended,missing_parseable_work_id,synthetic,wk_4cb8fa60386a
wk_4cd5feb49c25,,LS,West Bengal,West Bengal,North 24 Parganas,North 24 Parganas(DISTRICT MAGISTRATE NORTH TWENTY FOUR PARGANAS_IDA),NORTH 24 PARGANAS,Kakoli Ghosh Dastidar,KAKOLI GHOSH DASTIDAR,LS_KAKOLI GHOSH DASTIDAR,BARASAT,,Development of public parks,Normal/Others,Normal/Others,,Development of open gym with Children park with solar light and boundary,Development of open gym with Children park with solar light and boundary,2024-09-15 00:00:00,,,1000000.0,,,,,recommended,missing_parseable_work_id,synthetic,wk_4cd5feb49c25
wk_4cf7abf7ac1f,,RS,Tamil Nadu,Tamil Nadu,Tiruchirappalli,TIRUCHIRAPPALLI(DISTRICT COLLECTOR TIRUCHIRAPPALLI_IDA),TIRUCHIRAPPALLI,Smt. Rajathi (2025-31) (2025-2031),RAJATHI,RS_RAJATHI,,Elected MP,Lighting of public spaces,Normal/Others,Normal/Others,,Install 12 mtrs of height of High mast Light in Ward 20 near Maadha kovil street Thuvakudi Main road near valluvar street junction,Install 12 mtrs of height of High mast Light in Ward 20 near Maadha kovil street Thuvakudi Main road near valluvar street junction,2025-09-22 00:00:00,,,800000.0,,,,,recommended,missing_parseable_work_id,synthetic,wk_4cf7abf7ac1f
wk_4cf8034d6889,,RS,Telangana,Telangana,Warangal,WARANGAL(District Collector Warangal_IDA),WARANGAL,Shri Anil Kumar Yadav Mandadi (2024-30) (2024-2030),ANIL KUMAR YADAV MANDADI,RS_ANIL KUMAR YADAV MANDADI,,Elected MP,"Construction of roads, link roads, pathways or any other road with or without drainage system",Normal/Others,Normal/Others,,Formation and Metalling the road from Lethakula Anthireddy Filelds to Thimma Sudharshan Reddy Fields at Mylaram (V) of Rayanparthy (M).,Formation and Metalling the road from Lethakula Anthireddy Filelds to Thimma Sudharshan Reddy Fields at Mylaram (V) of Rayanparthy (M).,2024-09-04 00:00:00,,,500000.0,,,,,recommended,missing_parseable_work_id,synthetic,wk_4cf8034d6889
wk_4d5a79cfb637,,RS,Kerala,Kerala,Ernakulam,ERNAKULAM(DISTRICT COLLECTOR ERNAKULAM_IDA),ERNAKULAM,Smt. Jebi Mather Hisham (2022-28) (2022-2028),JEBI MATHER HISHAM,RS_JEBI MATHER HISHAM,,Elected MP,Construction of boundary walls of existing public and community buildings,Normal/Others,Normal/Others,,"Construction of retaining wall, Laksham Veedu Colony, Memmury - Edavumpara, Ward 2, Pampakuda Grama Panchayath","Construction of retaining wall, Laksham Veedu Colony, Memmury - Edavumpara, Ward 2, Pampakuda Grama Panchayath",2026-01-17 00:00:00,,,2000000.0,,,,,recommended,missing_parseable_work_id,synthetic,wk_4d5a79cfb637
wk_4d8425d33246,,RS,Madhya Pradesh,Madhya Pradesh,Rewa,REWA(DISTRICT COLLECTOR REWA_IDA),REWA,Shri Vivek K. Tankha (2022-28) (2022-2028),VIVEK K TANKHA,RS_VIVEK K TANKHA,,Elected MP,"Construction of Government office buildings (Post office, Police station, Police chauki, etc.)",Normal/Others,Normal/Others,,"Construction and Shade repair, Adhivakta Sangh Civil Court Muaganj, Vidhan Sabha Mauganj Rewa, District Rewa (mention in letter no. 2975 at column no.3)","Construction and Shade repair, Adhivakta Sangh Civil Court Muaganj, Vidhan Sabha Mauganj Rewa, District Rewa (mention in letter no. 2975 at column no.3)",2023-06-24 00:00:00,,,100000.0,,,,,recommended,missing_parseable_work_id,synthetic,wk_4d8425d33246
wk_4d9b0f4666cc,,RS,Bihar,Bihar,Vaishali,VAISHALI(DISTRICT PLANNING OFFICER VAISHALI_IDA),VAISHALI,Shri Sanjay Yadav (2024-30) (2024-2030),SANJAY YADAV,RS_SANJAY YADAV,,Elected MP,Construction of community centers and community halls,Normal/Others,Normal/Others,,"Construction of a community building (large hall) including a borewell water pump, one toilet, and two urinals on the available government land in Mohanpur Panchayat under Raghopur block.","Construction of a community building (large hall) including a borewell water pump, one toilet, and two urinals on the available government land in Mohanpur Panchayat under Raghopur block.",2025-09-02 00:00:00,,,1499000.0,,,,,recommended,missing_parseable_work_id,synthetic,wk_4d9b0f4666cc
wk_4dae4a358ee8,,RS,Assam,Assam,Sivasagar,SIVASAGAR(Deputy Commissioner Sivsagar_IDA),SIVASAGAR,Shri Pabitra Margherita (2022-28) (2022-2028),PABITRA MARGHERITA,RS_PABITRA MARGHERITA,,Elected MP,Construction of community centers and community halls,Normal/Others,Normal/Others,,CONSTRUCTION OF COMMUNITY HALL AT CHETIA HANDIQUE HATIMURIA SANSKRITIK KENDRA,CONSTRUCTION OF COMMUNITY HALL AT CHETIA HANDIQUE HATIMURIA SANSKRITIK KENDRA,2026-01-27 00:00:00,,,300000.0,,,,,recommended,missing_parseable_work_id,synthetic,wk_4dae4a358ee8
wk_4dae58f1de29,,RS,Tamil Nadu,Tamil Nadu,Thiruvallur,THIRUVALLUR(DISTRICT COLLECTOR TIRUVALLUR_IDA),THIRUVALLUR,Shri R. Girirajan (2022-28) (2022-2028),R GIRIRAJAN,RS_R GIRIRAJAN,,Elected MP,Lighting of public spaces,Normal/Others,Normal/Others,,"Installation of small street light poles (9 meters high, 150 W, 6 units) on the way to Putlur Road in Ward 27, within the limits of Tiruvallur Municipality, Tiruvallur District.","Installation of small street light poles (9 meters high, 150 W, 6 units) on the way to Putlur Road in Ward 27, within the limits of Tiruvallur Municipality, Tiruvallur District.",2026-01-21 00:00:00,,,300000.0,,,,,recommended,missing_parseable_work_id,synthetic,wk_4dae58f1de29
wk_4de3bd17cde9,,RS,Odisha,Odisha,Puri,PURI(DISTRICT COLLECTOR PURI_IDA),PURI,Shri Subhasish Khuntia (2024-30) (2024-2030),SUBHASISH KHUNTIA,RS_SUBHASISH KHUNTIA,,Elected MP,Construction of community centers and community halls,Normal/Others,Normal/Others,,"Renovation of Binayak Youth Community Center at Ghanamalla Sahi, Balisahi","Renovation of Binayak Youth Community Center at Ghanamalla Sahi, Balisahi",2025-09-26 00:00:00,,,300000.0,,,,,recommended,missing_parseable_work_id,synthetic,wk_4de3bd17cde9
wk_4e15e1a0d7a3,,RS,Kerala,Kerala,Kannur,KANNUR(DISTRICT COLLECTOR KANNUR_IDA),KANNUR,Dr. John Brittas (2021-27) (2021-2027),JOHN BRITTAS,RS_JOHN BRITTAS,,Elected MP,Construction of public libraries and reading rooms,Normal/Others,Normal/Others,,"Construction of Library cum Community Hall with compound wall at Vengara Kuthirummal SC Colony, Ward No. III, Madayi Grama Panchayat, Madayi Village, Payyanur Taluk, Kannur District (SC)","Construction of Library cum Community Hall with compound wall at Vengara Kuthirummal SC Colony, Ward No. III, Madayi Grama Panchayat, Madayi Village, Payyanur Taluk, Kannur District (SC)",2025-04-25 00:00:00,,,4100000.0,,,,,recommended,missing_parseable_work_id,synthetic,wk_4e15e1a0d7a3
wk_4e6dac3118df,,RS,Karnataka,Karnataka,Tumakuru,TUMAKURU(DEPUTY COMMISSIONER TUMKUR_IDA),TUMAKURU,Shri Jaggesh (2022-28) (2022-2028),JAGGESH,RS_JAGGESH,,Elected MP,"Construction of roads, link roads, pathways or any other road with or without drainage system",Normal/Others,Normal/Others,,"Construction of Cement Concrete Road (C C Road) near Byraveshwara Temple Enclosure, Jadiya Village, Soravanahalli Gram Panchayat, Turuvekere Taluk, Tumukuru District, Karnataka.","Construction of Cement Concrete Road (C C Road) near Byraveshwara Temple Enclosure, Jadiya Village, Soravanahalli Gram Panchayat, Turuvekere Taluk, Tumukuru District, Karnataka.",2025-04-22 00:00:00,,,500000.0,,,,,recommended,missing_parseable_work_id,synthetic,wk_4e6dac3118df
wk_4e6ee1caf862,,RS,Tamil Nadu,Tamil Nadu,Tiruppur,TIRUPPUR(DISTRICT COLLECTOR TIRUPPUR_IDA),TIRUPPUR,Shri Ilaiyaraaja (2022-28) (2022-2028),ILAIYARAAJA,RS_ILAIYARAAJA,,Nominated MP,Construction of water tanks,Normal/Others,Normal/Others,,30000 Lts Over Head Water Tank in N.Goundampalayam of Ellappampalayampudur Panchayat,30000 Lts Over Head Water Tank in N.Goundampalayam of Ellappampalayampudur Panchayat,2025-12-25 00:00:00,,,1900000.0,,,,,recommended,missing_parseable_work_id,synthetic,wk_4e6ee1caf862
wk_4ea73f9f7407,,RS,Maharashtra,Maharashtra,Pune,PUNE(DISTRICT COLLECTOR PUNE_IDA),PUNE,Dr. Medha Vishram Kulkarni (2024-30) (2024-2030),MEDHA VISHRAM KULKARNI,RS_MEDHA VISHRAM KULKARNI,,Elected MP,Construction of bus-sheds or bus-stops,Normal/Others,Normal/Others,,"Ward 11 Establishment of a bus stop at Paranjape School, Kothrud Up","Ward 11 Establishment of a bus stop at Paranjape School, Kothrud Up",2025-11-26 00:00:00,,,1000000.0,,,,,recommended,missing_parseable_work_id,synthetic,wk_4ea73f9f7407
wk_4ec571cf69f0,,LS,Maharashtra,Maharashtra,Latur,LATUR(DISTRICT COLLECTOR LATUR_IDA),LATUR,DR KALGE SHIVAJI BANDAPPA,KALGE SHIVAJI BANDAPPA,LS_KALGE SHIVAJI BANDAPPA,LATUR(SC),,Development of playfields and sports grounds,Normal/Others,Normal/Others,,"Development of sports ground on Govt owned land at Borgaon (Bud.), Tq.Latur","Development of sports ground on Govt owned land at Borgaon (Bud.), Tq.Latur",2024-10-10 00:00:00,,,800000.0,,,,,recommended,missing_parseable_work_id,synthetic,wk_4ec571cf69f0
wk_4ec75105f2fc,,LS,Kerala,Kerala,Kottayam,KOTTAYAM(DISTRICT COLLECTOR KOTTAYAM_IDA),KOTTAYAM,Anto Antony,ANTO ANTONY,LS_ANTO ANTONY,PATHANAMTHITTA,,"Purchase of IT systems, including hardware and software for educational purposes",Normal/Others,Normal/Others,,Providing Three Computer with Printer and Accessories St. Joseph’s UP School in Poonjar Grama Panchayat.,Providing Three Computer with Printer and Accessories St. Joseph’s UP School in Poonjar Grama Panchayat.,2024-09-20 00:00:00,,,200000.0,,,,,recommended,missing_parseable_work_id,synthetic,wk_4ec75105f2fc
wk_4ec879610f3a,,RS,Karnataka,Karnataka,Tumakuru,TUMAKURU(DEPUTY COMMISSIONER TUMKUR_IDA),TUMAKURU,Shri Jaggesh (2022-28) (2022-2028),JAGGESH,RS_JAGGESH,,Elected MP,"Construction of roads, link roads, pathways or any other road with or without drainage system",Normal/Others,Normal/Others,,"Construction of Cement Concrete Road (C C Road) from Nataraju House to Lokesh House, Mayasandra village, Mayasandra Gram Panchayat, Turuvekere Taluk, Tumukuru District, Karnataka","Construction of Cement Concrete Road (C C Road) from Nataraju House to Lokesh House, Mayasandra village, Mayasandra Gram Panchayat, Turuvekere Taluk, Tumukuru District, Karnataka",2025-04-22 00:00:00,,,500000.0,,,,,recommended,missing_parseable_work_id,synthetic,wk_4ec879610f3a
wk_4ee5018297f2,,RS,Madhya Pradesh,Madhya Pradesh,Sidhi,SIDHI(DISTRICT COLLECTOR SIDHI_IDA),SIDHI,Shri Vivek K. Tankha (2022-28) (2022-2028),VIVEK K TANKHA,RS_VIVEK K TANKHA,,Elected MP,Purchase of books for public libraries/ digitization of library books,Normal/Others,Normal/Others,,"Purchase books for library of Adhivakta Sangh Majhauli, Vidhansabha 82-Dhoohni, District Sidhi M.P.","Purchase books for library of Adhivakta Sangh Majhauli, Vidhansabha 82-Dhoohni, District Sidhi M.P.",2023-06-26 00:00:00,,,50000.0,,,,,recommended,missing_parseable_work_id,synthetic,wk_4ee5018297f2
wk_4f7774cb17b8,,RS,Uttar Pradesh,Uttar Pradesh,Bhadohi,BHADOHI(DISTRICT MAGISTRATE BHADOHI_IDA),BHADOHI,Smt. Seema Dwivedi (2020-26) (2020-2026),SEEMA DWIVEDI,RS_SEEMA DWIVEDI,,Elected MP,Lighting of public spaces,Normal/Others,Normal/Others,,VIDHI NARAYAN PANDEY GRAM JAGGARNATHPUR AURAYI BHADOHI SAMPARK SUTRA 9621084399 06VE 200 WATT 9 METER POLL SAHIT VIDHUT HIGHMAST LIGHT KA ADHISTHAPAN KARYA,VIDHI NARAYAN PANDEY GRAM JAGGARNATHPUR AURAYI BHADOHI SAMPARK SUTRA 9621084399 06VE 200 WATT 9 METER POLL SAHIT VIDHUT HIGHMAST LIGHT KA ADHISTHAPAN KARYA,2025-05-13 00:00:00,,,218000.0,,,,,recommended,missing_parseable_work_id,synthetic,wk_4f7774cb17b8
wk_4fa5a0d80f87,,LS,Telangana,Telangana,Medchal Malkajgiri,MEDCHAL MALKAJGIRI(DISTRICT COLLECTOR MEDCHAL MALKAJGIRI_IDA),MEDCHAL MALKAJGIRI,EATALA RAJENDER,EATALA RAJENDER,LS_EATALA RAJENDER,MALKAJGIRI,,"Construction of roads, link roads, pathways or any other road with or without drainage system",Normal/Others,Normal/Others,,"Construction of CC Roads with Drains from H.No. 4-7-10/115 & 116 to H.No. 7-9-1/2/21, Shanthi Gardens, Raghavendra Nagar, Nacharam.","Construction of CC Roads with Drains from H.No. 4-7-10/115 & 116 to H.No. 7-9-1/2/21, Shanthi Gardens, Raghavendra Nagar, Nacharam.",2024-10-25 00:00:00,,,2000000.0,,,,,recommended,missing_parseable_work_id,synthetic,wk_4fa5a0d80f87
wk_4fa9d8712061,,RS,Kerala,Kerala,Kannur,KANNUR(DISTRICT COLLECTOR KANNUR_IDA),KANNUR,Shri Sandosh Kumar P (2022-28) (2022-2028),SANDOSH KUMAR P,RS_SANDOSH KUMAR P,,Elected MP,"Purchase of vehicle for mobile dispensaries (Four, three and two wheelers)",Normal/Others,Normal/Others,,Purchase and Supply of vehicle for Mobile Dispensary for Chittariparamba Block Primary Health Centre,Purchase and Supply of vehicle for Mobile Dispensary for Chittariparamba Block Primary Health Centre,2025-09-25 00:00:00,,,1200000.0,,,,,recommended,missing_parseable_work_id,synthetic,wk_4fa9d8712061
wk_4fb33a75797a,,LS,Kerala,Kerala,Kannur,KANNUR(DISTRICT COLLECTOR KANNUR_IDA),KANNUR,Shri Kumbakudi Sudhakaran,KUMBAKUDI SUDHAKARAN,LS_KUMBAKUDI SUDHAKARAN,KANNUR,,Street lights,Normal/Others,Normal/Others,,Installation of High Mast Light at NEAR KAPPATTA BHAGAVATHI TEMPLE ((08 Meter High Mast With 5x150 Watts -LED Flood LIGHT) in Pinarayi Grama Panchayath.,Installation of High Mast Light at NEAR KAPPATTA BHAGAVATHI TEMPLE ((08 Meter High Mast With 5x150 Watts -LED Flood LIGHT) in Pinarayi Grama Panchayath.,2024-09-22 00:00:00,,,300000.0,,,,,recommended,missing_parseable_work_id,synthetic,wk_4fb33a75797a
wk_4fb776dfae24,,RS,Assam,Assam,Kamrup Metro,KAMRUP METRO(DEPUTY COMMISSIONER KAMRUP METROPOLITAN_IDA),KAMRUP METRO,Shri Pabitra Margherita (2022-28) (2022-2028),PABITRA MARGHERITA,RS_PABITRA MARGHERITA,,Elected MP,Construction of buildings for sports facilities,Normal/Others,Normal/Others,,"Development of Badminton Hall at RG Baruah Sports cum Cultural Centre, Sundarpur, Ward No. 50, Zoo Road, Guwahati","Development of Badminton Hall at RG Baruah Sports cum Cultural Centre, Sundarpur, Ward No. 50, Zoo Road, Guwahati",2025-03-20 00:00:00,,,1500000.0,,,,,recommended,missing_parseable_work_id,synthetic,wk_4fb776dfae24
wk_4fee1c644b9e,,RS,Maharashtra,Maharashtra,Nanded,NANDED(DISTRICT COLLECTOR NANDED_IDA),NANDED,Shri Ashokrao Shankarrao Chavan (2024-30) (2024-2030),ASHOKRAO SHANKARRAO CHAVAN,RS_ASHOKRAO SHANKARRAO CHAVAN,,Elected MP,Construction of buildings for community cultural activities,Normal/Others,Normal/Others,,Construction of auditorium in front of police station in open space owned by Ardhapur Nagar Panchayat (SC),Construction of auditorium in front of police station in open space owned by Ardhapur Nagar Panchayat (SC),2024-12-15 00:00:00,,,1500000.0,,,,,recommended,missing_parseable_work_id,synthetic,wk_4fee1c644b9e
wk_5060f53749ce,,LS,Telangana,Telangana,Warangal,WARANGAL(District Collector Warangal_IDA),WARANGAL,KADIYAM KAVYA,KADIYAM KAVYA,LS_KADIYAM KAVYA,WARANGEL(SC),,Construction of community centers and community halls,Normal/Others,Normal/Others,,"Construction of Community Hall in Pochammaidan SC Colony, Ward No.22, GWMC, Warangal District","Construction of Community Hall in Pochammaidan SC Colony, Ward No.22, GWMC, Warangal District",2024-12-04 00:00:00,,,5000000.0,,,,,recommended,missing_parseable_work_id,synthetic,wk_5060f53749ce
wk_507a9b1fbcbb,,LS,Gujarat,Gujarat,Dahod,Dahod(DISTRICT COLLECTOR DOHAD_IDA),DAHOD,Jaswantsinh Sumanbhai Bhabhor,JASWANTSINH SUMANBHAI BHABHOR,LS_JASWANTSINH SUMANBHAI BHABHOR,DAHOD(ST),,Construction of public irrigation facilities,Normal/Others,Normal/Others,,nagvav game patel faliya ma samuhik kuva nu kam,nagvav game patel faliya ma samuhik kuva nu kam,2024-09-20 00:00:00,,,300000.0,,,,,recommended,missing_parseable_work_id,synthetic,wk_507a9b1fbcbb
wk_508feed6ba3b,,RS,Tamil Nadu,Tamil Nadu,Tiruppur,TIRUPPUR(DISTRICT COLLECTOR TIRUPPUR_IDA),TIRUPPUR,Shri Ilaiyaraaja (2022-28) (2022-2028),ILAIYARAAJA,RS_ILAIYARAAJA,,Nominated MP,Construction of community centers and community halls,Normal/Others,Normal/Others,,Construction of Multi Purpose Hall in Nalligoundampalayam of Ellappalayampudur Panchayat,Construction of Multi Purpose Hall in Nalligoundampalayam of Ellappalayampudur Panchayat,2025-12-25 00:00:00,,,1300000.0,,,,,recommended,missing_parseable_work_id,synthetic,wk_508feed6ba3b
wk_50ae6bf8c0a9,,RS,Madhya Pradesh,Madhya Pradesh,Dewas,DEWAS(DISTRICT COLLECTOR DEWAS_IDA),DEWAS,Shri Vivek K. Tankha (2022-28) (2022-2028),VIVEK K TANKHA,RS_VIVEK K TANKHA,,Elected MP,Purchase of books and periodicals for libraries/digitization of library books,Normal/Others,Normal/Others,,"Abhibhashak Sangh Bagli, District Dewas ki Library hetu Books ki Kharid (Mention in letter no.4026 at column no.2)","Abhibhashak Sangh Bagli, District Dewas ki Library hetu Books ki Kharid (Mention in letter no.4026 at column no.2)",2025-04-19 00:00:00,,,25000.0,,,,,recommended,missing_parseable_work_id,synthetic,wk_50ae6bf8c0a9
wk_50b6e949e826,,LS,Telangana,Telangana,Mahabubabad,MAHABUBABAD(DISTRICT COLLECTOR MAHABUBABAD_IDA),MAHABUBABAD,BALRAM NAIK PORIKA,BALRAM NAIK PORIKA,LS_BALRAM NAIK PORIKA,MAHABUBABAD,,Street lights,Normal/Others,Normal/Others,,Installation of Street lights at Edulapusapally Ward No.1 of Mahabubabad Municipality,Installation of Street lights at Edulapusapally Ward No.1 of Mahabubabad Municipality,2024-11-05 00:00:00,,,500000.0,,,,,recommended,missing_parseable_work_id,synthetic,wk_50b6e949e826
wk_50cff50cb628,,RS,Kerala,Kerala,Alappuzha,ALAPPUZHA(DISTRICT COLLECTOR ALAPPUZHA_IDA),ALAPPUZHA,Shri Abdul Wahab (2021-27) (2021-2027),ABDUL WAHAB,RS_ABDUL WAHAB,,Elected MP,"Purchase of IT systems, including hardware and software for educational purposes",Normal/Others,Normal/Others,,"Purchasing of Projectors, screen and computers for Lajnathul Muhammadiya Higher Secondary School (High school division), Alappuzha, Ward No. 35, Alappuzha Municipality","Purchasing of Projectors, screen and computers for Lajnathul Muhammadiya Higher Secondary School (High school division), Alappuzha, Ward No. 35, Alappuzha Municipality",2025-03-12 00:00:00,,,2000000.0,,,,,recommended,missing_parseable_work_id,synthetic,wk_50cff50cb628
wk_50da084dface,,RS,Telangana,Telangana,Mahabubabad,MAHABUBABAD(DISTRICT COLLECTOR MAHABUBABAD_IDA),MAHABUBABAD,Shri Ravi Chandra Vaddiraju (2024-30) (2024-2030),RAVI CHANDRA VADDIRAJU,RS_RAVI CHANDRA VADDIRAJU,,Elected MP,Construction of community centers and community halls,Normal/Others,Normal/Others,,Construction of Community Hall Near Ramalingeshwara Swamy Temple in Peddavangara(V) & M,Construction of Community Hall Near Ramalingeshwara Swamy Temple in Peddavangara(V) & M,2024-10-18 00:00:00,,,499000.0,,,,,recommended,missing_parseable_work_id,synthetic,wk_50da084dface
wk_50da996d303e,,RS,Uttar Pradesh,Uttar Pradesh,Gautam Buddha Nagar,GAUTAM BUDDHA NAGAR(DISTRICT MAGISTRATE GAUTAMBUDHNAGAR),GAUTAM BUDDHA NAGAR,Shri Kapil Sibal (2022-28) (2022-2028),KAPIL SIBAL,RS_KAPIL SIBAL,,Elected MP,Construction of rooms and halls in school and colleges,Normal/Others,Normal/Others,,"Construction of Building for Dujana Public Senior Secondary School, Village Dujana Road, Badalpur","Construction of Building for Dujana Public Senior Secondary School, Village Dujana Road, Badalpur",2025-11-12 00:00:00,,,1500000.0,,,,,recommended,missing_parseable_work_id,synthetic,wk_50da996d303e
wk_510e37c6c05f,,RS,Karnataka,Karnataka,Tumakuru,TUMAKURU(DEPUTY COMMISSIONER TUMKUR_IDA),TUMAKURU,Smt. Nirmala Sitharaman (2022-28) (2022-2028),NIRMALA SITHARAMAN,RS_NIRMALA SITHARAMAN,,Elected MP,Construction of buildings for community cultural activities,Trust and Society,Trust and Society,,Construction of Rest House and Kitchen,Construction of Rest House and Kitchen,2025-09-26 00:00:00,,,1500000.0,,,,,recommended,missing_parseable_work_id,synthetic,wk_510e37c6c05f
wk_51326af1d795,,RS,Maharashtra,Maharashtra,Amravati,AMRAVATI(DISTRICT COLLECTOR AMRAVATI_IDA),AMRAVATI,Dr. Anil Sukhdeorao Bonde (2022-28) (2022-2028),ANIL SUKHDEORAO BONDE,RS_ANIL SUKHDEORAO BONDE,,Elected MP,Development of public parks,Normal/Others,Normal/Others,,development of public park at loni tq warud amravati,development of public park at loni tq warud amravati,2025-11-24 00:00:00,,,1000000.0,,,,,recommended,missing_parseable_work_id,synthetic,wk_51326af1d795
wk_516eea2b8ca6,,LS,Uttar Pradesh,Uttar Pradesh,Kushinagar,Kushinagar(DISTRICT MAGISTRATE KUSHINAGAR PADRAUNA_IDA),KUSHINAGAR,Vijay Kumar Dubey,VIJAY KUMAR DUBEY,LS_VIJAY KUMAR DUBEY,KUSHI NAGAR,,Construction of boundary walls of existing public and community buildings,Normal/Others,Normal/Others,,GP AHIRAULI ME BABA KINA RAM SODH SEWA SANSTHA AHIRAULI BAZAR KA BOUNDRI NIRMAN KARRY,GP AHIRAULI ME BABA KINA RAM SODH SEWA SANSTHA AHIRAULI BAZAR KA BOUNDRI NIRMAN KARRY,2024-10-15 00:00:00,,,500000.0,,,,,recommended,missing_parseable_work_id,synthetic,wk_516eea2b8ca6
wk_51afad272a9e,,RS,Karnataka,Karnataka,Chikkamagaluru,CHIKKAMAGALURU(DEPUTY COMMISSIONER CHIKMAGALUR),CHIKKAMAGALURU,Shri Jairam Ramesh (2022-28) (2022-2028),JAIRAM RAMESH,RS_JAIRAM RAMESH,,Elected MP,Construction of community centers and community halls,Normal/Others,Normal/Others,,Kadur /Category SCP/ Donnekorana halli of Pura village Panchayath continued work Kadur Taluk,Kadur /Category SCP/ Donnekorana halli of Pura village Panchayath continued work Kadur Taluk,2024-01-04 00:00:00,,,1000000.0,,,,,recommended,missing_parseable_work_id,synthetic,wk_51afad272a9e
wk_51b4944cc477,,RS,Odisha,Odisha,Puri,PURI(DISTRICT COLLECTOR PURI_IDA),PURI,Shri Subhasish Khuntia (2024-30) (2024-2030),SUBHASISH KHUNTIA,RS_SUBHASISH KHUNTIA,,Elected MP,Construction of community centers and community halls,Normal/Others,Normal/Others,,Construction of Community Center at Hatajodi Thakurani Kalyan Samiti.,Construction of Community Center at Hatajodi Thakurani Kalyan Samiti.,2025-08-25 00:00:00,,,500000.0,,,,,recommended,missing_parseable_work_id,synthetic,wk_51b4944cc477
wk_520ef83842ba,,RS,Madhya Pradesh,Madhya Pradesh,Ujjain,UJJAIN(DISTRICT COLLECTOR UJJAIN_IDA),UJJAIN,Shri Balyogi Umeshnath (2024-30) (2024-2030),BALYOGI UMESHNATH,RS_BALYOGI UMESHNATH,,Elected MP,Purchase of furniture and fixtures for educational purposes,Normal/Others,Normal/Others,,goverment u.ma.vidhlay indokh me furniture work,goverment u.ma.vidhlay indokh me furniture work,2026-01-13 00:00:00,,,500000.0,,,,,recommended,missing_parseable_work_id,synthetic,wk_520ef83842ba
wk_5218d0a79bd0,,RS,Madhya Pradesh,Madhya Pradesh,Narmadapuram,NARMADAPURAM(DISTRICT COLLECTOR NARMADAPURAM_IDA),NARMADAPURAM,Shri Vivek K. Tankha (2022-28) (2022-2028),VIVEK K TANKHA,RS_VIVEK K TANKHA,,Elected MP,Setting up public non-conventional energy plants,Normal/Others,Normal/Others,,"8.6 Kilo watt ka rooftop solar PV Plant at apna ghar vraddha Ashram (Run by Shriram Vraddhjan Kalyan Samiti), Vidhansabha Narmadapuram, District Narmadapuram","8.6 Kilo watt ka rooftop solar PV Plant at apna ghar vraddha Ashram (Run by Shriram Vraddhjan Kalyan Samiti), Vidhansabha Narmadapuram, District Narmadapuram",2023-09-04 00:00:00,,,471744.0,,,,,recommended,missing_parseable_work_id,synthetic,wk_5218d0a79bd0
wk_5263d60fd3bd,,RS,Goa,Goa,North Goa,NORTH GOA(DISTRICT COLLECTOR NORTH GOA_IDA),NORTH GOA,Shri Sadanand Mhalu Shet Tanavade (2023-29) (2023-2029),SADANAND MHALU SHET TANAVADE,RS_SADANAND MHALU SHET TANAVADE,,Elected MP,Providing garbage collection and disposal systems,Normal/Others,Normal/Others,,"Garbage Collection Vehicle for Village Panchayat Parcem, Parcem, Pernem, North Goa.","Garbage Collection Vehicle for Village Panchayat Parcem, Parcem, Pernem, North Goa.",2026-01-15 00:00:00,,,1917200.0,,,,,recommended,missing_parseable_work_id,synthetic,wk_5263d60fd3bd
wk_52ab9a68c4a5,,RS,Odisha,Odisha,Khordha,KHORDHA(DISTRICT COLLECTOR KHORDHA_IDA),KHORDHA,Dr. Sasmit Patra (2022-28) (2022-2028),SASMIT PATRA,RS_SASMIT PATRA,,Elected MP,Construction of rooms and halls in school and colleges,Normal/Others,Normal/Others,,"Construction of two Guest Rooms inside the Hostel Premises of the B.B.C. Govt Vocational Higher Secondary School for the Hearing Impaired, Unit-3, Bhubaneswar","Construction of two Guest Rooms inside the Hostel Premises of the B.B.C. Govt Vocational Higher Secondary School for the Hearing Impaired, Unit-3, Bhubaneswar",2024-01-25 00:00:00,,,1500000.0,,,,,recommended,missing_parseable_work_id,synthetic,wk_52ab9a68c4a5
wk_52bf8a0e4489,,LS,Maharashtra,Maharashtra,Nanded,NANDED(DISTRICT COLLECTOR NANDED_IDA),NANDED,DR KALGE SHIVAJI BANDAPPA,KALGE SHIVAJI BANDAPPA,LS_KALGE SHIVAJI BANDAPPA,LATUR(SC),,"Construction of roads, link roads, pathways or any other road with or without drainage system",Normal/Others,Normal/Others,,"Paver block raod on Annabhau Sathe Road at Golegaon P.U., Tq. Loha, District Nanded","Paver block raod on Annabhau Sathe Road at Golegaon P.U., Tq. Loha, District Nanded",2024-10-10 00:00:00,,,300000.0,,,,,recommended,missing_parseable_work_id,synthetic,wk_52bf8a0e4489
wk_52c6be41f49a,,RS,Bihar,Bihar,Vaishali,VAISHALI(DISTRICT PLANNING OFFICER VAISHALI_IDA),VAISHALI,Shri Sanjay Yadav (2024-30) (2024-2030),SANJAY YADAV,RS_SANJAY YADAV,,Elected MP,Construction of common work sheds/ common covered sitting area,Normal/Others,Normal/Others,,Construction of a twelve-foot high roofed platform with a hand pump on the available government land in Raghopur purvi Panchayat under Raghopur Block.,Construction of a twelve-foot high roofed platform with a hand pump on the available government land in Raghopur purvi Panchayat under Raghopur Block.,2025-09-02 00:00:00,,,1499000.0,,,,,recommended,missing_parseable_work_id,synthetic,wk_52c6be41f49a
wk_5306fb13acae,,RS,Kerala,Kerala,Malappuram,MALAPPURAM(DISTRICT COLLECTOR MALAPPURAM_IDA),MALAPPURAM,Shri Abdul Wahab (2021-27) (2021-2027),ABDUL WAHAB,RS_ABDUL WAHAB,,Elected MP,"Purchase of smart boards, visual display units and projectors",Normal/Others,Normal/Others,,"Setting up of Mini theatre cum Language lab at Govt. LP School, Edivanna Estate, Chaliyar Panchayat","Setting up of Mini theatre cum Language lab at Govt. LP School, Edivanna Estate, Chaliyar Panchayat",2025-09-25 00:00:00,,,300000.0,,,,,recommended,missing_parseable_work_id,synthetic,wk_5306fb13acae
wk_53a8537f06fd,,LS,West Bengal,West Bengal,North 24 Parganas,North 24 Parganas(DISTRICT MAGISTRATE NORTH TWENTY FOUR PARGANAS_IDA),NORTH 24 PARGANAS,SK NURUL ISLAM,SK NURUL ISLAM,LS_SK NURUL ISLAM,BASIRHAT,,Street lights,Normal/Others,Normal/Others,,Installation of 20 nos. of Electric street LED Light at different places at Chapali G.P under Minakhan Panchayat Samity (SL.No- 41),Installation of 20 nos. of Electric street LED Light at different places at Chapali G.P under Minakhan Panchayat Samity (SL.No- 41),2024-09-19 00:00:00,,,440000.0,,,,,recommended,missing_parseable_work_id,synthetic,wk_53a8537f06fd
wk_53b6d99e94da,,RS,Kerala,Kerala,Malappuram,MALAPPURAM(DISTRICT COLLECTOR MALAPPURAM_IDA),MALAPPURAM,Shri Abdul Wahab (2021-27) (2021-2027),ABDUL WAHAB,RS_ABDUL WAHAB,,Elected MP,Construction of rooms and halls in school and colleges,Normal/Others,Normal/Others,,"Construction of of Building for Munda Muslim Orphanage LP School, Ward no.18, Vazhikadavu Panchayat","Construction of of Building for Munda Muslim Orphanage LP School, Ward no.18, Vazhikadavu Panchayat",2025-03-12 00:00:00,,,2500000.0,,,,,recommended,missing_parseable_work_id,synthetic,wk_53b6d99e94da
wk_53e63aad4b51,,RS,Assam,Assam,Cachar,CACHAR(DEPUTY COMMISSIONER CACHAR_IDA),CACHAR,Shri Kanad Purkayastha (2025-31) (2025-2031),KANAD PURKAYASTHA,RS_KANAD PURKAYASTHA,,Elected MP,Construction of community centers and community halls,Normal/Others,Normal/Others,,Construction of Community hall at Chengjur Manipuri Basti at Boali Chengjur GP,Construction of Community hall at Chengjur Manipuri Basti at Boali Chengjur GP,2026-01-04 00:00:00,,,1000000.0,,,,,recommended,missing_parseable_work_id,synthetic,wk_53e63aad4b51
wk_542f9c3b1b06,,LS,West Bengal,West Bengal,Purba Bardhaman,PURBA BARDHAMAN(DISTRICT MAGISTRATE PURBA BARDHAMAN_IDA),PURBA BARDHAMAN,DR. SHARMILA SARKAR,SHARMILA SARKAR,LS_SHARMILA SARKAR,BARDHAMAN PURBA(SC),,Retrofitting in essential lifeline buildings,Normal/Others,Normal/Others,,Upgradation of Mertala Deshbandhu High School,Upgradation of Mertala Deshbandhu High School,2024-11-19 00:00:00,,,500000.0,,,,,recommended,missing_parseable_work_id,synthetic,wk_542f9c3b1b06
wk_544335d00f6b,,RS,Madhya Pradesh,Madhya Pradesh,Bhind,BHIND(DISTRICT COLLECTOR BHIND_IDA),BHIND,Shri Vivek K. Tankha (2022-28) (2022-2028),VIVEK K TANKHA,RS_VIVEK K TANKHA,,Elected MP,Installing hand pumps,Normal/Others,Normal/Others,,"Ek Nag Handpump Khanan, Pushpa Devi Batham Ke ghar ke peeche, Krishna Colony, Chandrashekhar Azad Ward no.19, District Bhind (mention in letter no.4136 at column no.1)","Ek Nag Handpump Khanan, Pushpa Devi Batham Ke ghar ke peeche, Krishna Colony, Chandrashekhar Azad Ward no.19, District Bhind (mention in letter no.4136 at column no.1)",2025-08-21 00:00:00,,,130000.0,,,,,recommended,missing_parseable_work_id,synthetic,wk_544335d00f6b
wk_54ac88e26699,,RS,Telangana,Telangana,Hyderabad,HYDERABAD(DISTRICT COLLECTOR HYDERABAD_IDA),HYDERABAD,Shri Anil Kumar Yadav Mandadi (2024-30) (2024-2030),ANIL KUMAR YADAV MANDADI,RS_ANIL KUMAR YADAV MANDADI,,Elected MP,Improvement of electricity distribution infrastructure,Normal/Others,Normal/Others,,"Estimate for Shifting of 11KV OH line at H.No.8-1-68 A 24 Sri Sri Sri Laxmi Ganapathi Sivalayam Temple, Shaikpet, Hyderabad as the existing 11KV OH line is Passing over the Temple Boundary Wall to avoid untoward accidents under the Jurisdiction of CBD, Mehdipatnam of Mehdipatnam Division under DC works vide CSC Regd.No.HT14050777","Estimate for Shifting of 11KV OH line at H.No.8-1-68 A 24 Sri Sri Sri Laxmi Ganapathi Sivalayam Temple, Shaikpet, Hyderabad as the existing 11KV OH line is Passing over the Temple Boundary Wall to avoid untoward accidents under the Jurisdiction of CBD, Mehdipatnam of Mehdipatnam Division under DC works vide CSC Regd.No.HT14050777",2025-01-02 00:00:00,,,104993.0,,,,,recommended,missing_parseable_work_id,synthetic,wk_54ac88e26699
wk_54b42ca5293c,,LS,Uttar Pradesh,Uttar Pradesh,Auraiya,AURAIYA(DISTRICT MAGISTRATE AURAIYA_IDA),AURAIYA,AKHILESH YADAV,AKHILESH YADAV,LS_AKHILESH YADAV,KANNAUJ,,Lighting of public spaces,Normal/Others,Normal/Others,,Installation work of a solar power Light in the main street in front of the house of Shri Chandrashekhar Rajput village Ariyari development block Sahar district Auraiya. Mob.-7017162032 By-Shri Pramod Kumar Savita,Installation work of a solar power Light in the main street in front of the house of Shri Chandrashekhar Rajput village Ariyari development block Sahar district Auraiya. Mob.-7017162032 By-Shri Pramod Kumar Savita,2024-12-10 00:00:00,,,15500.0,,,,,recommended,missing_parseable_work_id,synthetic,wk_54b42ca5293c
wk_54e048cd7344,,LS,Uttar Pradesh,Uttar Pradesh,Deoria,DEORIA(DISTRICT MAGISTRATE DEORIA),DEORIA,RAMASHANKAR RAJBHAR,RAMASHANKAR RAJBHAR,LS_RAMASHANKAR RAJBHAR,SALEMPUR,,Street lights,Normal/Others,Normal/Others,,"Installation of One 9 meter high mast LED light on Ramkola chatti, Gram Jaitpura, Block Bhatpar","Installation of One 9 meter high mast LED light on Ramkola chatti, Gram Jaitpura, Block Bhatpar",2024-09-24 00:00:00,,,319000.0,,,,,recommended,missing_parseable_work_id,synthetic,wk_54e048cd7344
wk_5524342a7a1b,,LS,Tamil Nadu,Tamil Nadu,Coimbatore,COIMBATORE(DISTRICT COLLECTOR COIMBATORE_IDA),COIMBATORE,Andimuthu Raja,ANDIMUTHU RAJA,LS_ANDIMUTHU RAJA,NILGIRIS(SC),,Construction of community centers and community halls,Normal/Others,Normal/Others,,Construction PD Shop Building at Kunnathur Village at Kunnathur Panchayat,Construction PD Shop Building at Kunnathur Village at Kunnathur Panchayat,2024-09-11 00:00:00,,,1400000.0,,,,,recommended,missing_parseable_work_id,synthetic,wk_5524342a7a1b
wk_55281257e5f7,,RS,Tamil Nadu,Tamil Nadu,Thiruvallur,THIRUVALLUR(DISTRICT COLLECTOR TIRUVALLUR_IDA),THIRUVALLUR,Shri R. Girirajan (2022-28) (2022-2028),R GIRIRAJAN,RS_R GIRIRAJAN,,Elected MP,Lighting of public spaces,Normal/Others,Normal/Others,,Providing and erecting Mini Highmast ( 10 Meter Height with 6 Nos LED 150W Ladder Type) Near Bhakthavachalam street comes under Minjur Town Panchayat in Thiruvallur District.,Providing and erecting Mini Highmast ( 10 Meter Height with 6 Nos LED 150W Ladder Type) Near Bhakthavachalam street comes under Minjur Town Panchayat in Thiruvallur District.,2025-05-28 00:00:00,,,450000.0,,,,,recommended,missing_parseable_work_id,synthetic,wk_55281257e5f7
wk_552bd1ce29b6,,LS,Karnataka,Karnataka,Uttara Kannada,UTTARA KANNADA(DEPUTY COMMISSIONER UTTARKANNADA KARWAR_IDA),UTTARA KANNADA,VISHWESHWAR HEGDE KAGERI,VISHWESHWAR HEGDE KAGERI,LS_VISHWESHWAR HEGDE KAGERI,UTTARA KANNADA,,Construction of community centers and community halls,Normal/Others,Normal/Others,,Continuation of Devadiga Samaja Smudaya Bhavan in Bhatkal Town,Continuation of Devadiga Samaja Smudaya Bhavan in Bhatkal Town,2025-01-08 00:00:00,,,700000.0,,,,,recommended,missing_parseable_work_id,synthetic,wk_552bd1ce29b6
wk_55692dd1a061,,RS,Tamil Nadu,Tamil Nadu,Ranipet,"Ranipet(District Collector, Ranipet_2)",RANIPET,Dr. M. Dhanapal (2025-31) (2025-2031),M DHANAPAL,RS_M DHANAPAL,,Elected MP,Lighting of public spaces,Normal/Others,Normal/Others,,"Supply and Erection of High-mast light at Ganesh Nagar 1st street Four point Junction, Ward No.3, Arakkonam Municipality","Supply and Erection of High-mast light at Ganesh Nagar 1st street Four point Junction, Ward No.3, Arakkonam Municipality",2025-12-30 00:00:00,,,750000.0,,,,,recommended,missing_parseable_work_id,synthetic,wk_55692dd1a061
wk_557c5d500bf1,,RS,Puducherry,Puducherry,Puducherry,Puducherry(PROJECT DIRECTOR RDA PUDUCHERRY_IDA),PUDUCHERRY,Shri S. Selvaganabathy (2021-27) (2021-2027),S SELVAGANABATHY,RS_S SELVAGANABATHY,,Elected MP,"Construction of roads, link roads, pathways or any other road with or without drainage system",Normal/Others,Normal/Others,,"Reconstruction of canal at Gandhithirunallur in Indira nagar constituency, Puducherry. (Phase-II).","Reconstruction of canal at Gandhithirunallur in Indira nagar constituency, Puducherry. (Phase-II).",2025-05-16 00:00:00,,,4000000.0,,,,,recommended,missing_parseable_work_id,synthetic,wk_557c5d500bf1
wk_558141c08fa5,,LS,Karnataka,Karnataka,Belagavi,BELAGAVI(DEPUTY COMMISSIONER BELGAUM_IDA),BELAGAVI,PRIYANKA SATISH JARKIHOLI,PRIYANKA SATISH JARKIHOLI,LS_PRIYANKA SATISH JARKIHOLI,CHIKKODI,,Construction of bus-sheds or bus-stops,Normal/Others,Normal/Others,,Construction of Bus Shelter at Kamatanur Village Tq Hukkeri,Construction of Bus Shelter at Kamatanur Village Tq Hukkeri,2024-11-03 00:00:00,,,500000.0,,,,,recommended,missing_parseable_work_id,synthetic,wk_558141c08fa5
wk_55b08744eaf8,,LS,Kerala,Kerala,Kottayam,KOTTAYAM(DISTRICT COLLECTOR KOTTAYAM_IDA),KOTTAYAM,ADV K FRANCIS GEORGE,ADV K FRANCIS GEORGE,LS_ADV K FRANCIS GEORGE,KOTTAYAM,,Construction of water tanks,Normal/Others,Normal/Others,,"Construction of Water Tank, Kannuvettiyar Drinking Water Project, Ettumanoor","Construction of Water Tank, Kannuvettiyar Drinking Water Project, Ettumanoor",2024-12-20 00:00:00,,,1250000.0,,,,,recommended,missing_parseable_work_id,synthetic,wk_55b08744eaf8
wk_560089784557,,RS,Maharashtra,Maharashtra,Nanded,NANDED(DISTRICT COLLECTOR NANDED_IDA),NANDED,Dr. Ajeet Madhavrao Gopchade (2024-30) (2024-2030),AJEET MADHAVRAO GOPCHADE,RS_AJEET MADHAVRAO GOPCHADE,,Elected MP,Construction of community centers and community halls,Normal/Others,Normal/Others,,"Construction of Sabhamandap Near Datta Mandir in the vicinity of Grampanchayat Ladka, Tq. Kandhar Dist. Nanded","Construction of Sabhamandap Near Datta Mandir in the vicinity of Grampanchayat Ladka, Tq. Kandhar Dist. Nanded",2025-11-29 00:00:00,,,1000000.0,,,,,recommended,missing_parseable_work_id,synthetic,wk_560089784557
wk_5601a3dbaa95,,RS,Maharashtra,Maharashtra,Kolhapur,KOLHAPUR(DISTRICT COLLECTOR KOLHAPUR_IDA),KOLHAPUR,Dr. Medha Vishram Kulkarni (2024-30) (2024-2030),MEDHA VISHRAM KULKARNI,RS_MEDHA VISHRAM KULKARNI,,Elected MP,Construction of additional rooms and halls in the existing public and community building,Normal/Others,Normal/Others,,"Construction of Study Room at Shingnapur ,Taluka karveer Kolhapur","Construction of Study Room at Shingnapur ,Taluka karveer Kolhapur",2025-09-27 00:00:00,,,1000000.0,,,,,recommended,missing_parseable_work_id,synthetic,wk_5601a3dbaa95
wk_56211d11f55e,,RS,Karnataka,Karnataka,Chikkamagaluru,CHIKKAMAGALURU(DEPUTY COMMISSIONER CHIKMAGALUR),CHIKKAMAGALURU,Shri Jairam Ramesh (2022-28) (2022-2028),JAIRAM RAMESH,RS_JAIRAM RAMESH,,Elected MP,Construction of water tanks,Normal/Others,Normal/Others,,Construction of Suddha Ganga water plant opposite to sringeri Saradha peeta at Sringere town.,Construction of Suddha Ganga water plant opposite to sringeri Saradha peeta at Sringere town.,2023-09-04 00:00:00,,,1000000.0,,,,,recommended,missing_parseable_work_id,synthetic,wk_56211d11f55e
wk_56399d51909c,,RS,Kerala,Kerala,Malappuram,MALAPPURAM(DISTRICT COLLECTOR MALAPPURAM_IDA),MALAPPURAM,Shri Abdul Wahab (2021-27) (2021-2027),ABDUL WAHAB,RS_ABDUL WAHAB,,Elected MP,"Purchase of IT systems, including hardware and software for educational purposes",Normal/Others,Normal/Others,,"Purchasing of Computers for GLPS Kooripoyil, Ward No.18, Chokkad Panchayat","Purchasing of Computers for GLPS Kooripoyil, Ward No.18, Chokkad Panchayat",2025-07-21 00:00:00,,,300000.0,,,,,recommended,missing_parseable_work_id,synthetic,wk_56399d51909c
wk_5665af378356,,RS,Puducherry,Puducherry,Puducherry,Puducherry(PROJECT DIRECTOR RDA PUDUCHERRY_IDA),PUDUCHERRY,Shri S. Selvaganabathy (2021-27) (2021-2027),S SELVAGANABATHY,RS_S SELVAGANABATHY,,Elected MP,Purchase of books and periodicals for libraries/digitization of library books,Normal/Others,Normal/Others,,Kanal,Kanal,2026-01-23 00:00:00,,,69000.0,,,,,recommended,missing_parseable_work_id,synthetic,wk_5665af378356
wk_56a8e8fe8bf2,,RS,Odisha,Odisha,Baleshwar,Baleshwar(DISTRICT COLLECTOR BALESHWAR_IDA),BALESHWAR,Shri Ashwini Vaishnaw (2024-30) (2024-2030),ASHWINI VAISHNAW,RS_ASHWINI VAISHNAW,,Elected MP,Construction of buildings for community cultural activities,Normal/Others,Normal/Others,,Construction of Yatri Niwas and Tourism Facilities.,Construction of Yatri Niwas and Tourism Facilities.,2024-08-20 00:00:00,,,5000000.0,,,,,recommended,missing_parseable_work_id,synthetic,wk_56a8e8fe8bf2
wk_56b9bfe45b2a,,LS,Kerala,Kerala,Kannur,KANNUR(DISTRICT COLLECTOR KANNUR_IDA),KANNUR,Shri Kumbakudi Sudhakaran,KUMBAKUDI SUDHAKARAN,LS_KUMBAKUDI SUDHAKARAN,KANNUR,,Street lights,Normal/Others,Normal/Others,,Installation of High Mast Light at NEAR PARAPPU PALLI ((08 Meter High Mast With 5x150 Watts -LED Flood LIGHT) IN Alakode Grama Panchayath.,Installation of High Mast Light at NEAR PARAPPU PALLI ((08 Meter High Mast With 5x150 Watts -LED Flood LIGHT) IN Alakode Grama Panchayath.,2024-09-22 00:00:00,,,300000.0,,,,,recommended,missing_parseable_work_id,synthetic,wk_56b9bfe45b2a
wk_56df2bc1b976,,LS,West Bengal,West Bengal,Hooghly,HOOGHLY(DISTRICT MAGISTRATE HOOGHLY_IDA),HOOGHLY,RACHNA BANERJEE,RACHNA BANERJEE,LS_RACHNA BANERJEE,HOOGHLY,,Construction of bus-sheds or bus-stops,Normal/Others,Normal/Others,,Construction of Bus Stand Waiting Shed at Dumurdaha Nityanandapur-1 Gram Panchyat Under Balagarh Panchayat Samity,Construction of Bus Stand Waiting Shed at Dumurdaha Nityanandapur-1 Gram Panchyat Under Balagarh Panchayat Samity,2024-09-03 00:00:00,,,349953.0,,,,,recommended,missing_parseable_work_id,synthetic,wk_56df2bc1b976
wk_57045144710a,,RS,Karnataka,Karnataka,Bagalkote,BAGALKOTE(DEPUTY COMMISSIONER BAGALKOT_IDA),BAGALKOTE,Shri Narayanasa K. Bhandage (2024-30) (2024-2030),NARAYANASA K BHANDAGE,RS_NARAYANASA K BHANDAGE,,Elected MP,Construction of community centers and community halls,Normal/Others,Normal/Others,,"Construction of Public Community Hall at Anadinni Village, of Bagalkote taluk.","Construction of Public Community Hall at Anadinni Village, of Bagalkote taluk.",2026-02-22 00:00:00,,,400000.0,,,,,recommended,missing_parseable_work_id,synthetic,wk_57045144710a
wk_576118141715,,RS,Odisha,Odisha,Puri,PURI(DISTRICT COLLECTOR PURI_IDA),PURI,Shri Subhasish Khuntia (2024-30) (2024-2030),SUBHASISH KHUNTIA,RS_SUBHASISH KHUNTIA,,Elected MP,Construction of community centers and community halls,Normal/Others,Normal/Others,,Construction of Basudev Community Center.,Construction of Basudev Community Center.,2025-09-26 00:00:00,,,500000.0,,,,,recommended,missing_parseable_work_id,synthetic,wk_576118141715
wk_585fa18eecb3,,RS,Maharashtra,Maharashtra,Mumbai Suburban,MUMBAI SUBURBAN(DISTRICT COLLECTOR MUMBAI SUBURBAN_IDA),MUMBAI SUBURBAN,Shri Milind Murli Deora (2024-30) (2024-2030),MILIND MURLI DEORA,RS_MILIND MURLI DEORA,,Elected MP,Construction of public libraries and reading rooms,Normal/Others,Normal/Others,,Construction of Public Newspaper Reading Centre at Girgaon Grant Road. It is near Arab Building Khetwadi.,Construction of Public Newspaper Reading Centre at Girgaon Grant Road. It is near Arab Building Khetwadi.,2025-11-24 00:00:00,,,800000.0,,,,,recommended,missing_parseable_work_id,synthetic,wk_585fa18eecb3
wk_587ddfc3b337,,RS,Maharashtra,Maharashtra,Buldhana,BULDHANA(DISTRICT COLLECTOR BULDHANA_IDA),BULDHANA,Dr. Anil Sukhdeorao Bonde (2022-28) (2022-2028),ANIL SUKHDEORAO BONDE,RS_ANIL SUKHDEORAO BONDE,,Elected MP,"Purchase of IT systems, including hardware and software for educational purposes",Normal/Others,Normal/Others,,"Installation of DIgital Class room at Saraswati Vidyalay, Janefal","Installation of DIgital Class room at Saraswati Vidyalay, Janefal",2025-10-03 00:00:00,,,350000.0,,,,,recommended,missing_parseable_work_id,synthetic,wk_587ddfc3b337
wk_58b158e7f840,,RS,Telangana,Telangana,Peddapalli,PEDDAPALLI(District Collector Peddapally_IDA),PEDDAPALLI,Shri Damodar Rao Divakonda (2022-28) (2022-2028),DAMODAR RAO DIVAKONDA,RS_DAMODAR RAO DIVAKONDA,,Elected MP,Construction of culverts and bridges,Normal/Others,Normal/Others,,Formation of Request For Culvert to Baddam Madhusudhan Reddy Son of Madhava Reddy Fields at Narsingapur Village Dharmaram Mandal.,Formation of Request For Culvert to Baddam Madhusudhan Reddy Son of Madhava Reddy Fields at Narsingapur Village Dharmaram Mandal.,2025-04-26 00:00:00,,,1000000.0,,,,,recommended,missing_parseable_work_id,synthetic,wk_58b158e7f840
wk_58ca8fa1bab7,,RS,Telangana,Telangana,Bhadradri Kothagudem,BHADRADRI KOTHAGUDEM(District Collector Bhadradri Ktdm_IDA),BHADRADRI KOTHAGUDEM,Smt. Renuka Chowdhury (2024-30) (2024-2030),RENUKA CHOWDHURY,RS_RENUKA CHOWDHURY,,Elected MP,"Construction of roads, link roads, pathways or any other road with or without drainage system",Normal/Others,Normal/Others,,"Construction of CC road from Dakuri Vasantha Rao house to Gangaram Gas Godown at Ward no-7, Adrasha nagar, Manugur Mandal, Bhadradri kothagudem District, Telangana","Construction of CC road from Dakuri Vasantha Rao house to Gangaram Gas Godown at Ward no-7, Adrasha nagar, Manugur Mandal, Bhadradri kothagudem District, Telangana",2026-01-26 00:00:00,,,500000.0,,,,,recommended,missing_parseable_work_id,synthetic,wk_58ca8fa1bab7
wk_58da00343985,,RS,Tamil Nadu,Tamil Nadu,Tirunelveli,TIRUNELVELI(DISTRICT COLLECTOR TIRUNELVELI_IDA),TIRUNELVELI,Shri I.S. Inbadurai (2025-31) (2025-2031),I S INBADURAI,RS_I S INBADURAI,,Elected MP,Street lights,Normal/Others,Normal/Others,,Providing of 12 Meter High-mast Light pole with 150W Solar light arrangements before Amman Kovil in ward no.13 in Vadallivillai village in Vadakku Valliyoor Townpanchayat.,Providing of 12 Meter High-mast Light pole with 150W Solar light arrangements before Amman Kovil in ward no.13 in Vadallivillai village in Vadakku Valliyoor Townpanchayat.,2025-12-23 00:00:00,,,750000.0,,,,,recommended,missing_parseable_work_id,synthetic,wk_58da00343985
wk_58e7a6d6e6a9,,RS,Kerala,Kerala,Kottayam,KOTTAYAM(DISTRICT COLLECTOR KOTTAYAM_IDA),KOTTAYAM,Shri Jose K. Mani (2024-30) (2024-2030),JOSE K MANI,RS_JOSE K MANI,,Elected MP,Construction of buildings for crèches and anganwadies,Normal/Others,Normal/Others,,Construction Nedumpara Anganvady Building,Construction Nedumpara Anganvady Building,2024-12-11 00:00:00,,,500000.0,,,,,recommended,missing_parseable_work_id,synthetic,wk_58e7a6d6e6a9
wk_59233f64b0a9,,LS,Meghalaya,Meghalaya,East Khasi Hills,"EAST KHASI HILLS(Deputy Commissioner, East Khasi Hills District)",EAST KHASI HILLS,ANDREW J. SYNGKON,ANDREW J SYNGKON,LS_ANDREW J SYNGKON,SHILLONG,,Construction of rooms and halls in school and colleges,Normal/Others,Normal/Others,,"Construction of KJP Hostel Block by KJP Synod Mihngi, Cleve Colony","Construction of KJP Hostel Block by KJP Synod Mihngi, Cleve Colony",2025-01-05 00:00:00,,,1000000.0,,,,,recommended,missing_parseable_work_id,synthetic,wk_59233f64b0a9
wk_5976eeb84f5a,,RS,Uttar Pradesh,Uttar Pradesh,Deoria,DEORIA(DISTRICT MAGISTRATE DEORIA),DEORIA,Shri Ratanjit Pratap Narain Singh (2024-30) (2024-2030),RATANJIT PRATAP NARAIN SINGH,RS_RATANJIT PRATAP NARAIN SINGH,,Elected MP,Construction of rooms and halls in school and colleges,Normal/Others,Normal/Others,,ASHOK INTER COLLEGE RAMPUR KARKHANA DUMARI District Deoria ME PROJECT ALANKAR KE ANTARGAT BHAWAN NIRMAN HETU,ASHOK INTER COLLEGE RAMPUR KARKHANA DUMARI District Deoria ME PROJECT ALANKAR KE ANTARGAT BHAWAN NIRMAN HETU,2026-01-12 00:00:00,,,400000.0,,,,,recommended,missing_parseable_work_id,synthetic,wk_5976eeb84f5a
wk_599ad73d96e8,,RS,Odisha,Odisha,Puri,PURI(DISTRICT COLLECTOR PURI_IDA),PURI,Shri Subhasish Khuntia (2024-30) (2024-2030),SUBHASISH KHUNTIA,RS_SUBHASISH KHUNTIA,,Elected MP,Construction of community centers and community halls,Normal/Others,Normal/Others,,Construction of Ketakijhar Community Center at Goudagada Sahi.,Construction of Ketakijhar Community Center at Goudagada Sahi.,2025-08-28 00:00:00,,,300000.0,,,,,recommended,missing_parseable_work_id,synthetic,wk_599ad73d96e8
wk_59a659f9d3d2,,RS,Puducherry,Puducherry,Puducherry,Puducherry(PROJECT DIRECTOR RDA PUDUCHERRY_IDA),PUDUCHERRY,Shri S. Selvaganabathy (2021-27) (2021-2027),S SELVAGANABATHY,RS_S SELVAGANABATHY,,Elected MP,Purchase of books and periodicals for libraries/digitization of library books,Normal/Others,Normal/Others,,Ungalai uyarthum oru nimida kathaigal,Ungalai uyarthum oru nimida kathaigal,2026-01-23 00:00:00,,,60000.0,,,,,recommended,missing_parseable_work_id,synthetic,wk_59a659f9d3d2
wk_5a1a31d0d818,,LS,Kerala,Kerala,Kannur,KANNUR(DISTRICT COLLECTOR KANNUR_IDA),KANNUR,Shri Kumbakudi Sudhakaran,KUMBAKUDI SUDHAKARAN,LS_KUMBAKUDI SUDHAKARAN,KANNUR,,Street lights,Normal/Others,Normal/Others,,Installation of High Mast Light at NEAR NEDUVOD JUMAMASJID ((08 Meter High Mast With 5x150 Watts -LED Flood LIGHT) IN Alakode Grama Panchayath.,Installation of High Mast Light at NEAR NEDUVOD JUMAMASJID ((08 Meter High Mast With 5x150 Watts -LED Flood LIGHT) IN Alakode Grama Panchayath.,2024-09-22 00:00:00,,,300000.0,,,,,recommended,missing_parseable_work_id,synthetic,wk_5a1a31d0d818
wk_5a2f4e9f04ce,,RS,Odisha,Odisha,Mayurbhanj,MAYURBHANJ(DISTRICT COLLECTOR MAYURBHANJ_IDA),MAYURBHANJ,Smt. Sulata Deo (2022-28) (2022-2028),SULATA DEO,RS_SULATA DEO,,Elected MP,"Construction of roads, link roads, pathways or any other road with or without drainage system",Normal/Others,Normal/Others,,Construction of CC Road from Pulin Behera House to Sumit Behera House at Sannuagan Badashai Block Village Sannuagan GP Pratappur ITDA Baripada,Construction of CC Road from Pulin Behera House to Sumit Behera House at Sannuagan Badashai Block Village Sannuagan GP Pratappur ITDA Baripada,2025-05-29 00:00:00,,,250000.0,,,,,recommended,missing_parseable_work_id,synthetic,wk_5a2f4e9f04ce
wk_5a3d6cb1056a,,LS,Maharashtra,Maharashtra,Beed,BEED(DISTRICT COLLECTOR BEED_IDA),BEED,BAJRANG MANOHAR SONWANE,BAJRANG MANOHAR SONWANE,LS_BAJRANG MANOHAR SONWANE,BEED,,Construction of community centers and community halls,Normal/Others,Normal/Others,,Construction of Sabha Mandap in magaswargiy wasti on Gram Panchayat land .(Special Component Scheme),Construction of Sabha Mandap in magaswargiy wasti on Gram Panchayat land .(Special Component Scheme),2024-12-09 00:00:00,,,1000000.0,,,,,recommended,missing_parseable_work_id,synthetic,wk_5a3d6cb1056a
wk_5ab6734b3309,,RS,Madhya Pradesh,Madhya Pradesh,Gwalior,GWALIOR(DISTRICT COLLECTOR GWALIOR_IDA),GWALIOR,Shri Ashok Singh (2024-30) (2024-2030),ASHOK SINGH,RS_ASHOK SINGH,,Elected MP,Development of public parks,Normal/Others,Normal/Others,,"Construction at ward no. 30 Captain Roopsingh, near Kutumb Nayalaya Gandhi Road Dist. Gwalior","Construction at ward no. 30 Captain Roopsingh, near Kutumb Nayalaya Gandhi Road Dist. Gwalior",2025-01-21 00:00:00,,,550000.0,,,,,recommended,missing_parseable_work_id,synthetic,wk_5ab6734b3309
wk_5ada8e9012a0,,LS,Odisha,Odisha,Khordha,KHORDHA(DISTRICT COLLECTOR KHORDHA_IDA),KHORDHA,Smt Aparajita Sarangi,APARAJITA SARANGI,LS_APARAJITA SARANGI,BHUBANESWAR,,Construction of public libraries and reading rooms,Normal/Others,Normal/Others,,"Block-Balipatna, Construction of Library Hall of Village Marthapur, GP-Marthapur","Block-Balipatna, Construction of Library Hall of Village Marthapur, GP-Marthapur",2024-12-17 00:00:00,,,500000.0,,,,,recommended,missing_parseable_work_id,synthetic,wk_5ada8e9012a0
wk_5afd81279bdd,,RS,Karnataka,Karnataka,Chikkamagaluru,CHIKKAMAGALURU(DEPUTY COMMISSIONER CHIKMAGALUR),CHIKKAMAGALURU,Shri Jairam Ramesh (2022-28) (2022-2028),JAIRAM RAMESH,RS_JAIRAM RAMESH,,Elected MP,"Construction of roads, link roads, pathways or any other road with or without drainage system",Normal/Others,Normal/Others,,Development Menasinahadya to Guddemane tribal colony Road Kallugudde village Panchayath of Koppa Tq,Development Menasinahadya to Guddemane tribal colony Road Kallugudde village Panchayath of Koppa Tq,2025-02-28 00:00:00,,,1200000.0,,,,,recommended,missing_parseable_work_id,synthetic,wk_5afd81279bdd
wk_5b0c35ca5e74,,LS,Kerala,Kerala,Kottayam,KOTTAYAM(DISTRICT COLLECTOR KOTTAYAM_IDA),KOTTAYAM,ADV K FRANCIS GEORGE,ADV K FRANCIS GEORGE,LS_ADV K FRANCIS GEORGE,KOTTAYAM,,Purchase Books for Library,Bar and Associations,Bar and Associations,,"KFG/MPLADS/03/24 Purchase of Books for the bar association Library Collectroate,","KFG/MPLADS/03/24 Purchase of Books for the bar association Library Collectroate,",2024-12-20 00:00:00,,,50000.0,,,,,recommended,missing_parseable_work_id,synthetic,wk_5b0c35ca5e74
wk_5b3dd8747b1d,,RS,Gujarat,Gujarat,Banas Kantha,BANAS KANTHA(DISTRICT COLLECTOR BANAS KANTHA_IDA),BANAS KANTHA,Shri Mayankkumar Nayak (2024-30) (2024-2030),MAYANKKUMAR NAYAK,RS_MAYANKKUMAR NAYAK,,Elected MP,Construction of common work sheds/ common covered sitting area,Normal/Others,Normal/Others,,For shed work near Radkeshwar Mahadev Gaushala in Karanpura village,For shed work near Radkeshwar Mahadev Gaushala in Karanpura village,2026-01-21 00:00:00,,,500000.0,,,,,recommended,missing_parseable_work_id,synthetic,wk_5b3dd8747b1d
wk_5b849fcbdfbb,,RS,Karnataka,Karnataka,Tumakuru,TUMAKURU(DEPUTY COMMISSIONER TUMKUR_IDA),TUMAKURU,Shri G.C. Chandrashekhar (2024-30) (2024-2030),G C CHANDRASHEKHAR,RS_G C CHANDRASHEKHAR,,Elected MP,Setting up of laboratories,Normal/Others,Normal/Others,,"purchase of computer and other Equipments for government high school at tumkur district, tiptur talluk, nonavinakere hobali, nellikere grama panchayath, Burudeghatta village","purchase of computer and other Equipments for government high school at tumkur district, tiptur talluk, nonavinakere hobali, nellikere grama panchayath, Burudeghatta village",2025-10-28 00:00:00,,,300000.0,,,,,recommended,missing_parseable_work_id,synthetic,wk_5b849fcbdfbb
wk_5bbdb7e3e88c,,RS,Odisha,Odisha,Puri,PURI(DISTRICT COLLECTOR PURI_IDA),PURI,Shri Subhasish Khuntia (2024-30) (2024-2030),SUBHASISH KHUNTIA,RS_SUBHASISH KHUNTIA,,Elected MP,Construction of community centers and community halls,Normal/Others,Normal/Others,,"COnstruction of MAA Mangala Community Center, Tikarapada","COnstruction of MAA Mangala Community Center, Tikarapada",2026-01-09 00:00:00,,,500000.0,,,,,recommended,missing_parseable_work_id,synthetic,wk_5bbdb7e3e88c
wk_5bcb6669f411,,LS,Uttar Pradesh,Uttar Pradesh,Auraiya,AURAIYA(DISTRICT MAGISTRATE AURAIYA_IDA),AURAIYA,AKHILESH YADAV,AKHILESH YADAV,LS_AKHILESH YADAV,KANNAUJ,,Lighting of public spaces,Normal/Others,Normal/Others,,"Installation work of a a solar power light near the house of Shri Sanjeev Kumar son of Rajendra Singh village Usarpatti post Badin Bidhuna, district Auraiya. By-Shri Tyagi Yadav 9457369650","Installation work of a a solar power light near the house of Shri Sanjeev Kumar son of Rajendra Singh village Usarpatti post Badin Bidhuna, district Auraiya. By-Shri Tyagi Yadav 9457369650",2024-12-10 00:00:00,,,15500.0,,,,,recommended,missing_parseable_work_id,synthetic,wk_5bcb6669f411
wk_5c096ff0577b,,RS,Assam,Assam,Sivasagar,SIVASAGAR(Deputy Commissioner Sivsagar_IDA),SIVASAGAR,Shri Pabitra Margherita (2022-28) (2022-2028),PABITRA MARGHERITA,RS_PABITRA MARGHERITA,,Elected MP,Construction of community centers and community halls,Normal/Others,Normal/Others,,"CONSTRUCTION OF LAKSHMIJAN BAGISA RANGAMANCHA, ADPURIA","CONSTRUCTION OF LAKSHMIJAN BAGISA RANGAMANCHA, ADPURIA",2025-03-17 00:00:00,,,700000.0,,,,,recommended,missing_parseable_work_id,synthetic,wk_5c096ff0577b
wk_5c594c75a281,,RS,Assam,Assam,Sivasagar,SIVASAGAR(Deputy Commissioner Sivsagar_IDA),SIVASAGAR,Shri Pabitra Margherita (2022-28) (2022-2028),PABITRA MARGHERITA,RS_PABITRA MARGHERITA,,Elected MP,Construction of community centers and community halls,Normal/Others,Normal/Others,,CONSTRUCTION OF COMMUNITY HALL AT ABHOIPURIA SANSKRITIK NAMGHAR,CONSTRUCTION OF COMMUNITY HALL AT ABHOIPURIA SANSKRITIK NAMGHAR,2026-01-27 00:00:00,,,400000.0,,,,,recommended,missing_parseable_work_id,synthetic,wk_5c594c75a281
wk_5c5b7ae09799,,RS,Madhya Pradesh,Madhya Pradesh,Narsimhapur,Narsimhapur(DISTRICT COLLECTOR NARSINGHPUR_IDA),NARSIMHAPUR,Shri Vivek K. Tankha (2022-28) (2022-2028),VIVEK K TANKHA,RS_VIVEK K TANKHA,,Elected MP,Purchase Books for Library,Normal/Others,Normal/Others,,"Adhivakta Sangh Gadarwara ki library ke liye Pustako ki Kharid, Vidhan Sabha Gadarwara, District Narsinghpur","Adhivakta Sangh Gadarwara ki library ke liye Pustako ki Kharid, Vidhan Sabha Gadarwara, District Narsinghpur",2023-09-12 00:00:00,,,50000.0,,,,,recommended,missing_parseable_work_id,synthetic,wk_5c5b7ae09799
wk_5c6de4b0f34e,,RS,Tamil Nadu,Tamil Nadu,Chengalpattu,CHENGALPATTU(District Collector Chengalpattu_IDA),CHENGALPATTU,Shri R. Girirajan (2022-28) (2022-2028),R GIRIRAJAN,RS_R GIRIRAJAN,,Elected MP,Lighting of public spaces,Normal/Others,Normal/Others,,"Providing and erecting Mini Highmast ( 10 Meter Height with 6 Nos LED 150W Ladder Type) East Mada Street, Ward No. 8 comes under Acharapakkam town Panchayat, Madhuranthagam Assembly Constituency in Chengalpattu district.","Providing and erecting Mini Highmast ( 10 Meter Height with 6 Nos LED 150W Ladder Type) East Mada Street, Ward No. 8 comes under Acharapakkam town Panchayat, Madhuranthagam Assembly Constituency in Chengalpattu district.",2025-05-28 00:00:00,,,450000.0,,,,,recommended,missing_parseable_work_id,synthetic,wk_5c6de4b0f34e
wk_5df261df573c,,RS,West Bengal,West Bengal,Bankura,BANKURA(DISTRICT MAGISTRATE BANKURA_IDA),BANKURA,Shri Samik Bhattacharya (2024-30) (2024-2030),SAMIK BHATTACHARYA,RS_SAMIK BHATTACHARYA,,Elected MP,Purchase of non-conventional energy system and devices for community use,Normal/Others,Normal/Others,,"Installation of Solar Submersible pump with multi-tap water tank at Kalpathar Academy,JL-116,Plot no-1, Kalpathar Gram Panchayat under development block Bankura-I","Installation of Solar Submersible pump with multi-tap water tank at Kalpathar Academy,JL-116,Plot no-1, Kalpathar Gram Panchayat under development block Bankura-I",2025-07-18 00:00:00,,,500000.0,,,,,recommended,missing_parseable_work_id,synthetic,wk_5df261df573c
wk_5e540f0e13c3,,LS,Uttarakhand,Uttarakhand,Dehradun,DEHRADUN(DISTRICT MAGISTRATE DEHRADUN_IDA),DEHRADUN,Mala Rajya Laxmi Shah,MALA RAJYA LAXMI SHAH,LS_MALA RAJYA LAXMI SHAH,TEHRI GARHWAL,,Construction of footpaths and pedestrian ways,Normal/Others,Normal/Others,,"GRAM SABHA HARIYAWALA KALAN ME GRAM SHIV PURI DHAULAS SHADI RAM CHAMOLI KE GHAR SE GAJENDAR KE GHAR TAK CC MARG NIRMAN KARY,","GRAM SABHA HARIYAWALA KALAN ME GRAM SHIV PURI DHAULAS SHADI RAM CHAMOLI KE GHAR SE GAJENDAR KE GHAR TAK CC MARG NIRMAN KARY,",2024-11-24 00:00:00,,,100000.0,,,,,recommended,missing_parseable_work_id,synthetic,wk_5e540f0e13c3
wk_5eae8f28a64f,,RS,Karnataka,Karnataka,Chikkamagaluru,CHIKKAMAGALURU(DEPUTY COMMISSIONER CHIKMAGALUR),CHIKKAMAGALURU,Shri Jairam Ramesh (2022-28) (2022-2028),JAIRAM RAMESH,RS_JAIRAM RAMESH,,Elected MP,"Construction of roads, link roads, pathways or any other road with or without drainage system",Normal/Others,Normal/Others,,Development of road from RNS channel to Forest department road at Gavaligere Camp.,Development of road from RNS channel to Forest department road at Gavaligere Camp.,2023-09-04 00:00:00,,,1000000.0,,,,,recommended,missing_parseable_work_id,synthetic,wk_5eae8f28a64f
wk_5f077a9fdeed,,RS,Puducherry,Puducherry,Puducherry,Puducherry(PROJECT DIRECTOR RDA PUDUCHERRY_IDA),PUDUCHERRY,Shri S. Selvaganabathy (2021-27) (2021-2027),S SELVAGANABATHY,RS_S SELVAGANABATHY,,Elected MP,Purchase Books for Library,Normal/Others,Normal/Others,,"""Puthucheriyin Adayaalangal' Written by A. Ramadass.","""Puthucheriyin Adayaalangal' Written by A. Ramadass.",2024-09-30 00:00:00,,,150000.0,,,,,recommended,missing_parseable_work_id,synthetic,wk_5f077a9fdeed
wk_5f1f7d0a4c5b,,RS,Madhya Pradesh,Madhya Pradesh,Narmadapuram,NARMADAPURAM(DISTRICT COLLECTOR NARMADAPURAM_IDA),NARMADAPURAM,Smt. Maya Naroliya (2024-30) (2024-2030),MAYA NAROLIYA,RS_MAYA NAROLIYA,,Elected MP,Construction of common work sheds/ common covered sitting area,Normal/Others,Normal/Others,,Global campus maa hinglaj colony phase 2 kalika nagar mein sarvjanik Shed nirman,Global campus maa hinglaj colony phase 2 kalika nagar mein sarvjanik Shed nirman,2025-12-06 00:00:00,,,100000.0,,,,,recommended,missing_parseable_work_id,synthetic,wk_5f1f7d0a4c5b
wk_5f52078009e3,,RS,Rajasthan,Rajasthan,Barmer,BARMER(DISTRICT COLLECTOR BARMER_IDA),BARMER,Shri Madan Rathore (2024-30) (2024-2030),MADAN RATHORE,RS_MADAN RATHORE,,Elected MP,Construction of rooms and halls in school and colleges,Normal/Others,Normal/Others,,Room construction work in Rawana Rajput Girls Hostel,Room construction work in Rawana Rajput Girls Hostel,2025-09-15 00:00:00,,,600000.0,,,,,recommended,missing_parseable_work_id,synthetic,wk_5f52078009e3
wk_5f5ece176502,,RS,Kerala,Kerala,Kannur,KANNUR(DISTRICT COLLECTOR KANNUR_IDA),KANNUR,Shri Sandosh Kumar P (2022-28) (2022-2028),SANDOSH KUMAR P,RS_SANDOSH KUMAR P,,Elected MP,Installation/ Construction of Anti-Pollution structure,Normal/Others,Normal/Others,,Installation of Garbage collection and Disposal System in Panoor block Panchayath,Installation of Garbage collection and Disposal System in Panoor block Panchayath,2025-09-25 00:00:00,,,1000000.0,,,,,recommended,missing_parseable_work_id,synthetic,wk_5f5ece176502
wk_5f6517b71356,,RS,Bihar,Bihar,Vaishali,VAISHALI(DISTRICT PLANNING OFFICER VAISHALI_IDA),VAISHALI,Shri Sanjay Yadav (2024-30) (2024-2030),SANJAY YADAV,RS_SANJAY YADAV,,Elected MP,Construction of common work sheds/ common covered sitting area,Normal/Others,Normal/Others,,Construction of a twelve-foot high roofed platform with a hand pump on the available government land in Jahangirpur Panchayat under Raghopur Block.,Construction of a twelve-foot high roofed platform with a hand pump on the available government land in Jahangirpur Panchayat under Raghopur Block.,2025-09-02 00:00:00,,,1499000.0,,,,,recommended,missing_parseable_work_id,synthetic,wk_5f6517b71356
wk_5f687f325068,,RS,Assam,Assam,Sribhumi,"Sribhumi(Deputy Commissioner , Karimganj)",SRIBHUMI,Shri Kanad Purkayastha (2025-31) (2025-2031),KANAD PURKAYASTHA,RS_KANAD PURKAYASTHA,,Elected MP,Construction of stadiums,Normal/Others,Normal/Others,,"Upgradation of DSA Sribhumi Playground, Sribhumi.","Upgradation of DSA Sribhumi Playground, Sribhumi.",2025-11-20 00:00:00,,,500000.0,,,,,recommended,missing_parseable_work_id,synthetic,wk_5f687f325068
wk_5fa3b8459d25,,RS,Uttar Pradesh,Uttar Pradesh,Budaun,BUDAUN(DISTRICT MAGISTRATE BUDAUN_IDA),BUDAUN,Shri B.L. Verma (2020-26) (2020-2026),B L VERMA,RS_B L VERMA,,Elected MP,Construction of rooms and halls in school and colleges,Normal/Others,Normal/Others,,"construction of a room in Santosh Kumari Shravan Kumar Agarwal Saraswati Vidya Mandir Inter College, Ujhani.","construction of a room in Santosh Kumari Shravan Kumar Agarwal Saraswati Vidya Mandir Inter College, Ujhani.",2024-10-02 00:00:00,,,1000000.0,,,,,recommended,missing_parseable_work_id,synthetic,wk_5fa3b8459d25
wk_5faf5815a362,,RS,Karnataka,Karnataka,Belagavi,BELAGAVI(DEPUTY COMMISSIONER BELGAUM_IDA),BELAGAVI,Shri Jairam Ramesh (2022-28) (2022-2028),JAIRAM RAMESH,RS_JAIRAM RAMESH,,Elected MP,Construction of rooms and halls in school and colleges,Normal/Others,Normal/Others,,Village Nichchanaki Tahashil. Kittur,Village Nichchanaki Tahashil. Kittur,2025-09-19 00:00:00,,,1500000.0,,,,,recommended,missing_parseable_work_id,synthetic,wk_5faf5815a362
wk_60024256a8c9,,RS,Karnataka,Karnataka,Belagavi,BELAGAVI(DEPUTY COMMISSIONER BELGAUM_IDA),BELAGAVI,Shri Jairam Ramesh (2022-28) (2022-2028),JAIRAM RAMESH,RS_JAIRAM RAMESH,,Elected MP,Construction of rooms and halls in school and colleges,Normal/Others,Normal/Others,,Village Ganikoppa Tahashil. Bailhongal,Village Ganikoppa Tahashil. Bailhongal,2025-09-19 00:00:00,,,1700000.0,,,,,recommended,missing_parseable_work_id,synthetic,wk_60024256a8c9
wk_601fd4e56845,,RS,Odisha,Odisha,Khordha,KHORDHA(DISTRICT COLLECTOR KHORDHA_IDA),KHORDHA,Shri Manas Ranjan Mangaraj (2022-28) (2022-2028),MANAS RANJAN MANGARAJ,RS_MANAS RANJAN MANGARAJ,,Elected MP,"Construction of roads, link roads, pathways or any other road with or without drainage system",Normal/Others,Normal/Others,,Construction of CC road from Bhagban Pradhan house to Muslim Sahi (Nuasahi).,Construction of CC road from Bhagban Pradhan house to Muslim Sahi (Nuasahi).,2025-10-09 00:00:00,,,500000.0,,,,,recommended,missing_parseable_work_id,synthetic,wk_601fd4e56845
wk_6032a72be90b,,LS,Madhya Pradesh,Madhya Pradesh,Neemuch,NEEMUCH(District Collector Neemuch_IDA),NEEMUCH,Shri Sudheer Gupta,SUDHEER GUPTA,LS_SUDHEER GUPTA,MANDSOUR,,Development of public parks,Normal/Others,Normal/Others,,development of public parks,development of public parks,2024-10-07 00:00:00,,,100000.0,,,,,recommended,missing_parseable_work_id,synthetic,wk_6032a72be90b
wk_6093fc1141f3,,RS,Kerala,Kerala,Malappuram,MALAPPURAM(DISTRICT COLLECTOR MALAPPURAM_IDA),MALAPPURAM,Shri Abdul Wahab (2021-27) (2021-2027),ABDUL WAHAB,RS_ABDUL WAHAB,,Elected MP,"Construction of roads, link roads, pathways or any other road with or without drainage system",Normal/Others,Normal/Others,,"Construction of retain wall Janathapadi Padikunnu PVS School Pattarakka link road or pathway, Ward no. 24, Nilambur Municipality","Construction of retain wall Janathapadi Padikunnu PVS School Pattarakka link road or pathway, Ward no. 24, Nilambur Municipality",2026-01-21 00:00:00,,,2800000.0,,,,,recommended,missing_parseable_work_id,synthetic,wk_6093fc1141f3
wk_609c577df5a1,,LS,Tamil Nadu,Tamil Nadu,Ranipet,"Ranipet(District Collector, Ranipet_2)",RANIPET,S. Jagathrakshakan,S JAGATHRAKSHAKAN,LS_S JAGATHRAKSHAKAN,ARAKKONAM,,"Construction of Government office buildings (Post office, Police station, Police chauki, etc.)",Normal/Others,Normal/Others,,Construction of Fair Price Shop in Arakkonam ward no 21,Construction of Fair Price Shop in Arakkonam ward no 21,2024-12-19 00:00:00,,,1400000.0,,,,,recommended,missing_parseable_work_id,synthetic,wk_609c577df5a1
wk_60eafc49c4da,,RS,Odisha,Odisha,Puri,PURI(DISTRICT COLLECTOR PURI_IDA),PURI,Shri Subhasish Khuntia (2024-30) (2024-2030),SUBHASISH KHUNTIA,RS_SUBHASISH KHUNTIA,,Elected MP,Construction of community centers and community halls,Normal/Others,Normal/Others,,Construction of Azad Young Mass Community Center at CT Road Nua Sahi,Construction of Azad Young Mass Community Center at CT Road Nua Sahi,2025-08-28 00:00:00,,,300000.0,,,,,recommended,missing_parseable_work_id,synthetic,wk_60eafc49c4da
wk_60f100c6663c,,RS,Bihar,Bihar,Darbhanga,DARBHANGA(DISTRICT PLANNING OFFICER DARBANGA_IDA),DARBHANGA,Dr. Dharmshila Gupta (2024-30) (2024-2030),DHARMSHILA GUPTA,RS_DHARMSHILA GUPTA,,Elected MP,Lighting of public spaces,Normal/Others,Normal/Others,,"HIGH MAST ELECTRIC LIGHT 12.5 MTRS HIGHT - TARALAHI LATE, BHAMA SAH SMARAK KE NIKAT.","HIGH MAST ELECTRIC LIGHT 12.5 MTRS HIGHT - TARALAHI LATE, BHAMA SAH SMARAK KE NIKAT.",2024-10-29 00:00:00,,,498000.0,,,,,recommended,missing_parseable_work_id,synthetic,wk_60f100c6663c
wk_610c83f7bb53,,RS,Gujarat,Gujarat,Kachchh,KACHCHH(DISTRICT COLLECTOR KUTCH_IDA),KACHCHH,Shri Mayankkumar Nayak (2024-30) (2024-2030),MAYANKKUMAR NAYAK,RS_MAYANKKUMAR NAYAK,,Elected MP,Purchase of ambulance to transport sick and injured animals,Normal/Others,Normal/Others,,Purchase of ambulance at the College of Veterinary Medicine and Animal Husbandry under Kamdhenu University,Purchase of ambulance at the College of Veterinary Medicine and Animal Husbandry under Kamdhenu University,2026-01-03 00:00:00,,,1000000.0,,,,,recommended,missing_parseable_work_id,synthetic,wk_610c83f7bb53
wk_6160faf1f668,,RS,Delhi,Delhi,Central,CENTRAL(COMMISSIONER MCD (CENTRAL DISTRICT)),CENTRAL,Shri Narain Dass Gupta (2024-30) (2024-2030),NARAIN DASS GUPTA,RS_NARAIN DASS GUPTA,,Elected MP,Fitting of Sitting RCC Benches in Public Places,Normal/Others,Normal/Others,,Providing and placing of RCC benches at various parks in Ward No 90 Moti Nagar (KBZ),Providing and placing of RCC benches at various parks in Ward No 90 Moti Nagar (KBZ),2025-12-30 00:00:00,,,569900.0,,,,,recommended,missing_parseable_work_id,synthetic,wk_6160faf1f668
wk_61c9ad033a62,,RS,Assam,Assam,Sivasagar,SIVASAGAR(Deputy Commissioner Sivsagar_IDA),SIVASAGAR,Shri Pabitra Margherita (2022-28) (2022-2028),PABITRA MARGHERITA,RS_PABITRA MARGHERITA,,Elected MP,Construction of community centers and community halls,Normal/Others,Normal/Others,,CONSTRUCTION OF BANTUNG NIMAIGARH SANSKRITIK KENDRA,CONSTRUCTION OF BANTUNG NIMAIGARH SANSKRITIK KENDRA,2026-01-27 00:00:00,,,200000.0,,,,,recommended,missing_parseable_work_id,synthetic,wk_61c9ad033a62
wk_6201af2d4231,,LS,Telangana,Telangana,Nizamabad,NIZAMABAD(DISTRICT COLLECTOR NIZAMABAD_IDA),NIZAMABAD,Arvind Dharmapuri,ARVIND DHARMAPURI,LS_ARVIND DHARMAPURI,NIZAMABAD,,Installing tube-wells and borewells,Normal/Others,Normal/Others,,Drilling of Borewell with Pumpset near Yadava Sangham,Drilling of Borewell with Pumpset near Yadava Sangham,2024-12-17 00:00:00,,,150000.0,,,,,recommended,missing_parseable_work_id,synthetic,wk_6201af2d4231
wk_628d61cb4454,,RS,Tamil Nadu,Tamil Nadu,Tiruppur,TIRUPPUR(DISTRICT COLLECTOR TIRUPPUR_IDA),TIRUPPUR,Shri Ilaiyaraaja (2022-28) (2022-2028),ILAIYARAAJA,RS_ILAIYARAAJA,,Nominated MP,Construction of water tanks,Normal/Others,Normal/Others,,10000 Lts Over Head Water Tank in Puliyankattupudur AdiDravidar Housing Area Of Valliarachal Panchayat,10000 Lts Over Head Water Tank in Puliyankattupudur AdiDravidar Housing Area Of Valliarachal Panchayat,2025-12-25 00:00:00,,,850000.0,,,,,recommended,missing_parseable_work_id,synthetic,wk_628d61cb4454
wk_62a0a9eb6eca,,RS,Assam,Assam,Sivasagar,SIVASAGAR(Deputy Commissioner Sivsagar_IDA),SIVASAGAR,Shri Pabitra Margherita (2022-28) (2022-2028),PABITRA MARGHERITA,RS_PABITRA MARGHERITA,,Elected MP,Construction of community centers and community halls,Normal/Others,Normal/Others,,CONSTRUCTION OF LAKHMIJAN KHER LINE SANSKRITIK KENDRA,CONSTRUCTION OF LAKHMIJAN KHER LINE SANSKRITIK KENDRA,2026-01-27 00:00:00,,,200000.0,,,,,recommended,missing_parseable_work_id,synthetic,wk_62a0a9eb6eca
wk_62c9fe93d0b5,,RS,Gujarat,Gujarat,Patan,PATAN(DISTRICT COLLECTOR PATAN_IDA),PATAN,Shri Mayankkumar Nayak (2024-30) (2024-2030),MAYANKKUMAR NAYAK,RS_MAYANKKUMAR NAYAK,,Elected MP,Construction of public libraries and reading rooms,Normal/Others,Normal/Others,,For all types of furniture work of the library in Shri K.H. Higher Secondary School run by Shri Dhinoj Nagarik Kelvani Vikas Mandal,For all types of furniture work of the library in Shri K.H. Higher Secondary School run by Shri Dhinoj Nagarik Kelvani Vikas Mandal,2025-12-20 00:00:00,,,500000.0,,,,,recommended,missing_parseable_work_id,synthetic,wk_62c9fe93d0b5
wk_62d8c9b5e8d7,,RS,Telangana,Telangana,Mahabubabad,MAHABUBABAD(DISTRICT COLLECTOR MAHABUBABAD_IDA),MAHABUBABAD,Shri Ravi Chandra Vaddiraju (2024-30) (2024-2030),RAVI CHANDRA VADDIRAJU,RS_RAVI CHANDRA VADDIRAJU,,Elected MP,Construction of community centers and community halls,Normal/Others,Normal/Others,,Laying of CC Road from Gunrapally Sadaiah(H) to Ganji Raghu (H) at Inugurthy,Laying of CC Road from Gunrapally Sadaiah(H) to Ganji Raghu (H) at Inugurthy,2025-05-25 00:00:00,,,499000.0,,,,,recommended,missing_parseable_work_id,synthetic,wk_62d8c9b5e8d7
wk_631a5fb53943,,RS,Rajasthan,Rajasthan,Dungarpur,DUNGARPUR(DISTRICT COLLECTOR DUNGARPUR_IDA),DUNGARPUR,Shri Madan Rathore (2024-30) (2024-2030),MADAN RATHORE,RS_MADAN RATHORE,,Elected MP,Construction of boundary walls of existing public and community buildings,Normal/Others,Normal/Others,,Construction of a boundary wall at Gamdi Devki playground by Gamdi Devki Gram Panchayat,Construction of a boundary wall at Gamdi Devki playground by Gamdi Devki Gram Panchayat,2026-01-06 00:00:00,,,600000.0,,,,,recommended,missing_parseable_work_id,synthetic,wk_631a5fb53943
wk_632db98137f9,,RS,Rajasthan,Rajasthan,Beawar,Beawar(DISTRICT COLLECTOR Beawar_IDA),BEAWAR,Shri Madan Rathore (2024-30) (2024-2030),MADAN RATHORE,RS_MADAN RATHORE,,Elected MP,Construction of bus-sheds or bus-stops,Normal/Others,Normal/Others,,Construction work of public bus stand in front of railway station,Construction work of public bus stand in front of railway station,2025-03-20 00:00:00,,,500000.0,,,,,recommended,missing_parseable_work_id,synthetic,wk_632db98137f9
wk_63d317359c5a,,RS,Kerala,Kerala,Kottayam,KOTTAYAM(DISTRICT COLLECTOR KOTTAYAM_IDA),KOTTAYAM,Shri Jose K. Mani (2024-30) (2024-2030),JOSE K MANI,RS_JOSE K MANI,,Elected MP,"Purchase of smart boards, visual display units and projectors",Normal/Others,Normal/Others,,Supply and Installation of Smart Class Room at Sacred Heart UP School Ullanad,Supply and Installation of Smart Class Room at Sacred Heart UP School Ullanad,2025-05-22 00:00:00,,,300000.0,,,,,recommended,missing_parseable_work_id,synthetic,wk_63d317359c5a
wk_63ff0032f010,,RS,Kerala,Kerala,Kollam,KOLLAM(DISTRICT COLLECTOR KOLLAM_IDA),KOLLAM,Shri Haris Beeran (2024-30) (2024-2030),HARIS BEERAN,RS_HARIS BEERAN,,Elected MP,"Construction of roads, link roads, pathways or any other road with or without drainage system",Normal/Others,Normal/Others,,Peruvattathmukku -Puthusserikkulam Drainage with Covering Slab,Peruvattathmukku -Puthusserikkulam Drainage with Covering Slab,2025-09-10 00:00:00,,,500000.0,,,,,recommended,missing_parseable_work_id,synthetic,wk_63ff0032f010
wk_64416ba9c94e,,RS,Uttar Pradesh,Uttar Pradesh,Lucknow,LUCKNOW(DISTRICT MAGISTRAE LUCKNOW_IDA),LUCKNOW,Dr. Dinesh Sharma (2023-26) (2023-2026),DINESH SHARMA,RS_DINESH SHARMA,,Elected MP,"Construction of roads, link roads, pathways or any other road with or without drainage system",Normal/Others,Normal/Others,,Construction of CC road and drain in Tulsi Puram from Mangal Dwar to transformer under Triveni Nagar Ward No. 82.,Construction of CC road and drain in Tulsi Puram from Mangal Dwar to transformer under Triveni Nagar Ward No. 82.,2025-11-03 00:00:00,,,1000000.0,,,,,recommended,missing_parseable_work_id,synthetic,wk_64416ba9c94e
wk_6478e50c39cc,,RS,Maharashtra,Maharashtra,Pune,PUNE(DISTRICT COLLECTOR PUNE_IDA),PUNE,Dr. Medha Vishram Kulkarni (2024-30) (2024-2030),MEDHA VISHRAM KULKARNI,RS_MEDHA VISHRAM KULKARNI,,Elected MP,Construction of bus-sheds or bus-stops,Normal/Others,Normal/Others,,"Ward 11Establishment of a bus stop at Badhai Sweet Home, Kothrud Down","Ward 11Establishment of a bus stop at Badhai Sweet Home, Kothrud Down",2025-11-26 00:00:00,,,1000000.0,,,,,recommended,missing_parseable_work_id,synthetic,wk_6478e50c39cc
wk_6491b27fb63c,,LS,Karnataka,Karnataka,Chikkamagaluru,CHIKKAMAGALURU(DEPUTY COMMISSIONER CHIKMAGALUR),CHIKKAMAGALURU,KOTA SRINIVAS POOJARY,KOTA SRINIVAS POOJARY,LS_KOTA SRINIVAS POOJARY,UDUPI CHIKMAGALUR,,Construction of community centers and community halls,Normal/Others,Normal/Others,,"Chikmagalur district, Koppa taluk, Koppa rural panchayat area, Vijayanagar village, Bantarayane Nadavara Sangha building development work.","Chikmagalur district, Koppa taluk, Koppa rural panchayat area, Vijayanagar village, Bantarayane Nadavara Sangha building development work.",2024-12-18 00:00:00,,,500000.0,,,,,recommended,missing_parseable_work_id,synthetic,wk_6491b27fb63c
wk_64a2fd16a4e6,,RS,Maharashtra,Maharashtra,Nanded,NANDED(DISTRICT COLLECTOR NANDED_IDA),NANDED,Dr. Ajeet Madhavrao Gopchade (2024-30) (2024-2030),AJEET MADHAVRAO GOPCHADE,RS_AJEET MADHAVRAO GOPCHADE,,Elected MP,Construction of community centers and community halls,Normal/Others,Normal/Others,,Construction of Sabhamandap in the area of Grampanchayat Near Mahadev Mandir at Takali Thadi Tq. Biloli Dist. Nanded,Construction of Sabhamandap in the area of Grampanchayat Near Mahadev Mandir at Takali Thadi Tq. Biloli Dist. Nanded,2025-10-24 00:00:00,,,700000.0,,,,,recommended,missing_parseable_work_id,synthetic,wk_64a2fd16a4e6
wk_64cfa426af60,,RS,Gujarat,Gujarat,Patan,PATAN(DISTRICT COLLECTOR PATAN_IDA),PATAN,Shri Babubhai Jesangbhai Desai (2023-29) (2023-2029),BABUBHAI JESANGBHAI DESAI,RS_BABUBHAI JESANGBHAI DESAI,,Elected MP,Providing drains and gutters for public drainage,Normal/Others,Normal/Others,,Drain on the open canal passing through Siddhpur Sitanagar Colony (2024-25),Drain on the open canal passing through Siddhpur Sitanagar Colony (2024-25),2025-02-24 00:00:00,,,200000.0,,,,,recommended,missing_parseable_work_id,synthetic,wk_64cfa426af60
wk_650423f57e86,,LS,Assam,Assam,Sivasagar,SIVASAGAR(Deputy Commissioner Sivsagar_IDA),SIVASAGAR,GAURAV GOGOI,GAURAV GOGOI,LS_GAURAV GOGOI,JORHAT,,Construction of community centers and community halls,Normal/Others,Normal/Others,,"Development of Adpuria Bornamghar, Ward no 7, Napukhuri GP","Development of Adpuria Bornamghar, Ward no 7, Napukhuri GP",2024-11-25 00:00:00,,,200000.0,,,,,recommended,missing_parseable_work_id,synthetic,wk_650423f57e86
wk_65c8cb3c1983,,LS,Kerala,Kerala,Kottayam,KOTTAYAM(DISTRICT COLLECTOR KOTTAYAM_IDA),KOTTAYAM,Anto Antony,ANTO ANTONY,LS_ANTO ANTONY,PATHANAMTHITTA,,Purchase Books for Library,Bar and Associations,Bar and Associations,,"Providing Library Books to Bar Association, Kanjirappally in Chirakkadavu Grama Panchayat.","Providing Library Books to Bar Association, Kanjirappally in Chirakkadavu Grama Panchayat.",2024-09-20 00:00:00,,,50000.0,,,,,recommended,missing_parseable_work_id,synthetic,wk_65c8cb3c1983
wk_65de1b813ad2,,RS,Maharashtra,Maharashtra,Raigad,RAIGAD(DISTRICT COLLECTOR RAIGAD_IDA),RAIGAD,Shri Sanjay Raut (2022-28) (2022-2028),SANJAY RAUT,RS_SANJAY RAUT,,Elected MP,Construction of community centers and community halls,Normal/Others,Normal/Others,,"Construction of classrooms (fans, light fittings and benches) in Akshar Vidyalaya, Hamrapur, Pen Md., Raigad Taluka, District.","Construction of classrooms (fans, light fittings and benches) in Akshar Vidyalaya, Hamrapur, Pen Md., Raigad Taluka, District.",2025-02-03 00:00:00,,,1500000.0,,,,,recommended,missing_parseable_work_id,synthetic,wk_65de1b813ad2
wk_65e6324c93f6,,RS,Goa,Goa,North Goa,NORTH GOA(DISTRICT COLLECTOR NORTH GOA_IDA),NORTH GOA,Shri Sadanand Mhalu Shet Tanavade (2023-29) (2023-2029),SADANAND MHALU SHET TANAVADE,RS_SADANAND MHALU SHET TANAVADE,,Elected MP,Setting up of laboratories,Normal/Others,Normal/Others,,"Astronomy Lab for Mushtifund High School, Cujira, St. Cruz, Tiswadi, Goa 403202.","Astronomy Lab for Mushtifund High School, Cujira, St. Cruz, Tiswadi, Goa 403202.",2026-01-15 00:00:00,,,4000000.0,,,,,recommended,missing_parseable_work_id,synthetic,wk_65e6324c93f6
wk_6610a9b66f00,,RS,Rajasthan,Rajasthan,Jaisalmer,JAISALMER(DISTRICT COLLECTOR JAISLAMER_IDA),JAISALMER,Smt. Sonia Gandhi (2024-30) (2024-2030),SONIA GANDHI,RS_SONIA GANDHI,,Elected MP,Construction of public libraries and reading rooms,Normal/Others,Normal/Others,,"Construction of a Public Library Room at Deepsingh ka Vas, Village Dhirpura, Gram Panchayat Kohra, Panchayat Samiti Fatehgarh, District Jaisalmer","Construction of a Public Library Room at Deepsingh ka Vas, Village Dhirpura, Gram Panchayat Kohra, Panchayat Samiti Fatehgarh, District Jaisalmer",2025-07-15 00:00:00,,,1000000.0,,,,,recommended,missing_parseable_work_id,synthetic,wk_6610a9b66f00
wk_6612775e12f7,,RS,Kerala,Kerala,Malappuram,MALAPPURAM(DISTRICT COLLECTOR MALAPPURAM_IDA),MALAPPURAM,Shri Abdul Wahab (2021-27) (2021-2027),ABDUL WAHAB,RS_ABDUL WAHAB,,Elected MP,Street lights,Normal/Others,Normal/Others,,"Setting up of street Lights at Nedumkayam ST Colony, ward no.06, Karulai Panchayat","Setting up of street Lights at Nedumkayam ST Colony, ward no.06, Karulai Panchayat",2025-03-11 00:00:00,,,300000.0,,,,,recommended,missing_parseable_work_id,synthetic,wk_6612775e12f7
wk_6626458dee88,,RS,Maharashtra,Maharashtra,Bhandara,BHANDARA(DISTRICT COLLECTOR BHANDARA_IDA),BHANDARA,Shri Praful Patel (2024-30) (2024-2030),PRAFUL PATEL,RS_PRAFUL PATEL,,Elected MP,Installing tube-wells and borewells,Normal/Others,Normal/Others,,tawasi me bus stand ke pass 1 borwell,tawasi me bus stand ke pass 1 borwell,2025-03-04 00:00:00,,,150000.0,,,,,recommended,missing_parseable_work_id,synthetic,wk_6626458dee88
wk_662eb5744e8a,,RS,Telangana,Telangana,Jangoan,JANGOAN(DISTRICT COLLECTOR JANGAON_IDA),JANGOAN,Shri Ravi Chandra Vaddiraju (2024-30) (2024-2030),RAVI CHANDRA VADDIRAJU,RS_RAVI CHANDRA VADDIRAJU,,Elected MP,Construction of community centers and community halls,Normal/Others,Normal/Others,,"Construction of Community Hall Near Sevalal Temple at Pedda thanda K(V), Palakurthy(M)","Construction of Community Hall Near Sevalal Temple at Pedda thanda K(V), Palakurthy(M)",2024-10-18 00:00:00,,,499000.0,,,,,recommended,missing_parseable_work_id,synthetic,wk_662eb5744e8a
wk_66409fcb62db,,RS,Uttar Pradesh,Uttar Pradesh,Muzaffarnagar,MUZAFFARNAGAR(DISTRICT MAGISTRATE MUZAFFARNAGAR_IDA),MUZAFFARNAGAR,Shri Kapil Sibal (2022-28) (2022-2028),KAPIL SIBAL,RS_KAPIL SIBAL,,Elected MP,Construction of common work sheds/ common covered sitting area,Trust and Society,Trust and Society,,"Construction of Varandah in Choudhary Mahendra Singh Tikait Kisan Trust, Sisauli","Construction of Varandah in Choudhary Mahendra Singh Tikait Kisan Trust, Sisauli",2024-08-21 00:00:00,,,1000000.0,,,,,recommended,missing_parseable_work_id,synthetic,wk_66409fcb62db
wk_667099630551,,LS,Telangana,Telangana,Mahabubabad,MAHABUBABAD(DISTRICT COLLECTOR MAHABUBABAD_IDA),MAHABUBABAD,BALRAM NAIK PORIKA,BALRAM NAIK PORIKA,LS_BALRAM NAIK PORIKA,MAHABUBABAD,,Street lights,Normal/Others,Normal/Others,,"Installation of LED Street lights at Shanigapuram ward no.9th , 10th in Mahabubabad Municipality","Installation of LED Street lights at Shanigapuram ward no.9th , 10th in Mahabubabad Municipality",2024-11-05 00:00:00,,,500000.0,,,,,recommended,missing_parseable_work_id,synthetic,wk_667099630551
wk_66f00df57b49,,RS,Telangana,Telangana,Warangal,WARANGAL(District Collector Warangal_IDA),WARANGAL,Shri Anil Kumar Yadav Mandadi (2024-30) (2024-2030),ANIL KUMAR YADAV MANDADI,RS_ANIL KUMAR YADAV MANDADI,,Elected MP,"Construction of roads, link roads, pathways or any other road with or without drainage system",Normal/Others,Normal/Others,,Formation and Metalling the road from Sandhi Ravinder Reddy Fields to Sandhi Buchi Reddy Fields at Mylaram (V) of Rayanparthy (M),Formation and Metalling the road from Sandhi Ravinder Reddy Fields to Sandhi Buchi Reddy Fields at Mylaram (V) of Rayanparthy (M),2024-09-04 00:00:00,,,500000.0,,,,,recommended,missing_parseable_work_id,synthetic,wk_66f00df57b49
wk_673700104a70,,RS,Assam,Assam,Sivasagar,SIVASAGAR(Deputy Commissioner Sivsagar_IDA),SIVASAGAR,Shri Pabitra Margherita (2022-28) (2022-2028),PABITRA MARGHERITA,RS_PABITRA MARGHERITA,,Elected MP,Construction of community centers and community halls,Normal/Others,Normal/Others,,Construction of Achalabari Sanskritik Kendra,Construction of Achalabari Sanskritik Kendra,2026-01-27 00:00:00,,,250000.0,,,,,recommended,missing_parseable_work_id,synthetic,wk_673700104a70
wk_675b39ce4aae,,RS,Goa,Goa,North Goa,NORTH GOA(DISTRICT COLLECTOR NORTH GOA_IDA),NORTH GOA,Shri Sadanand Mhalu Shet Tanavade (2023-29) (2023-2029),SADANAND MHALU SHET TANAVADE,RS_SADANAND MHALU SHET TANAVADE,,Elected MP,Purchase of vans and buses for educational institutions,Normal/Others,Normal/Others,,"School Bus for Shri Dayanand Arya High School, Neura, Ilhas, North Goa, Goa.","School Bus for Shri Dayanand Arya High School, Neura, Ilhas, North Goa, Goa.",2025-12-09 00:00:00,,,2565800.0,,,,,recommended,missing_parseable_work_id,synthetic,wk_675b39ce4aae
wk_677c23a7b12f,,RS,Assam,Assam,Baksa,BAKSA(DEPUTY COMMISSIONER BAKSA_IDA),BAKSA,Shri Rwngwra Narzary (2022-28) (2022-2028),RWNGWRA NARZARY,RS_RWNGWRA NARZARY,,Elected MP,Construction of culverts and bridges,Normal/Others,Normal/Others,,"construction of Culvert at Barfena Pathar Kalbari under Jalah Dev.Block, Baksa","construction of Culvert at Barfena Pathar Kalbari under Jalah Dev.Block, Baksa",2024-06-20 00:00:00,,,1000000.0,,,,,recommended,missing_parseable_work_id,synthetic,wk_677c23a7b12f
wk_678a4646e780,,LS,Puducherry,Puducherry,Puducherry,Puducherry(PROJECT DIRECTOR RDA PUDUCHERRY_IDA),PUDUCHERRY,Vaithilingam Ve,VAITHILINGAM VE,LS_VAITHILINGAM VE,Puducherry,,"Construction of roads, link roads, pathways or any other road with or without drainage system",Normal/Others,Normal/Others,,"Improvements to the Chundatharammal Road, Namath Road and branch roads, Palloor, Mahe, Puducherry.","Improvements to the Chundatharammal Road, Namath Road and branch roads, Palloor, Mahe, Puducherry.",2024-10-29 00:00:00,,,2000000.0,,,,,recommended,missing_parseable_work_id,synthetic,wk_678a4646e780
wk_67ce07fb0326,,RS,Rajasthan,Rajasthan,Bharatpur,BHARATPUR(DISTRICT COLLECTOR BHARATPUR_IDA),BHARATPUR,Smt. Sonia Gandhi (2024-30) (2024-2030),SONIA GANDHI,RS_SONIA GANDHI,,Elected MP,Construction of rooms and halls in school and colleges,Normal/Others,Normal/Others,,"Construction of Rooms at Rajkiya Uchhatar Madhyamik Vidyalaya, Jhalatala, Tehsil Vair, District Bharatpur","Construction of Rooms at Rajkiya Uchhatar Madhyamik Vidyalaya, Jhalatala, Tehsil Vair, District Bharatpur",2025-04-22 00:00:00,,,1000000.0,,,,,recommended,missing_parseable_work_id,synthetic,wk_67ce07fb0326
wk_67e72d0482fd,,RS,Tamil Nadu,Tamil Nadu,Tirunelveli,TIRUNELVELI(DISTRICT COLLECTOR TIRUNELVELI_IDA),TIRUNELVELI,Shri P. Wilson (2025-31) (2025-2031),P WILSON,RS_P WILSON,,Elected MP,Construction of toilet blocks,Normal/Others,Normal/Others,,"construction of toilets for Female Students at Sacred Heart Higher Secondary School in Kavalkinaru, Radhapuram Assembly Constituency, Tirunelveli District","construction of toilets for Female Students at Sacred Heart Higher Secondary School in Kavalkinaru, Radhapuram Assembly Constituency, Tirunelveli District",2026-01-19 00:00:00,,,2020000.0,,,,,recommended,missing_parseable_work_id,synthetic,wk_67e72d0482fd
wk_681472088443,,RS,Kerala,Kerala,Malappuram,MALAPPURAM(DISTRICT COLLECTOR MALAPPURAM_IDA),MALAPPURAM,Shri P. P. Suneer (2024-30) (2024-2030),P P SUNEER,RS_P P SUNEER,,Elected MP,Lighting of public spaces,Normal/Others,Normal/Others,,"Installation of Solar Mini Mast Light at Ward-17,Palad Junction,Vazhikkadavu GP-Nilambur Block","Installation of Solar Mini Mast Light at Ward-17,Palad Junction,Vazhikkadavu GP-Nilambur Block",2025-08-23 00:00:00,,,300000.0,,,,,recommended,missing_parseable_work_id,synthetic,wk_681472088443
wk_68b0ba2da91b,,RS,Maharashtra,Maharashtra,Nanded,NANDED(DISTRICT COLLECTOR NANDED_IDA),NANDED,Dr. Ajeet Madhavrao Gopchade (2024-30) (2024-2030),AJEET MADHAVRAO GOPCHADE,RS_AJEET MADHAVRAO GOPCHADE,,Elected MP,"Construction of roads, link roads, pathways or any other road with or without drainage system",Normal/Others,Normal/Others,,Construction of CC Road from House of Deepak Marotrao Sone to the House of Narayan Raghunath Sone in ST area of Nagyapur Tq. Biloli Dist. Nanded,Construction of CC Road from House of Deepak Marotrao Sone to the House of Narayan Raghunath Sone in ST area of Nagyapur Tq. Biloli Dist. Nanded,2025-10-24 00:00:00,,,500000.0,,,,,recommended,missing_parseable_work_id,synthetic,wk_68b0ba2da91b
wk_68ddf9e92053,,RS,Bihar,Bihar,Darbhanga,DARBHANGA(DISTRICT PLANNING OFFICER DARBANGA_IDA),DARBHANGA,Dr. Dharmshila Gupta (2024-30) (2024-2030),DHARMSHILA GUPTA,RS_DHARMSHILA GUPTA,,Elected MP,Lighting of public spaces,Normal/Others,Normal/Others,,HIGH MAST ELECTRIC LIGHT 12.5 MTRS HIGHT - BANKERS COLONY RAHAMGANJ WARD NO 28 SAHU BHAWAN KE NIKAT.,HIGH MAST ELECTRIC LIGHT 12.5 MTRS HIGHT - BANKERS COLONY RAHAMGANJ WARD NO 28 SAHU BHAWAN KE NIKAT.,2024-10-29 00:00:00,,,498000.0,,,,,recommended,missing_parseable_work_id,synthetic,wk_68ddf9e92053
wk_698b2293c873,,RS,Maharashtra,Maharashtra,Amravati,AMRAVATI(DISTRICT COLLECTOR AMRAVATI_IDA),AMRAVATI,Dr. Anil Sukhdeorao Bonde (2022-28) (2022-2028),ANIL SUKHDEORAO BONDE,RS_ANIL SUKHDEORAO BONDE,,Elected MP,"Construction of roads, link roads, pathways or any other road with or without drainage system",Normal/Others,Normal/Others,,Construction of road from farm of Prashant Sonarkar to Shantabai Shinde farm at Kurha road,Construction of road from farm of Prashant Sonarkar to Shantabai Shinde farm at Kurha road,2026-02-04 00:00:00,,,1000000.0,,,,,recommended,missing_parseable_work_id,synthetic,wk_698b2293c873
wk_69e82d1f899f,,RS,Maharashtra,Maharashtra,Pune,PUNE(DISTRICT COLLECTOR PUNE_IDA),PUNE,Dr. Medha Vishram Kulkarni (2024-30) (2024-2030),MEDHA VISHRAM KULKARNI,RS_MEDHA VISHRAM KULKARNI,,Elected MP,Construction of bus-sheds or bus-stops,Normal/Others,Normal/Others,,"Ward 11 Establishment of a bus stop at Ashish Garden, Kothrud Down","Ward 11 Establishment of a bus stop at Ashish Garden, Kothrud Down",2025-11-26 00:00:00,,,1000000.0,,,,,recommended,missing_parseable_work_id,synthetic,wk_69e82d1f899f
wk_6a02e969d483,,RS,Kerala,Kerala,Malappuram,MALAPPURAM(DISTRICT COLLECTOR MALAPPURAM_IDA),MALAPPURAM,Shri Abdul Wahab (2021-27) (2021-2027),ABDUL WAHAB,RS_ABDUL WAHAB,,Elected MP,"Purchase of IT systems, including hardware and software for educational purposes",Normal/Others,Normal/Others,,"Setting up of Smart classrooms at AMLPS Triprangode, Tripangode Panchayat","Setting up of Smart classrooms at AMLPS Triprangode, Tripangode Panchayat",2025-07-21 00:00:00,,,250000.0,,,,,recommended,missing_parseable_work_id,synthetic,wk_6a02e969d483
wk_6a15ae37be44,,LS,Maharashtra,Maharashtra,Beed,BEED(DISTRICT COLLECTOR BEED_IDA),BEED,BAJRANG MANOHAR SONWANE,BAJRANG MANOHAR SONWANE,LS_BAJRANG MANOHAR SONWANE,BEED,,Construction of community centers and community halls,Normal/Others,Normal/Others,,Construction of Sabhamandap on Gram Panchayat land near Sri Kshetra Mahadev Temple.,Construction of Sabhamandap on Gram Panchayat land near Sri Kshetra Mahadev Temple.,2024-12-09 00:00:00,,,1000000.0,,,,,recommended,missing_parseable_work_id,synthetic,wk_6a15ae37be44
wk_6a43e1bf026d,,RS,Tamil Nadu,Tamil Nadu,Chengalpattu,CHENGALPATTU(District Collector Chengalpattu_IDA),CHENGALPATTU,Shri R. Girirajan (2022-28) (2022-2028),R GIRIRAJAN,RS_R GIRIRAJAN,,Elected MP,Lighting of public spaces,Normal/Others,Normal/Others,,"Providing and erecting Mini Highmast ( 10 Meter Height with 6 Nos LED 150W Ladder Type)Near GST Road Malai Nagar area comes under Acharapakkam town Panchayat, Madhuranthagam Assembly Constituency in Chengalpattu district.","Providing and erecting Mini Highmast ( 10 Meter Height with 6 Nos LED 150W Ladder Type)Near GST Road Malai Nagar area comes under Acharapakkam town Panchayat, Madhuranthagam Assembly Constituency in Chengalpattu district.",2025-05-28 00:00:00,,,450000.0,,,,,recommended,missing_parseable_work_id,synthetic,wk_6a43e1bf026d
wk_6a54c4518495,,RS,Kerala,Kerala,Kozhikode,KOZHIKODE(DISTRICT COLLECTOR KOZHIKODE_IDA),KOZHIKODE,Shri Abdul Wahab (2021-27) (2021-2027),ABDUL WAHAB,RS_ABDUL WAHAB,,Elected MP,"Construction of roads, link roads, pathways or any other road with or without drainage system",Normal/Others,Normal/Others,,"Construction of Pazhamparamb or Chalipilavu Moolayil road or pathway, Kodiyathoor Panchayat","Construction of Pazhamparamb or Chalipilavu Moolayil road or pathway, Kodiyathoor Panchayat",2025-10-21 00:00:00,,,500000.0,,,,,recommended,missing_parseable_work_id,synthetic,wk_6a54c4518495
wk_6a8899f3c27d,,RS,Kerala,Kerala,Thiruvananthapuram,THIRUVANANTHAPURAM(DISTRICT COLLECTOR THIRUVANANTHAPURAM_IDA),THIRUVANANTHAPURAM,Shri Abdul Wahab (2021-27) (2021-2027),ABDUL WAHAB,RS_ABDUL WAHAB,,Elected MP,Purchase of vans and buses for educational institutions,Normal/Others,Normal/Others,,"Purchasing of School bus for Govt.HALP School, Vizhinjam, Ward No.63, Thiruvananthapuram Corporation","Purchasing of School bus for Govt.HALP School, Vizhinjam, Ward No.63, Thiruvananthapuram Corporation",2025-03-16 00:00:00,,,1800000.0,,,,,recommended,missing_parseable_work_id,synthetic,wk_6a8899f3c27d
wk_6a91f6122b7c,,RS,Kerala,Kerala,Ernakulam,ERNAKULAM(DISTRICT COLLECTOR ERNAKULAM_IDA),ERNAKULAM,Shri Haris Beeran (2024-30) (2024-2030),HARIS BEERAN,RS_HARIS BEERAN,,Elected MP,Lighting of public spaces,Normal/Others,Normal/Others,,Installation of Minimast light near Cheruvathur KK Padi,Installation of Minimast light near Cheruvathur KK Padi,2025-06-01 00:00:00,,,200000.0,,,,,recommended,missing_parseable_work_id,synthetic,wk_6a91f6122b7c
wk_6ab9e77d1362,,RS,Maharashtra,Maharashtra,Kolhapur,KOLHAPUR(DISTRICT COLLECTOR KOLHAPUR_IDA),KOLHAPUR,Shri Dhananjay Bhimrao Mahadik (2022-28) (2022-2028),DHANANJAY BHIMRAO MAHADIK,RS_DHANANJAY BHIMRAO MAHADIK,,Elected MP,"Construction of roads, link roads, pathways or any other road with or without drainage system",Normal/Others,Normal/Others,,Construction of internal roads and gutters at Ward No. 15 Kanan Nagar within Kolhapur Metropolitan Municipality,Construction of internal roads and gutters at Ward No. 15 Kanan Nagar within Kolhapur Metropolitan Municipality,2025-05-26 00:00:00,,,500000.0,,,,,recommended,missing_parseable_work_id,synthetic,wk_6ab9e77d1362
wk_6b14eb9c49da,,RS,Goa,Goa,North Goa,NORTH GOA(DISTRICT COLLECTOR NORTH GOA_IDA),NORTH GOA,Shri Sadanand Mhalu Shet Tanavade (2023-29) (2023-2029),SADANAND MHALU SHET TANAVADE,RS_SADANAND MHALU SHET TANAVADE,,Elected MP,Purchase of vans and buses for educational institutions,Normal/Others,Normal/Others,,"School Bus for Saraswat Vidyalaya, Telang Nagar, Khorlim, Mapusa, Goa 403507.","School Bus for Saraswat Vidyalaya, Telang Nagar, Khorlim, Mapusa, Goa 403507.",2025-03-15 00:00:00,,,2672589.0,,,,,recommended,missing_parseable_work_id,synthetic,wk_6b14eb9c49da
wk_6b5903376695,,LS,Kerala,Kerala,Pathanamthitta,PATHANAMTHITTA(DISTRICT COLLECTOR PATHANAMTHITTA_IDA),PATHANAMTHITTA,Anto Antony,ANTO ANTONY,LS_ANTO ANTONY,PATHANAMTHITTA,,Lighting of public spaces,Normal/Others,Normal/Others,,Providing 8 Meter LED Mini Mast Light at Muthoot Hospital Junction in Pathanamthitta Municipality.,Providing 8 Meter LED Mini Mast Light at Muthoot Hospital Junction in Pathanamthitta Municipality.,2024-09-24 00:00:00,,,250000.0,,,,,recommended,missing_parseable_work_id,synthetic,wk_6b5903376695
wk_6b635a550cb3,,LS,Kerala,Kerala,Kannur,KANNUR(DISTRICT COLLECTOR KANNUR_IDA),KANNUR,Shri Kumbakudi Sudhakaran,KUMBAKUDI SUDHAKARAN,LS_KUMBAKUDI SUDHAKARAN,KANNUR,,Street lights,Normal/Others,Normal/Others,,Installation of High Mast Light at NEAR MERY GIRI PALLI ((08 Meter High Mast With 5x150 Watts -LED Flood LIGHT) IN Alakode Grama Panchayath.,Installation of High Mast Light at NEAR MERY GIRI PALLI ((08 Meter High Mast With 5x150 Watts -LED Flood LIGHT) IN Alakode Grama Panchayath.,2024-09-22 00:00:00,,,300000.0,,,,,recommended,missing_parseable_work_id,synthetic,wk_6b635a550cb3
wk_6b81653a401e,,RS,West Bengal,West Bengal,North 24 Parganas,North 24 Parganas(DISTRICT MAGISTRATE NORTH TWENTY FOUR PARGANAS_IDA),NORTH 24 PARGANAS,Shri Samik Bhattacharya (2024-30) (2024-2030),SAMIK BHATTACHARYA,RS_SAMIK BHATTACHARYA,,Elected MP,Providing CCTV camera system for security of public areas,Repair and Renovation,Repair and Renovation,,Installation of CCTV camera surveillance system in TITAGARH UPENDRA BHANJA VIDYAPITH (HIGHER SECONDARY) Pin-700119,Installation of CCTV camera surveillance system in TITAGARH UPENDRA BHANJA VIDYAPITH (HIGHER SECONDARY) Pin-700119,2025-01-06 00:00:00,,,245000.0,,,,,recommended,missing_parseable_work_id,synthetic,wk_6b81653a401e
wk_6b8900ae2c7f,,RS,Rajasthan,Rajasthan,Didwana-Kuchaman,Didwana-Kuchaman(DISTRICT COLLECTOR Didwana Kuchaman_IDA),DIDWANA-KUCHAMAN,Shri Madan Rathore (2024-30) (2024-2030),MADAN RATHORE,RS_MADAN RATHORE,,Elected MP,Setting up crops conservation facilities,Normal/Others,Normal/Others,,Construction work of fodder warehouse Baba Ramdev Gaushala Nundra,Construction work of fodder warehouse Baba Ramdev Gaushala Nundra,2025-08-20 00:00:00,,,750000.0,,,,,recommended,missing_parseable_work_id,synthetic,wk_6b8900ae2c7f
wk_6b943e1dfccf,,RS,Tamil Nadu,Tamil Nadu,Salem,SALEM(DISTRICT COLLECTOR SALEM_IDA),SALEM,Shri I.S. Inbadurai (2025-31) (2025-2031),I S INBADURAI,RS_I S INBADURAI,,Elected MP,Providing supply pipelines for drinking water,Normal/Others,Normal/Others,,"Providing of 4 inch PVC Drinking Water Pipeline for a distance of about 300 metres from Kandhapillaiyar Temple to Road Roundana due to damaged existing line, ward No.24 in Edappaid Municipality in Salem District.","Providing of 4 inch PVC Drinking Water Pipeline for a distance of about 300 metres from Kandhapillaiyar Temple to Road Roundana due to damaged existing line, ward No.24 in Edappaid Municipality in Salem District.",2025-11-21 00:00:00,,,250000.0,,,,,recommended,missing_parseable_work_id,synthetic,wk_6b943e1dfccf
wk_6ba7722dde2d,,RS,Madhya Pradesh,Madhya Pradesh,Sidhi,SIDHI(DISTRICT COLLECTOR SIDHI_IDA),SIDHI,Shri Vivek K. Tankha (2022-28) (2022-2028),VIVEK K TANKHA,RS_VIVEK K TANKHA,,Elected MP,Installing hand pumps,Normal/Others,Normal/Others,,"Gram Pachayat Duara ke gram Pakhda main Stone Cresher ke pas, Dadulal Prajapati ke ghar ke pas Sarvjanik sthal par Handpump Khanan, Vidhan Sabha Sinhawal, District Sidhi (mention in letter no. 3127 at column no. 9)","Gram Pachayat Duara ke gram Pakhda main Stone Cresher ke pas, Dadulal Prajapati ke ghar ke pas Sarvjanik sthal par Handpump Khanan, Vidhan Sabha Sinhawal, District Sidhi (mention in letter no. 3127 at column no. 9)",2023-06-28 00:00:00,,,114000.0,,,,,recommended,missing_parseable_work_id,synthetic,wk_6ba7722dde2d
wk_6bb2cfd01122,,RS,Kerala,Kerala,Kannur,KANNUR(DISTRICT COLLECTOR KANNUR_IDA),KANNUR,Shri C. Sadanandan Master (2025-31) (2025-2031),C SADANANDAN MASTER,RS_C SADANANDAN MASTER,,Nominated MP,Construction of rooms and halls in school and colleges,Normal/Others,Normal/Others,,State at Government L P School Padikkachal,State at Government L P School Padikkachal,2025-11-06 00:00:00,,,400000.0,,,,,recommended,missing_parseable_work_id,synthetic,wk_6bb2cfd01122
wk_6bbad7a7e118,,RS,Tamil Nadu,Tamil Nadu,Salem,SALEM(DISTRICT COLLECTOR SALEM_IDA),SALEM,Shri I.S. Inbadurai (2025-31) (2025-2031),I S INBADURAI,RS_I S INBADURAI,,Elected MP,Construction of public toilets and bathrooms,Normal/Others,Normal/Others,,"Constructionof Public Toilet at Sakthi Nagar, Ward No.15 in Edappadi Municipality, Salem District.","Constructionof Public Toilet at Sakthi Nagar, Ward No.15 in Edappadi Municipality, Salem District.",2025-11-21 00:00:00,,,2000000.0,,,,,recommended,missing_parseable_work_id,synthetic,wk_6bbad7a7e118
wk_6bcdccb9e07a,,LS,Karnataka,Karnataka,Chikkaballapura,CHIKKABALLAPURA(DEPUTY COMMISSIONER CHICKKABALLAPUR_IDA),CHIKKABALLAPURA,DR.K.SUDHAKAR,DR K SUDHAKAR,LS_DR K SUDHAKAR,CHIKBALLAPUR,,Construction of New Building,Normal/Others,Normal/Others,,Construction of New Building VSSN cooperative society Palyakere GP,Construction of New Building VSSN cooperative society Palyakere GP,2024-12-12 00:00:00,,,1000000.0,,,,,recommended,missing_parseable_work_id,synthetic,wk_6bcdccb9e07a
wk_6c1a979ccecd,,RS,Maharashtra,Maharashtra,Solapur,SOLAPUR(DISTRICT COLLECTOR SOLAPUR_IDA),SOLAPUR,Shri Dhananjay Bhimrao Mahadik (2022-28) (2022-2028),DHANANJAY BHIMRAO MAHADIK,RS_DHANANJAY BHIMRAO MAHADIK,,Elected MP,Construction of buildings for sports facilities,Normal/Others,Normal/Others,,"Construction of buildings for Vyayamshala in At/po. Suste, Tal, Pandharpur, Dist.Solapur","Construction of buildings for Vyayamshala in At/po. Suste, Tal, Pandharpur, Dist.Solapur",2024-12-10 00:00:00,,,1500000.0,,,,,recommended,missing_parseable_work_id,synthetic,wk_6c1a979ccecd
wk_6c43b8024e49,,LS,Uttar Pradesh,Uttar Pradesh,Auraiya,AURAIYA(DISTRICT MAGISTRATE AURAIYA_IDA),AURAIYA,AKHILESH YADAV,AKHILESH YADAV,LS_AKHILESH YADAV,KANNAUJ,,Lighting of public spaces,Normal/Others,Normal/Others,,"Installation work of a solar power light near the house of Shri Ankit Kumar son of Veerbhan village Kataiya post Badhin Bidhuna, district Auraiya. By-Shri Tyagi Yadav 9457369650","Installation work of a solar power light near the house of Shri Ankit Kumar son of Veerbhan village Kataiya post Badhin Bidhuna, district Auraiya. By-Shri Tyagi Yadav 9457369650",2024-12-10 00:00:00,,,15500.0,,,,,recommended,missing_parseable_work_id,synthetic,wk_6c43b8024e49
wk_6c765b70d646,,RS,Delhi,Delhi,South,SOUTH(COMMISSIONER SOUTH),SOUTH,Dr. Meenakshi Jain (2025-31) (2025-2031),MEENAKSHI JAIN,RS_MEENAKSHI JAIN,,Nominated MP,Purchase of sanitary pad vending machine and incinerators,Normal/Others,Normal/Others,,PURCHASE OF SANITARY PADS AND INCINERATORS,PURCHASE OF SANITARY PADS AND INCINERATORS,2025-12-09 00:00:00,,,450000.0,,,,,recommended,missing_parseable_work_id,synthetic,wk_6c765b70d646
wk_6c97542b017f,,RS,Maharashtra,Maharashtra,Kolhapur,KOLHAPUR(DISTRICT COLLECTOR KOLHAPUR_IDA),KOLHAPUR,Shri Dhananjay Bhimrao Mahadik (2022-28) (2022-2028),DHANANJAY BHIMRAO MAHADIK,RS_DHANANJAY BHIMRAO MAHADIK,,Elected MP,"Construction of roads, link roads, pathways or any other road with or without drainage system",Normal/Others,Normal/Others,,"Construction of internal gutters, concrete roads and replacement of cement pipes at Kanan Nagar, Ward No. 15, in Kolhapur Municipality.","Construction of internal gutters, concrete roads and replacement of cement pipes at Kanan Nagar, Ward No. 15, in Kolhapur Municipality.",2025-12-04 00:00:00,,,1000000.0,,,,,recommended,missing_parseable_work_id,synthetic,wk_6c97542b017f
wk_6ca87e4576df,,RS,Maharashtra,Maharashtra,Satara,SATARA(DISTRICT COLLECTOR SATARA_IDA),SATARA,Shri Nitin Laxmanrao Jadhav Patil (2024-28) (2024-2028),NITIN LAXMANRAO JADHAV PATIL,RS_NITIN LAXMANRAO JADHAV PATIL,,Elected MP,Security gates in streets/public place for safety purpose,Normal/Others,Normal/Others,,Construction of a protective wall near the Vitthal Temple in Jalgaon,Construction of a protective wall near the Vitthal Temple in Jalgaon,2025-11-26 00:00:00,,,1000000.0,,,,,recommended,missing_parseable_work_id,synthetic,wk_6ca87e4576df
wk_6caf41a42087,,RS,Kerala,Kerala,Kannur,KANNUR(DISTRICT COLLECTOR KANNUR_IDA),KANNUR,Dr. John Brittas (2021-27) (2021-2027),JOHN BRITTAS,RS_JOHN BRITTAS,,Elected MP,"Purchase of IT systems, including hardware and software for educational purposes",Normal/Others,Normal/Others,,"Purchase of Laptops for Maryland High School, Madampam, Kaithapram P.O, Sreekandapuram Municipality, Kannur District","Purchase of Laptops for Maryland High School, Madampam, Kaithapram P.O, Sreekandapuram Municipality, Kannur District",2025-11-04 00:00:00,,,500000.0,,,,,recommended,missing_parseable_work_id,synthetic,wk_6caf41a42087
wk_6cba0754cca9,,RS,Madhya Pradesh,Madhya Pradesh,Narsimhapur,Narsimhapur(DISTRICT COLLECTOR NARSINGHPUR_IDA),NARSIMHAPUR,Shri Vivek K. Tankha (2022-28) (2022-2028),VIVEK K TANKHA,RS_VIVEK K TANKHA,,Elected MP,Construction of additional rooms and halls in the existing public and community building,Normal/Others,Normal/Others,,"Jila Adhivakta Sangh Narsinghpur Main nirmit Adhivakta Kaksh ke pratham tal par Mahila Adhivakta kaksh, Shauchalaya nirman sahit, Ward no.25 Subhash ward, Narsinghpur","Jila Adhivakta Sangh Narsinghpur Main nirmit Adhivakta Kaksh ke pratham tal par Mahila Adhivakta kaksh, Shauchalaya nirman sahit, Ward no.25 Subhash ward, Narsinghpur",2025-11-21 00:00:00,,,1000000.0,,,,,recommended,missing_parseable_work_id,synthetic,wk_6cba0754cca9
wk_6ccf25fb23ea,,RS,Kerala,Kerala,Malappuram,MALAPPURAM(DISTRICT COLLECTOR MALAPPURAM_IDA),MALAPPURAM,Shri Abdul Wahab (2021-27) (2021-2027),ABDUL WAHAB,RS_ABDUL WAHAB,,Elected MP,"Purchase of IT systems, including hardware and software for educational purposes",Normal/Others,Normal/Others,,"Purchasing of projectors for GMUP School, Kattumunda East, Ward no. 06, Mampad Panchayat","Purchasing of projectors for GMUP School, Kattumunda East, Ward no. 06, Mampad Panchayat",2025-07-21 00:00:00,,,200000.0,,,,,recommended,missing_parseable_work_id,synthetic,wk_6ccf25fb23ea
wk_6cf059ca2a39,,RS,Kerala,Kerala,Kasaragod,KASARAGOD(DISTRICT COLLECTOR KASARAGOD_IDA),KASARAGOD,Shri Abdul Wahab (2021-27) (2021-2027),ABDUL WAHAB,RS_ABDUL WAHAB,,Elected MP,Lighting of public spaces,Normal/Others,Normal/Others,,"Setting up of Low mast light at Aanavathukkal, Ward no.32, Kasaragod Municipality","Setting up of Low mast light at Aanavathukkal, Ward no.32, Kasaragod Municipality",2025-03-15 00:00:00,,,200000.0,,,,,recommended,missing_parseable_work_id,synthetic,wk_6cf059ca2a39
wk_6d68ed20e80d,,RS,Tamil Nadu,Tamil Nadu,Chengalpattu,CHENGALPATTU(District Collector Chengalpattu_IDA),CHENGALPATTU,Shri R. Girirajan (2022-28) (2022-2028),R GIRIRAJAN,RS_R GIRIRAJAN,,Elected MP,Lighting of public spaces,Normal/Others,Normal/Others,,"Providing and erecting Mini Highmast ( 10 Meter Height with 6 Nos LED 150W Ladder Type) front of Ayyanarappan Temple, Rawathanallur comes under Acharapakkam town Panchayat, Madhuranthagam Assembly Constituency in Chengalpattu district.","Providing and erecting Mini Highmast ( 10 Meter Height with 6 Nos LED 150W Ladder Type) front of Ayyanarappan Temple, Rawathanallur comes under Acharapakkam town Panchayat, Madhuranthagam Assembly Constituency in Chengalpattu district.",2025-05-28 00:00:00,,,450000.0,,,,,recommended,missing_parseable_work_id,synthetic,wk_6d68ed20e80d
wk_6da7f313817a,,RS,Kerala,Kerala,Kottayam,KOTTAYAM(DISTRICT COLLECTOR KOTTAYAM_IDA),KOTTAYAM,Dr. John Brittas (2021-27) (2021-2027),JOHN BRITTAS,RS_JOHN BRITTAS,,Elected MP,Improvement of electricity distribution infrastructure,Normal/Others,Normal/Others,,"Drawing of street main in the Scheduled Tribe area of Ward VII, Thalanad Grama Panchayat, Kottayam District (ST)","Drawing of street main in the Scheduled Tribe area of Ward VII, Thalanad Grama Panchayat, Kottayam District (ST)",2025-10-15 00:00:00,,,500000.0,,,,,recommended,missing_parseable_work_id,synthetic,wk_6da7f313817a
wk_6daf9b1cc219,,LS,Uttar Pradesh,Uttar Pradesh,Auraiya,AURAIYA(DISTRICT MAGISTRATE AURAIYA_IDA),AURAIYA,AKHILESH YADAV,AKHILESH YADAV,LS_AKHILESH YADAV,KANNAUJ,,Lighting of public spaces,Normal/Others,Normal/Others,,Installation work of a a solar power Light on the main road in front of the house of Shri Bablu Katheria village Ariyari development block Sahar district Auraiya. Mob.-7017162032 By-Shri Pramod Kumar Savita,Installation work of a a solar power Light on the main road in front of the house of Shri Bablu Katheria village Ariyari development block Sahar district Auraiya. Mob.-7017162032 By-Shri Pramod Kumar Savita,2024-12-10 00:00:00,,,15500.0,,,,,recommended,missing_parseable_work_id,synthetic,wk_6daf9b1cc219
wk_6dbec8bf1ffb,,RS,Tamil Nadu,Tamil Nadu,Salem,SALEM(DISTRICT COLLECTOR SALEM_IDA),SALEM,Dr. M. Dhanapal (2025-31) (2025-2031),M DHANAPAL,RS_M DHANAPAL,,Elected MP,Construction of stadiums,Normal/Others,Normal/Others,,Construction of Stadium at Edappadi Boys Higher Secondary School Campus,Construction of Stadium at Edappadi Boys Higher Secondary School Campus,2025-10-14 00:00:00,,,5000000.0,,,,,recommended,missing_parseable_work_id,synthetic,wk_6dbec8bf1ffb
wk_6e36426b0776,,RS,Telangana,Telangana,Rajanna Sircilla,RAJANNA SIRCILLA(DISTRICT COLLECTOR RAJANNA SIRCILLA_IDA),RAJANNA SIRCILLA,Shri Damodar Rao Divakonda (2022-28) (2022-2028),DAMODAR RAO DIVAKONDA,RS_DAMODAR RAO DIVAKONDA,,Elected MP,Construction of community centers and community halls,Normal/Others,Normal/Others,,C/o Comm Hall at GouriShanker Mudiraj Colony in Pothugal (V) Mustabad (m).,C/o Comm Hall at GouriShanker Mudiraj Colony in Pothugal (V) Mustabad (m).,2024-10-23 00:00:00,,,500000.0,,,,,recommended,missing_parseable_work_id,synthetic,wk_6e36426b0776
wk_6e5a12d7ed65,,RS,Karnataka,Karnataka,Mandya,MANDYA(DEPUTY COMMISSIONER MANDYA_IDA),MANDYA,Dr. Dharmasthala Veerendra Heggade (2022-28) (2022-2028),DHARMASTHALA VEERENDRA HEGGADE,RS_DHARMASTHALA VEERENDRA HEGGADE,,Nominated MP,Construction of community centers and community halls,Normal/Others,Normal/Others,,For the construction of basic facilities of the community hall,For the construction of basic facilities of the community hall,2025-08-04 00:00:00,,,1000000.0,,,,,recommended,missing_parseable_work_id,synthetic,wk_6e5a12d7ed65
wk_6ed84b8e56af,,RS,Odisha,Odisha,Puri,PURI(DISTRICT COLLECTOR PURI_IDA),PURI,Shri Subhasish Khuntia (2024-30) (2024-2030),SUBHASISH KHUNTIA,RS_SUBHASISH KHUNTIA,,Elected MP,Construction of community centers and community halls,Normal/Others,Normal/Others,,"Construction of Community Center at Nuatota Jaga, Dolamandap Sahi.","Construction of Community Center at Nuatota Jaga, Dolamandap Sahi.",2025-09-26 00:00:00,,,500000.0,,,,,recommended,missing_parseable_work_id,synthetic,wk_6ed84b8e56af
wk_6ee85d6a4267,,RS,Madhya Pradesh,Madhya Pradesh,Rewa,REWA(DISTRICT COLLECTOR REWA_IDA),REWA,Shri Vivek K. Tankha (2022-28) (2022-2028),VIVEK K TANKHA,RS_VIVEK K TANKHA,,Elected MP,Purchase of books for public libraries/ digitization of library books,Normal/Others,Normal/Others,,"Civil Court Mauganj Rewa main library hetu Books ki kharid, Vidhan Sabha Mauganj, District Rewa (mention in letter no.2975 at Column no.1)","Civil Court Mauganj Rewa main library hetu Books ki kharid, Vidhan Sabha Mauganj, District Rewa (mention in letter no.2975 at Column no.1)",2023-06-24 00:00:00,,,50000.0,,,,,recommended,missing_parseable_work_id,synthetic,wk_6ee85d6a4267
wk_6effbb8897c1,,RS,Kerala,Kerala,Kasaragod,KASARAGOD(DISTRICT COLLECTOR KASARAGOD_IDA),KASARAGOD,Shri Abdul Wahab (2021-27) (2021-2027),ABDUL WAHAB,RS_ABDUL WAHAB,,Elected MP,"Construction of roads, link roads, pathways or any other road with or without drainage system",Normal/Others,Normal/Others,,"Construction of second reach C B road or pathway, Ward no.24, Ajanur Panchayat","Construction of second reach C B road or pathway, Ward no.24, Ajanur Panchayat",2025-09-22 00:00:00,,,600000.0,,,,,recommended,missing_parseable_work_id,synthetic,wk_6effbb8897c1
wk_6f12466aae4a,,RS,Assam,Assam,Cachar,CACHAR(DEPUTY COMMISSIONER CACHAR_IDA),CACHAR,Shri Kanad Purkayastha (2025-31) (2025-2031),KANAD PURKAYASTHA,RS_KANAD PURKAYASTHA,,Elected MP,Construction of community centers and community halls,Normal/Others,Normal/Others,,"Construction of Community Hall at Mankush, Dilkush GP","Construction of Community Hall at Mankush, Dilkush GP",2026-01-04 00:00:00,,,800000.0,,,,,recommended,missing_parseable_work_id,synthetic,wk_6f12466aae4a
wk_6f30c78fcc0a,,RS,Kerala,Kerala,Malappuram,MALAPPURAM(DISTRICT COLLECTOR MALAPPURAM_IDA),MALAPPURAM,Shri Abdul Wahab (2021-27) (2021-2027),ABDUL WAHAB,RS_ABDUL WAHAB,,Elected MP,Lighting of public spaces,Normal/Others,Normal/Others,,"Setting up of Street Lights at Pattakarimb ST Colony, ward no.07, Amarambalam Panchayat","Setting up of Street Lights at Pattakarimb ST Colony, ward no.07, Amarambalam Panchayat",2025-03-12 00:00:00,,,300000.0,,,,,recommended,missing_parseable_work_id,synthetic,wk_6f30c78fcc0a
wk_6f4f8509d621,,RS,Assam,Assam,Sivasagar,SIVASAGAR(Deputy Commissioner Sivsagar_IDA),SIVASAGAR,Shri Pabitra Margherita (2022-28) (2022-2028),PABITRA MARGHERITA,RS_PABITRA MARGHERITA,,Elected MP,Construction of community centers and community halls,Normal/Others,Normal/Others,,CONSTRUCTION OF BAULIPUKHURI SANSKRITIK KENDRA,CONSTRUCTION OF BAULIPUKHURI SANSKRITIK KENDRA,2026-01-27 00:00:00,,,200000.0,,,,,recommended,missing_parseable_work_id,synthetic,wk_6f4f8509d621
wk_6f5de2c76e95,,RS,Odisha,Odisha,Kataka,Kataka(DISTRICT COLLECTOR CUTTACK_IDA),KATAKA,Dr. Sasmit Patra (2022-28) (2022-2028),SASMIT PATRA,RS_SASMIT PATRA,,Elected MP,Construction of public irrigation facilities,Normal/Others,Normal/Others,,"Construction of Water Chamber for Public Lift irrigation Project, location - Madala Pani Panchayat, Village- Patapur, Gram Panchayat - Gopalpur, Block- Banki-Dampara, Dist.- Cuttack","Construction of Water Chamber for Public Lift irrigation Project, location - Madala Pani Panchayat, Village- Patapur, Gram Panchayat - Gopalpur, Block- Banki-Dampara, Dist.- Cuttack",2025-09-08 00:00:00,,,950000.0,,,,,recommended,missing_parseable_work_id,synthetic,wk_6f5de2c76e95
wk_6f5ef2756cfc,,RS,Uttarakhand,Uttarakhand,Pauri Garhwal,PAURI GARHWAL(DISTRICT MAGISTRATE PAURI GARHWAL_IDA),PAURI GARHWAL,Shri Mahendra Bhatt (2024-30) (2024-2030),MAHENDRA BHATT,RS_MAHENDRA BHATT,,Elected MP,Purchase of non-conventional energy system and devices for community use,Normal/Others,Normal/Others,,"Dist Pauri me N.P. PAuri ke Ward 4, me Ramleela Maidan Me Samudayik Prayog hetu Vidhyut Genretar Ke Kray Hetu, K.S.- Grameen Nirman -abhiyantran vibhag pauri","Dist Pauri me N.P. PAuri ke Ward 4, me Ramleela Maidan Me Samudayik Prayog hetu Vidhyut Genretar Ke Kray Hetu, K.S.- Grameen Nirman -abhiyantran vibhag pauri",2025-12-20 00:00:00,,,500000.0,,,,,recommended,missing_parseable_work_id,synthetic,wk_6f5ef2756cfc
wk_6f688bf649d6,,RS,Maharashtra,Maharashtra,Gondia,GONDIA(DISTRICT COLLECTOR GONDIA_IDA),GONDIA,Shri Praful Patel (2024-30) (2024-2030),PRAFUL PATEL,RS_PRAFUL PATEL,,Elected MP,"Construction of roads, link roads, pathways or any other road with or without drainage system",Normal/Others,Normal/Others,,gram panchayat antargat mauja novatola me karu marashkolhe se patbandhare vibhag canal ki aor jane wale rasthe par cement rashta nirman,gram panchayat antargat mauja novatola me karu marashkolhe se patbandhare vibhag canal ki aor jane wale rasthe par cement rashta nirman,2025-03-04 00:00:00,,,500000.0,,,,,recommended,missing_parseable_work_id,synthetic,wk_6f688bf649d6
wk_6f7566b938a1,,RS,Maharashtra,Maharashtra,Amravati,AMRAVATI(DISTRICT COLLECTOR AMRAVATI_IDA),AMRAVATI,Dr. Anil Sukhdeorao Bonde (2022-28) (2022-2028),ANIL SUKHDEORAO BONDE,RS_ANIL SUKHDEORAO BONDE,,Elected MP,"Construction of roads, link roads, pathways or any other road with or without drainage system",Normal/Others,Normal/Others,,"Construction of roads, link road at Hingni","Construction of roads, link road at Hingni",2025-01-13 00:00:00,,,300000.0,,,,,recommended,missing_parseable_work_id,synthetic,wk_6f7566b938a1
wk_6fa76560c3e6,,RS,Kerala,Kerala,Kasaragod,KASARAGOD(DISTRICT COLLECTOR KASARAGOD_IDA),KASARAGOD,Shri Abdul Wahab (2021-27) (2021-2027),ABDUL WAHAB,RS_ABDUL WAHAB,,Elected MP,Lighting of public spaces,Normal/Others,Normal/Others,,"Setting up of Low mast light at Kumbala town in Kumbala - Badiyidukka road, Ward no.22, Kumbala Panchayat","Setting up of Low mast light at Kumbala town in Kumbala - Badiyidukka road, Ward no.22, Kumbala Panchayat",2025-03-15 00:00:00,,,200000.0,,,,,recommended,missing_parseable_work_id,synthetic,wk_6fa76560c3e6
wk_6ff3d9511983,,RS,Gujarat,Gujarat,Surendranagar,SURENDRANAGAR(DISTRICT COLLECTOR SURENDRANAGAR_IDA),SURENDRANAGAR,Shri Mayankkumar Nayak (2024-30) (2024-2030),MAYANKKUMAR NAYAK,RS_MAYANKKUMAR NAYAK,,Elected MP,Construction of rooms and halls in school and colleges,Trust and Society,Trust and Society,,Construction of rooms Shri Vairagi Bawa Samaj Seva Trust Surendranagar,Construction of rooms Shri Vairagi Bawa Samaj Seva Trust Surendranagar,2025-04-29 00:00:00,,,500000.0,,,,,recommended,missing_parseable_work_id,synthetic,wk_6ff3d9511983
wk_6ff7917114ae,,LS,West Bengal,West Bengal,Purba Medinipur,Purba Medinipur(DISTRICT MAGISTRATE PURBA MEDINIPUR_IDA),PURBA MEDINIPUR,JUNE MALIAH,JUNE MALIAH,LS_JUNE MALIAH,MEDINIPUR,,Construction of community centers and community halls,Normal/Others,Normal/Others,,Construction of Community Hall and Market at Kasba Egra.,Construction of Community Hall and Market at Kasba Egra.,2024-12-03 00:00:00,,,6000000.0,,,,,recommended,missing_parseable_work_id,synthetic,wk_6ff7917114ae
wk_701ef32a69b4,,LS,Karnataka,Karnataka,Belagavi,BELAGAVI(DEPUTY COMMISSIONER BELGAUM_IDA),BELAGAVI,PRIYANKA SATISH JARKIHOLI,PRIYANKA SATISH JARKIHOLI,LS_PRIYANKA SATISH JARKIHOLI,CHIKKODI,,Construction of community centers and community halls,Trust and Society,Trust and Society,,Construction of Community Hall for Hadpad community at Survey No 268 Hissa 17 at Harugeri Village in Rayabag Taluk,Construction of Community Hall for Hadpad community at Survey No 268 Hissa 17 at Harugeri Village in Rayabag Taluk,2024-10-28 00:00:00,,,1000000.0,,,,,recommended,missing_parseable_work_id,synthetic,wk_701ef32a69b4
wk_7032900b0c13,,RS,Maharashtra,Maharashtra,Pune,PUNE(DISTRICT COLLECTOR PUNE_IDA),PUNE,Dr. Medha Vishram Kulkarni (2024-30) (2024-2030),MEDHA VISHRAM KULKARNI,RS_MEDHA VISHRAM KULKARNI,,Elected MP,Providing CCTV camera system for security of public areas,Normal/Others,Normal/Others,,"Construction of CCTV Camera and all Electrical work in Sahakar Garden, Erandwana, Pune New Ward No 36, Old Ward No13","Construction of CCTV Camera and all Electrical work in Sahakar Garden, Erandwana, Pune New Ward No 36, Old Ward No13",2025-01-28 00:00:00,,,1000000.0,,,,,recommended,missing_parseable_work_id,synthetic,wk_7032900b0c13
wk_70987699e29a,,RS,Maharashtra,Maharashtra,Kolhapur,KOLHAPUR(DISTRICT COLLECTOR KOLHAPUR_IDA),KOLHAPUR,Dr. Medha Vishram Kulkarni (2024-30) (2024-2030),MEDHA VISHRAM KULKARNI,RS_MEDHA VISHRAM KULKARNI,,Elected MP,"Purchase of IT systems, including hardware and software for educational purposes",Normal/Others,Normal/Others,,Providing Computer(2) Books and Cupboard to Lalit Kala Vidhyaniketan Ichalkaranji,Providing Computer(2) Books and Cupboard to Lalit Kala Vidhyaniketan Ichalkaranji,2025-07-15 00:00:00,,,145000.0,,,,,recommended,missing_parseable_work_id,synthetic,wk_70987699e29a
wk_70bfd43e875f,,RS,Kerala,Kerala,Kozhikode,KOZHIKODE(DISTRICT COLLECTOR KOZHIKODE_IDA),KOZHIKODE,Shri Abdul Wahab (2021-27) (2021-2027),ABDUL WAHAB,RS_ABDUL WAHAB,,Elected MP,"Construction of roads, link roads, pathways or any other road with or without drainage system",Normal/Others,Normal/Others,,"Construction of Kandungal Ayyapankunn Chenniparamb road or pathway, Ward no 14, Kodiyathur Panchayat","Construction of Kandungal Ayyapankunn Chenniparamb road or pathway, Ward no 14, Kodiyathur Panchayat",2025-07-21 00:00:00,,,1000000.0,,,,,recommended,missing_parseable_work_id,synthetic,wk_70bfd43e875f
wk_70ebfa4ec539,,RS,Kerala,Kerala,Ernakulam,ERNAKULAM(DISTRICT COLLECTOR ERNAKULAM_IDA),ERNAKULAM,Shri Abdul Wahab (2021-27) (2021-2027),ABDUL WAHAB,RS_ABDUL WAHAB,,Elected MP,Lighting of public spaces,Normal/Others,Normal/Others,,"Setting up of Mini mast light Infront of HMT colony Hayathul Islam madrasa, Ward No.12, Kalamassery Municipality","Setting up of Mini mast light Infront of HMT colony Hayathul Islam madrasa, Ward No.12, Kalamassery Municipality",2025-04-26 00:00:00,,,300000.0,,,,,recommended,missing_parseable_work_id,synthetic,wk_70ebfa4ec539
wk_714f7d8f6b74,,RS,Andhra Pradesh,Andhra Pradesh,Eluru,Eluru(DISTRICT COLLECTOR ELURU_IDA),ELURU,Shri Golla Baburao (2024-30) (2024-2030),GOLLA BABURAO,RS_GOLLA BABURAO,,Elected MP,Construction of community centers and community halls,Normal/Others,Normal/Others,,"Construction of Multipurpose Hall at Kovvali village, Denduluru Mandal of Denduluru Constituency","Construction of Multipurpose Hall at Kovvali village, Denduluru Mandal of Denduluru Constituency",2026-01-20 00:00:00,,,2500000.0,,,,,recommended,missing_parseable_work_id,synthetic,wk_714f7d8f6b74
wk_718c40577dc0,,RS,Bihar,Bihar,Vaishali,VAISHALI(DISTRICT PLANNING OFFICER VAISHALI_IDA),VAISHALI,Shri Sanjay Yadav (2024-30) (2024-2030),SANJAY YADAV,RS_SANJAY YADAV,,Elected MP,Construction of community centers and community halls,Normal/Others,Normal/Others,,"Construction of a community building (large hall) with a borewell hand pump, one toilet, and two urinals on the available government land in Jahangirpur Panchayat under Raghopur Block.","Construction of a community building (large hall) with a borewell hand pump, one toilet, and two urinals on the available government land in Jahangirpur Panchayat under Raghopur Block.",2025-09-02 00:00:00,,,1499000.0,,,,,recommended,missing_parseable_work_id,synthetic,wk_718c40577dc0
wk_71e21077d8ba,,RS,Assam,Assam,Sivasagar,SIVASAGAR(Deputy Commissioner Sivsagar_IDA),SIVASAGAR,Shri Pabitra Margherita (2022-28) (2022-2028),PABITRA MARGHERITA,RS_PABITRA MARGHERITA,,Elected MP,Construction of community centers and community halls,Normal/Others,Normal/Others,,CONSTRUCTION OF MATHURAPUR 4 NO LINE RAJAHUWA GRAMTHAN SANSKRITIK KENDRA,CONSTRUCTION OF MATHURAPUR 4 NO LINE RAJAHUWA GRAMTHAN SANSKRITIK KENDRA,2026-01-27 00:00:00,,,200000.0,,,,,recommended,missing_parseable_work_id,synthetic,wk_71e21077d8ba
wk_721e07835a76,,LS,Kerala,Kerala,Alappuzha,ALAPPUZHA(DISTRICT COLLECTOR ALAPPUZHA_IDA),ALAPPUZHA,K. C VENUGOPAL,K C VENUGOPAL,LS_K C VENUGOPAL,ALAPPUZHA,,Construction of buildings for crèches and anganwadies,Normal/Others,Normal/Others,,Construction of Anganavadi Building in the 14th ward of Krishnapuram GP in Kayamkulam,Construction of Anganavadi Building in the 14th ward of Krishnapuram GP in Kayamkulam,2024-10-22 00:00:00,,,1500000.0,,,,,recommended,missing_parseable_work_id,synthetic,wk_721e07835a76
wk_725e795ab063,,RS,Karnataka,Karnataka,Tumakuru,TUMAKURU(DEPUTY COMMISSIONER TUMKUR_IDA),TUMAKURU,Shri G.C. Chandrashekhar (2024-30) (2024-2030),G C CHANDRASHEKHAR,RS_G C CHANDRASHEKHAR,,Elected MP,Providing drains and gutters for public drainage,Normal/Others,Normal/Others,,"construction of drainage from nagarajayyana house to shivabasavayyana house at Tumkur district, Tiptur taluk, nonavinakere hobali, nellikere grama panchayath, Burudeghatta village","construction of drainage from nagarajayyana house to shivabasavayyana house at Tumkur district, Tiptur taluk, nonavinakere hobali, nellikere grama panchayath, Burudeghatta village",2025-01-28 00:00:00,,,500000.0,,,,,recommended,missing_parseable_work_id,synthetic,wk_725e795ab063
wk_726327a485db,,RS,Karnataka,Karnataka,Yadgir,YADGIR(Deputy Commsioner Yadgir_ida),YADGIR,Shri Jairam Ramesh (2022-28) (2022-2028),JAIRAM RAMESH,RS_JAIRAM RAMESH,,Elected MP,Construction of public irrigation facilities,Normal/Others,Normal/Others,,Irrigation Facilities,Irrigation Facilities,2025-09-19 00:00:00,,,800000.0,,,,,recommended,missing_parseable_work_id,synthetic,wk_726327a485db
wk_726c28757b51,,RS,Karnataka,Karnataka,Chikkamagaluru,CHIKKAMAGALURU(DEPUTY COMMISSIONER CHIKMAGALUR),CHIKKAMAGALURU,Shri Jairam Ramesh (2022-28) (2022-2028),JAIRAM RAMESH,RS_JAIRAM RAMESH,,Elected MP,Construction of toilet blocks,Normal/Others,Normal/Others,,To build toilet at Govt First Grade College of Menasur at N.R. Pura Tq,To build toilet at Govt First Grade College of Menasur at N.R. Pura Tq,2025-02-28 00:00:00,,,1500000.0,,,,,recommended,missing_parseable_work_id,synthetic,wk_726c28757b51
wk_728ca70a56da,,RS,Rajasthan,Rajasthan,Beawar,Beawar(DISTRICT COLLECTOR Beawar_IDA),BEAWAR,Shri Madan Rathore (2024-30) (2024-2030),MADAN RATHORE,RS_MADAN RATHORE,,Elected MP,Construction of bus-sheds or bus-stops,Normal/Others,Normal/Others,,Public bus stand construction work near Tejaji ka Than Hirasingh ji statue,Public bus stand construction work near Tejaji ka Than Hirasingh ji statue,2025-03-20 00:00:00,,,500000.0,,,,,recommended,missing_parseable_work_id,synthetic,wk_728ca70a56da
wk_728cc4f87b35,,RS,Maharashtra,Maharashtra,Pune,PUNE(DISTRICT COLLECTOR PUNE_IDA),PUNE,Dr. Medha Vishram Kulkarni (2024-30) (2024-2030),MEDHA VISHRAM KULKARNI,RS_MEDHA VISHRAM KULKARNI,,Elected MP,Construction of bus-sheds or bus-stops,Normal/Others,Normal/Others,,At Ward 9 Establishment of a bus stop at Someshwar Wadi UP,At Ward 9 Establishment of a bus stop at Someshwar Wadi UP,2025-11-26 00:00:00,,,1000000.0,,,,,recommended,missing_parseable_work_id,synthetic,wk_728cc4f87b35
wk_72cb3089f8b3,,RS,Puducherry,Puducherry,Puducherry,Puducherry(PROJECT DIRECTOR RDA PUDUCHERRY_IDA),PUDUCHERRY,Shri S. Selvaganabathy (2021-27) (2021-2027),S SELVAGANABATHY,RS_S SELVAGANABATHY,,Elected MP,Crematoriums/energy efficient crematoriums or structures on burial/cremation ground,Normal/Others,Normal/Others,,"Construction of Karumathi shed at Periyakalapet (Kuppam) in Lawspet constituency, Puducherry.","Construction of Karumathi shed at Periyakalapet (Kuppam) in Lawspet constituency, Puducherry.",2025-11-11 00:00:00,,,2500000.0,,,,,recommended,missing_parseable_work_id,synthetic,wk_72cb3089f8b3
wk_72cc52273229,,RS,Odisha,Odisha,Puri,PURI(DISTRICT COLLECTOR PURI_IDA),PURI,Shri Subhasish Khuntia (2024-30) (2024-2030),SUBHASISH KHUNTIA,RS_SUBHASISH KHUNTIA,,Elected MP,Construction of community centers and community halls,Normal/Others,Normal/Others,,"Construction of Bapuji Community Center at Saradadevi Road, Balisahi","Construction of Bapuji Community Center at Saradadevi Road, Balisahi",2025-09-15 00:00:00,,,300000.0,,,,,recommended,missing_parseable_work_id,synthetic,wk_72cc52273229
wk_72d7d3c45927,,LS,Goa,Goa,North Goa,NORTH GOA(DISTRICT COLLECTOR NORTH GOA_IDA),NORTH GOA,Shripad Yesso Naik,SHRIPAD YESSO NAIK,LS_SHRIPAD YESSO NAIK,NORTH GOA,,"Purchase of prosthetics, wheel chairs, tricycles (manual or motorized), elect scooties, hearing aids",Normal/Others,Normal/Others,,"Three Wheeler Bike to Shri Krishna Ram Ustekar, Nagargao, Sattari","Three Wheeler Bike to Shri Krishna Ram Ustekar, Nagargao, Sattari",2024-12-05 00:00:00,,,130000.0,,,,,recommended,missing_parseable_work_id,synthetic,wk_72d7d3c45927
wk_72da27c09292,,RS,Kerala,Kerala,Palakkad,PALAKKAD(DISTRICT COLLECTOR PALAKKAD_IDA),PALAKKAD,Smt. P. T. Usha (2022-28) (2022-2028),P T USHA,RS_P T USHA,,Nominated MP,"Construction of roads, link roads, pathways or any other road with or without drainage system",Normal/Others,Normal/Others,,"Construction of Kunupulli Canal bund Road Concreting 100Mtr in Ward no 05 Kunupulli, Malambuzha Grama Panchayath Malambuzha Block Panchayath","Construction of Kunupulli Canal bund Road Concreting 100Mtr in Ward no 05 Kunupulli, Malambuzha Grama Panchayath Malambuzha Block Panchayath",2025-11-28 00:00:00,,,500000.0,,,,,recommended,missing_parseable_work_id,synthetic,wk_72da27c09292
wk_72f1a3c84a0e,,RS,Uttar Pradesh,Uttar Pradesh,Sultanpur,SULTANPUR(DISTRICT MAGISTRATE SULTANPUR_IDA),SULTANPUR,Shri Kapil Sibal (2022-28) (2022-2028),KAPIL SIBAL,RS_KAPIL SIBAL,,Elected MP,Construction of rooms and halls in school and colleges,Trust and Society,Trust and Society,,"Construction of Classrooms at Pt. Ram Charitra Mishra Maha Vidhyalaya, Pandela Kadipur, District Sultanpur","Construction of Classrooms at Pt. Ram Charitra Mishra Maha Vidhyalaya, Pandela Kadipur, District Sultanpur",2025-07-22 00:00:00,,,2500000.0,,,,,recommended,missing_parseable_work_id,synthetic,wk_72f1a3c84a0e
wk_732b57a2099a,,RS,Karnataka,Karnataka,Belagavi,BELAGAVI(DEPUTY COMMISSIONER BELGAUM_IDA),BELAGAVI,Shri Jairam Ramesh (2022-28) (2022-2028),JAIRAM RAMESH,RS_JAIRAM RAMESH,,Elected MP,Construction of rooms and halls in school and colleges,Normal/Others,Normal/Others,,Village Kesarakoppa Tahashil. Bailhongal,Village Kesarakoppa Tahashil. Bailhongal,2025-09-19 00:00:00,,,1700000.0,,,,,recommended,missing_parseable_work_id,synthetic,wk_732b57a2099a
wk_7330169a5339,,LS,Odisha,Odisha,Sundaragada,Sundaragada(DISTRICT COLLECTOR SUNDARGARH_IDA),SUNDARAGADA,Shri Jual Oram,JUAL ORAM,LS_JUAL ORAM,SUNDARGARH (ST),,Construction of community centers and community halls,Normal/Others,Normal/Others,,Complation of CC building at Mundagaon Majhipada,Complation of CC building at Mundagaon Majhipada,2024-10-04 00:00:00,,,600000.0,,,,,recommended,missing_parseable_work_id,synthetic,wk_7330169a5339
wk_7365df5c3919,,RS,Maharashtra,Maharashtra,Nanded,NANDED(DISTRICT COLLECTOR NANDED_IDA),NANDED,Shri Ashokrao Shankarrao Chavan (2024-30) (2024-2030),ASHOKRAO SHANKARRAO CHAVAN,RS_ASHOKRAO SHANKARRAO CHAVAN,,Elected MP,Construction of buildings for community cultural activities,Normal/Others,Normal/Others,,Construction of a community cultural hall at Mokhanditanda under Amthana Gram Panchayat in Bhokar Taluka,Construction of a community cultural hall at Mokhanditanda under Amthana Gram Panchayat in Bhokar Taluka,2025-03-31 00:00:00,,,1000000.0,,,,,recommended,missing_parseable_work_id,synthetic,wk_7365df5c3919
wk_736b7d73b4f6,,LS,Maharashtra,Maharashtra,Latur,LATUR(DISTRICT COLLECTOR LATUR_IDA),LATUR,DR KALGE SHIVAJI BANDAPPA,KALGE SHIVAJI BANDAPPA,LS_KALGE SHIVAJI BANDAPPA,LATUR(SC),,Construction of community centers and community halls,Normal/Others,Normal/Others,,"Construction of Community centre Hall in Gram Panchayat / Govt owned open space at Ramzanpur, Ta.Latur","Construction of Community centre Hall in Gram Panchayat / Govt owned open space at Ramzanpur, Ta.Latur",2024-09-27 00:00:00,,,1000000.0,,,,,recommended,missing_parseable_work_id,synthetic,wk_736b7d73b4f6
wk_7378fde6c78c,,RS,Telangana,Telangana,Warangal,WARANGAL(District Collector Warangal_IDA),WARANGAL,Shri Damodar Rao Divakonda (2022-28) (2022-2028),DAMODAR RAO DIVAKONDA,RS_DAMODAR RAO DIVAKONDA,,Elected MP,"Construction of roads, link roads, pathways or any other road with or without drainage system",Normal/Others,Normal/Others,,"Laying of Metal Road From Moripirala R&B Road to N.Ashok Land Via Oollakunta in Shivaramapuram, R&R Colony (V), Rayaparthy(M) Bit-I Warangal Dist.","Laying of Metal Road From Moripirala R&B Road to N.Ashok Land Via Oollakunta in Shivaramapuram, R&R Colony (V), Rayaparthy(M) Bit-I Warangal Dist.",2024-10-23 00:00:00,,,500000.0,,,,,recommended,missing_parseable_work_id,synthetic,wk_7378fde6c78c
wk_7379cbe9a428,,RS,Maharashtra,Maharashtra,Nanded,NANDED(DISTRICT COLLECTOR NANDED_IDA),NANDED,Shri Ashokrao Shankarrao Chavan (2024-30) (2024-2030),ASHOKRAO SHANKARRAO CHAVAN,RS_ASHOKRAO SHANKARRAO CHAVAN,,Elected MP,"Construction of roads, link roads, pathways or any other road with or without drainage system",Normal/Others,Normal/Others,,"Construction of CC road under new vasti at Mauje Mendhala (BK.), Taluka Ardhapur, District Nanded","Construction of CC road under new vasti at Mauje Mendhala (BK.), Taluka Ardhapur, District Nanded",2025-03-31 00:00:00,,,1000000.0,,,,,recommended,missing_parseable_work_id,synthetic,wk_7379cbe9a428
wk_73fc551d0059,,RS,Kerala,Kerala,Kasaragod,KASARAGOD(DISTRICT COLLECTOR KASARAGOD_IDA),KASARAGOD,Shri Abdul Wahab (2021-27) (2021-2027),ABDUL WAHAB,RS_ABDUL WAHAB,,Elected MP,Lighting of public spaces,Normal/Others,Normal/Others,,"Setting up of Low mast light at infront of old Bustand Vyaparabhavan, Ward no.19, Kasaragod Municipality","Setting up of Low mast light at infront of old Bustand Vyaparabhavan, Ward no.19, Kasaragod Municipality",2025-03-15 00:00:00,,,200000.0,,,,,recommended,missing_parseable_work_id,synthetic,wk_73fc551d0059
wk_740f2096b194,,LS,Kerala,Kerala,Kottayam,KOTTAYAM(DISTRICT COLLECTOR KOTTAYAM_IDA),KOTTAYAM,Shri Suresh Kodikunnil,SURESH KODIKUNNIL,LS_SURESH KODIKUNNIL,MAVELIKKARA(SC),,"Purchase of IT systems, including hardware and software for educational purposes",Normal/Others,Normal/Others,,"Computer Lab equipped with modern facilities for educational related activities at Adwaitha Vidyasramam HSS, Sachivothamapuram,Kurichy GP","Computer Lab equipped with modern facilities for educational related activities at Adwaitha Vidyasramam HSS, Sachivothamapuram,Kurichy GP",2024-11-05 00:00:00,,,500000.0,,,,,recommended,missing_parseable_work_id,synthetic,wk_740f2096b194
wk_741a0a855bd6,,RS,Gujarat,Gujarat,Panch Mahals,PANCH MAHALS(DISTRICT COLLECTOR PANCHMAHALS_IDA),PANCH MAHALS,Dr. Parmar Jashvantsinh Salamsinh (2024-30) (2024-2030),PARMAR JASHVANTSINH SALAMSINH,RS_PARMAR JASHVANTSINH SALAMSINH,,Elected MP,Construction of toilet blocks,Normal/Others,Normal/Others,,construction 5 toilet blocks,construction 5 toilet blocks,2025-09-29 00:00:00,,,100000.0,,,,,recommended,missing_parseable_work_id,synthetic,wk_741a0a855bd6
wk_7462a5309c94,,RS,Kerala,Kerala,Pathanamthitta,PATHANAMTHITTA(DISTRICT COLLECTOR PATHANAMTHITTA_IDA),PATHANAMTHITTA,Shri Jose K. Mani (2024-30) (2024-2030),JOSE K MANI,RS_JOSE K MANI,,Elected MP,"Construction of roads, link roads, pathways or any other road with or without drainage system",Repair and Renovation,Repair and Renovation,,Construction of Ambalapuram Mali Road Deepa Junction Repair and Renovation Cat SC,Construction of Ambalapuram Mali Road Deepa Junction Repair and Renovation Cat SC,2026-01-07 00:00:00,,,1500000.0,,,,,recommended,missing_parseable_work_id,synthetic,wk_7462a5309c94
wk_74dccdd9dd41,,RS,Gujarat,Gujarat,Mahesana,MAHESANA(DISTRICT COLLECTOR MAHESANA_IDA),MAHESANA,Shri Mayankkumar Nayak (2024-30) (2024-2030),MAYANKKUMAR NAYAK,RS_MAYANKKUMAR NAYAK,,Elected MP,Purchase of books and periodicals for libraries/digitization of library books,Normal/Others,Normal/Others,,Purchase of furniture and book material in the library of Mothidau Anupam Primary School.,Purchase of furniture and book material in the library of Mothidau Anupam Primary School.,2025-12-20 00:00:00,,,500000.0,,,,,recommended,missing_parseable_work_id,synthetic,wk_74dccdd9dd41
wk_74efad5a3b9a,,RS,Odisha,Odisha,Kataka,Kataka(DISTRICT COLLECTOR CUTTACK_IDA),KATAKA,Shri Manas Ranjan Mangaraj (2022-28) (2022-2028),MANAS RANJAN MANGARAJ,RS_MANAS RANJAN MANGARAJ,,Elected MP,Construction of community centers and community halls,Normal/Others,Normal/Others,,"Construction of Community center in ward no. 5, Choudwar Municipality, Dist- Cuttack","Construction of Community center in ward no. 5, Choudwar Municipality, Dist- Cuttack",2025-06-07 00:00:00,,,150000.0,,,,,recommended,missing_parseable_work_id,synthetic,wk_74efad5a3b9a
wk_74f9850b478d,,RS,Jharkhand,Jharkhand,Giridih,GIRIDIH(Deputy Commissioner Giridh_IDA),GIRIDIH,Dr. Sarfraz Ahmad (2024-30) (2024-2030),SARFRAZ AHMAD,RS_SARFRAZ AHMAD,,Elected MP,Construction of public toilets and bathrooms,Normal/Others,Normal/Others,,"Construction of a community toilet near the mosque in Phuljori village, Phuljori Panchayat, Gandey block.","Construction of a community toilet near the mosque in Phuljori village, Phuljori Panchayat, Gandey block.",2026-01-24 00:00:00,,,100000.0,,,,,recommended,missing_parseable_work_id,synthetic,wk_74f9850b478d
wk_75230748c29d,,RS,Madhya Pradesh,Madhya Pradesh,Dewas,DEWAS(DISTRICT COLLECTOR DEWAS_IDA),DEWAS,Shri Vivek K. Tankha (2022-28) (2022-2028),VIVEK K TANKHA,RS_VIVEK K TANKHA,,Elected MP,Construction of common work sheds/ common covered sitting area,Normal/Others,Normal/Others,,"Abhibhashak Sangh Khategaon, Nagar Parishad Khategaon, District Dewas hetu Teen Shed nirman (mention in letter no.4024 at column no.1)","Abhibhashak Sangh Khategaon, Nagar Parishad Khategaon, District Dewas hetu Teen Shed nirman (mention in letter no.4024 at column no.1)",2025-04-19 00:00:00,,,75000.0,,,,,recommended,missing_parseable_work_id,synthetic,wk_75230748c29d
wk_75372faedcec,,RS,Kerala,Kerala,Kannur,KANNUR(DISTRICT COLLECTOR KANNUR_IDA),KANNUR,Shri Sandosh Kumar P (2022-28) (2022-2028),SANDOSH KUMAR P,RS_SANDOSH KUMAR P,,Elected MP,Purchase of non-conventional energy system and devices for community use,Normal/Others,Normal/Others,,Installation of free Wi-Fi at town Square in Kannur muncipal coporation,Installation of free Wi-Fi at town Square in Kannur muncipal coporation,2025-09-25 00:00:00,,,3400000.0,,,,,recommended,missing_parseable_work_id,synthetic,wk_75372faedcec
wk_7544d8346f82,,RS,Maharashtra,Maharashtra,Mumbai,MUMBAI(DISTRICT COLLECTOR MUMBAI CITY_IDA),MUMBAI,Dr. Ajeet Madhavrao Gopchade (2024-30) (2024-2030),AJEET MADHAVRAO GOPCHADE,RS_AJEET MADHAVRAO GOPCHADE,,Elected MP,Construction of common work sheds/ common covered sitting area,Normal/Others,Normal/Others,,"Construction of comman Shed at Shivajinagar Shri Ganesh Gruhanirman Sanstha Marya. at Warali, Mumbai (Ward No. G-North 182)","Construction of comman Shed at Shivajinagar Shri Ganesh Gruhanirman Sanstha Marya. at Warali, Mumbai (Ward No. G-North 182)",2025-09-09 00:00:00,,,1000000.0,,,,,recommended,missing_parseable_work_id,synthetic,wk_7544d8346f82
wk_755141887407,,RS,Odisha,Odisha,Khordha,KHORDHA(DISTRICT COLLECTOR KHORDHA_IDA),KHORDHA,Shri Manas Ranjan Mangaraj (2022-28) (2022-2028),MANAS RANJAN MANGARAJ,RS_MANAS RANJAN MANGARAJ,,Elected MP,"Construction of roads, link roads, pathways or any other road with or without drainage system",Normal/Others,Normal/Others,,Construction of Paver block road from SK Mangulia House to Babula Khan House.,Construction of Paver block road from SK Mangulia House to Babula Khan House.,2025-12-27 00:00:00,,,500000.0,,,,,recommended,missing_parseable_work_id,synthetic,wk_755141887407
wk_756060ddfba8,,RS,Maharashtra,Maharashtra,Bhandara,BHANDARA(DISTRICT COLLECTOR BHANDARA_IDA),BHANDARA,Shri Praful Patel (2024-30) (2024-2030),PRAFUL PATEL,RS_PRAFUL PATEL,,Elected MP,Installing tube-wells and borewells,Normal/Others,Normal/Others,,tawasi me shri dadaram sonwane ke niwas ke pass 1 borewell,tawasi me shri dadaram sonwane ke niwas ke pass 1 borewell,2025-03-04 00:00:00,,,150000.0,,,,,recommended,missing_parseable_work_id,synthetic,wk_756060ddfba8
wk_7570137aa3eb,,RS,Karnataka,Karnataka,Chikkamagaluru,CHIKKAMAGALURU(DEPUTY COMMISSIONER CHIKMAGALUR),CHIKKAMAGALURU,Shri Jairam Ramesh (2022-28) (2022-2028),JAIRAM RAMESH,RS_JAIRAM RAMESH,,Elected MP,Construction of community centers and community halls,Normal/Others,Normal/Others,,,,2025-02-28 00:00:00,,,3000000.0,,,,,recommended,missing_parseable_work_id,synthetic,wk_7570137aa3eb
wk_75ab406a619b,,RS,Karnataka,Karnataka,Chikkamagaluru,CHIKKAMAGALURU(DEPUTY COMMISSIONER CHIKMAGALUR),CHIKKAMAGALURU,Shri Jairam Ramesh (2022-28) (2022-2028),JAIRAM RAMESH,RS_JAIRAM RAMESH,,Elected MP,Construction of community centers and community halls,Normal/Others,Normal/Others,,"Kadur/ General/ hoehfhal, lfviUage of Hoehiha+llviUage- panchayath","Kadur/ General/ hoehfhal, lfviUage of Hoehiha+llviUage- panchayath",2024-01-04 00:00:00,,,500000.0,,,,,recommended,missing_parseable_work_id,synthetic,wk_75ab406a619b
wk_7653636d8d69,,RS,Maharashtra,Maharashtra,Nanded,NANDED(DISTRICT COLLECTOR NANDED_IDA),NANDED,Dr. Ajeet Madhavrao Gopchade (2024-30) (2024-2030),AJEET MADHAVRAO GOPCHADE,RS_AJEET MADHAVRAO GOPCHADE,,Elected MP,Construction of buildings for community cultural activities,Normal/Others,Normal/Others,,Construction of Sabhagruha at Jigali Tq. Biloli Dist. Nanded in area of Grampachayat near Hanuman Mandir,Construction of Sabhagruha at Jigali Tq. Biloli Dist. Nanded in area of Grampachayat near Hanuman Mandir,2025-08-25 00:00:00,,,3000000.0,,,,,recommended,missing_parseable_work_id,synthetic,wk_7653636d8d69
wk_765facd2916e,,RS,Maharashtra,Maharashtra,Amravati,AMRAVATI(DISTRICT COLLECTOR AMRAVATI_IDA),AMRAVATI,Dr. Anil Sukhdeorao Bonde (2022-28) (2022-2028),ANIL SUKHDEORAO BONDE,RS_ANIL SUKHDEORAO BONDE,,Elected MP,Purchase of training equipment,Normal/Others,Normal/Others,,Purchase of training equipment (Canvas Tent) at India scout guide institute Amravati,Purchase of training equipment (Canvas Tent) at India scout guide institute Amravati,2025-11-24 00:00:00,,,1000000.0,,,,,recommended,missing_parseable_work_id,synthetic,wk_765facd2916e
wk_767ce5b1268f,,RS,Tamil Nadu,Tamil Nadu,Salem,SALEM(DISTRICT COLLECTOR SALEM_IDA),SALEM,Dr. M. Dhanapal (2025-31) (2025-2031),M DHANAPAL,RS_M DHANAPAL,,Elected MP,Construction of buildings for crèches and anganwadies,Normal/Others,Normal/Others,,"Construction of an Anganvadi center behind Moopanar Temple, Adi Dravidar Street 15 th Ward, Thammampatti Town Panchayat","Construction of an Anganvadi center behind Moopanar Temple, Adi Dravidar Street 15 th Ward, Thammampatti Town Panchayat",2025-12-30 00:00:00,,,1750000.0,,,,,recommended,missing_parseable_work_id,synthetic,wk_767ce5b1268f
wk_76bf0315f2b3,,RS,Tamil Nadu,Tamil Nadu,Chengalpattu,CHENGALPATTU(District Collector Chengalpattu_IDA),CHENGALPATTU,Shri R. Girirajan (2022-28) (2022-2028),R GIRIRAJAN,RS_R GIRIRAJAN,,Elected MP,Lighting of public spaces,Normal/Others,Normal/Others,,"Providing and erecting Mini Highmast ( 10 Meter Height with 6 Nos LED 150W Ladder Type) near Arulmigu Murugan Temple located on the hill comes under Perumbairkandigaii Village, Madhuranthagam Assembly Constituency in Chengalpattu District.","Providing and erecting Mini Highmast ( 10 Meter Height with 6 Nos LED 150W Ladder Type) near Arulmigu Murugan Temple located on the hill comes under Perumbairkandigaii Village, Madhuranthagam Assembly Constituency in Chengalpattu District.",2025-05-28 00:00:00,,,450000.0,,,,,recommended,missing_parseable_work_id,synthetic,wk_76bf0315f2b3
wk_76e323f5f1c2,,RS,Assam,Assam,Cachar,CACHAR(DEPUTY COMMISSIONER CACHAR_IDA),CACHAR,Shri Kanad Purkayastha (2025-31) (2025-2031),KANAD PURKAYASTHA,RS_KANAD PURKAYASTHA,,Elected MP,Construction of community centers and community halls,Normal/Others,Normal/Others,,"Construction of Conference Hall of Barak Upotyaka Banga Sahitya o Sanskriti Sammelan, Central Committee at Chandmari, Tarapur.","Construction of Conference Hall of Barak Upotyaka Banga Sahitya o Sanskriti Sammelan, Central Committee at Chandmari, Tarapur.",2025-11-20 00:00:00,,,1000000.0,,,,,recommended,missing_parseable_work_id,synthetic,wk_76e323f5f1c2
wk_77043edda4b4,,RS,Uttar Pradesh,Uttar Pradesh,Amethi,Amethi(DISTRICT MAGISTRAE AMETHI_IDA),AMETHI,Dr. Laxmikant Bajpayee (2022-28) (2022-2028),LAXMIKANT BAJPAYEE,RS_LAXMIKANT BAJPAYEE,,Elected MP,"Construction of roads, link roads, pathways or any other road with or without drainage system",Normal/Others,Normal/Others,,Construction of 300 Meter CC Road and Drainage,Construction of 300 Meter CC Road and Drainage,2025-12-15 00:00:00,,,2472000.0,,,,,recommended,missing_parseable_work_id,synthetic,wk_77043edda4b4
wk_770b64c497ce,,RS,Maharashtra,Maharashtra,Pune,PUNE(DISTRICT COLLECTOR PUNE_IDA),PUNE,Dr. Medha Vishram Kulkarni (2024-30) (2024-2030),MEDHA VISHRAM KULKARNI,RS_MEDHA VISHRAM KULKARNI,,Elected MP,Construction of bus-sheds or bus-stops,Normal/Others,Normal/Others,,Ward 32 Establishment of a bus stop at N.D.A. Gate No. 10 Up.,Ward 32 Establishment of a bus stop at N.D.A. Gate No. 10 Up.,2025-11-26 00:00:00,,,1000000.0,,,,,recommended,missing_parseable_work_id,synthetic,wk_770b64c497ce
wk_772b3207ce0d,,RS,Kerala,Kerala,Thiruvananthapuram,THIRUVANANTHAPURAM(DISTRICT COLLECTOR THIRUVANANTHAPURAM_IDA),THIRUVANANTHAPURAM,Shri A. A. Rahim (2022-28) (2022-2028),A A RAHIM,RS_A A RAHIM,,Elected MP,Construction of buildings for crèches and anganwadies,Normal/Others,Normal/Others,,"Construction of Anganwadi and tailoring unit Building at Chettiyampara settlement ,Tholikkode,Grama Panchayath ,Aruvikkara Assembly Constituency","Construction of Anganwadi and tailoring unit Building at Chettiyampara settlement ,Tholikkode,Grama Panchayath ,Aruvikkara Assembly Constituency",2026-01-08 00:00:00,,,2000000.0,,,,,recommended,missing_parseable_work_id,synthetic,wk_772b3207ce0d
wk_77490fb38630,,RS,Tripura,Tripura,Unakoti,Unakoti(DISTRICT MAGISTRATE and COLLECTOR UNOKOTI_IDA),UNAKOTI,Shri Rajib Bhattacharjee (2024-28) (2024-2028),RAJIB BHATTACHARJEE,RS_RAJIB BHATTACHARJEE,,Elected MP,"Purchase of hearse van (Four, three and two wheelers)",Normal/Others,Normal/Others,,Procurement of a fully equipped Mortuary Van for Kailashahar Municipal Council,Procurement of a fully equipped Mortuary Van for Kailashahar Municipal Council,2026-01-07 00:00:00,,,1000000.0,,,,,recommended,missing_parseable_work_id,synthetic,wk_77490fb38630
wk_77496c065dbb,,RS,Maharashtra,Maharashtra,Nanded,NANDED(DISTRICT COLLECTOR NANDED_IDA),NANDED,Dr. Ajeet Madhavrao Gopchade (2024-30) (2024-2030),AJEET MADHAVRAO GOPCHADE,RS_AJEET MADHAVRAO GOPCHADE,,Elected MP,Construction of buildings for community cultural activities,Normal/Others,Normal/Others,,Construction of Sabhagruha in the premises of Grampanchayat near Mahadev Mandir at Village Kolheborgaon,Construction of Sabhagruha in the premises of Grampanchayat near Mahadev Mandir at Village Kolheborgaon,2025-02-25 00:00:00,,,5000000.0,,,,,recommended,missing_parseable_work_id,synthetic,wk_77496c065dbb
wk_7752d5407c46,,LS,West Bengal,West Bengal,North 24 Parganas,North 24 Parganas(DISTRICT MAGISTRATE NORTH TWENTY FOUR PARGANAS_IDA),NORTH 24 PARGANAS,SK NURUL ISLAM,SK NURUL ISLAM,LS_SK NURUL ISLAM,BASIRHAT,,Street lights,Normal/Others,Normal/Others,,Installation of 20 nos. Street LED Electric Light at Different places at Chaital G.P under Minakhan Block (SLNo. 40),Installation of 20 nos. Street LED Electric Light at Different places at Chaital G.P under Minakhan Block (SLNo. 40),2024-09-05 00:00:00,,,440000.0,,,,,recommended,missing_parseable_work_id,synthetic,wk_7752d5407c46
wk_775658d28020,,RS,Kerala,Kerala,Idukki,IDUKKI(DISTRICT COLLECTOR IDUKKI_IDA),IDUKKI,Shri P. P. Suneer (2024-30) (2024-2030),P P SUNEER,RS_P P SUNEER,,Elected MP,Lighting of public spaces,Normal/Others,Normal/Others,,Installation of HighMast Light Adimaly block-Pallivasal GP-Ward-10-Anachal Town-Near Taxi stand and Buststop,Installation of HighMast Light Adimaly block-Pallivasal GP-Ward-10-Anachal Town-Near Taxi stand and Buststop,2025-08-23 00:00:00,,,300000.0,,,,,recommended,missing_parseable_work_id,synthetic,wk_775658d28020
wk_77b3021e0dd2,,RS,Maharashtra,Maharashtra,Nanded,NANDED(DISTRICT COLLECTOR NANDED_IDA),NANDED,Dr. Ajeet Madhavrao Gopchade (2024-30) (2024-2030),AJEET MADHAVRAO GOPCHADE,RS_AJEET MADHAVRAO GOPCHADE,,Elected MP,Construction of community centers and community halls,Normal/Others,Normal/Others,,"Construction of Sabhamandap in the area of grampanchayat near Khandoba temple of Village Ibrahimpur taluka Deglur, District Nanded","Construction of Sabhamandap in the area of grampanchayat near Khandoba temple of Village Ibrahimpur taluka Deglur, District Nanded",2025-08-28 00:00:00,,,2000000.0,,,,,recommended,missing_parseable_work_id,synthetic,wk_77b3021e0dd2
wk_77db5c90133b,,RS,Kerala,Kerala,Malappuram,MALAPPURAM(DISTRICT COLLECTOR MALAPPURAM_IDA),MALAPPURAM,Smt. Jebi Mather Hisham (2022-28) (2022-2028),JEBI MATHER HISHAM,RS_JEBI MATHER HISHAM,,Elected MP,"Construction of roads, link roads, pathways or any other road with or without drainage system",Normal/Others,Normal/Others,,"Construction of Madassery - Ayyappankunnu - Pathappiriyam Road, Thiruvali Grama Panchayath","Construction of Madassery - Ayyappankunnu - Pathappiriyam Road, Thiruvali Grama Panchayath",2025-07-29 00:00:00,,,500000.0,,,,,recommended,missing_parseable_work_id,synthetic,wk_77db5c90133b
wk_7818131f4e08,,LS,Maharashtra,Maharashtra,Beed,BEED(DISTRICT COLLECTOR BEED_IDA),BEED,BAJRANG MANOHAR SONWANE,BAJRANG MANOHAR SONWANE,LS_BAJRANG MANOHAR SONWANE,BEED,,Construction of community centers and community halls,Normal/Others,Normal/Others,,Construction of Sabhamandap on Gram Panchayat land.,Construction of Sabhamandap on Gram Panchayat land.,2024-12-09 00:00:00,,,1000000.0,,,,,recommended,missing_parseable_work_id,synthetic,wk_7818131f4e08
wk_783206c1326d,,RS,Uttar Pradesh,Uttar Pradesh,Ghazipur,GHAZIPUR(DISTRICT MAGISTRAE GHAZIPUR_IDA),GHAZIPUR,Dr. Sangeeta Balwant (2024-30) (2024-2030),SANGEETA BALWANT,RS_SANGEETA BALWANT,,Elected MP,"Construction of roads, link roads, pathways or any other road with or without drainage system",Normal/Others,Normal/Others,,VIKAS KHAND SADAR KE GRAM GODA DEHATEE ME DHARMENDRA KE GHAR SE JIVAN BIND KE GHAR TAK INTERLOCKING NIRMAN KARYA LAMBHAI LAGBHAG 120 M.,VIKAS KHAND SADAR KE GRAM GODA DEHATEE ME DHARMENDRA KE GHAR SE JIVAN BIND KE GHAR TAK INTERLOCKING NIRMAN KARYA LAMBHAI LAGBHAG 120 M.,2025-12-31 00:00:00,,,730000.0,,,,,recommended,missing_parseable_work_id,synthetic,wk_783206c1326d
wk_7838acdaa0dc,,RS,Madhya Pradesh,Madhya Pradesh,Rajgarh,RAJGARH(DISTRICT COLLECTOR RAJGARH_IDA),RAJGARH,Dr. L. Murugan (2024-30) (2024-2030),L MURUGAN,RS_L MURUGAN,,Elected MP,"Retrofitting, preservation or conservation of heritage and archaeological monuments and buildings",Repair and Renovation,Repair and Renovation,,Renovation of Shri Kapileshwar Pilgrimage Site,Renovation of Shri Kapileshwar Pilgrimage Site,2026-01-28 00:00:00,,,2500000.0,,,,,recommended,missing_parseable_work_id,synthetic,wk_7838acdaa0dc
wk_78a8a0320647,,LS,Maharashtra,Maharashtra,Mumbai,MUMBAI(DISTRICT COLLECTOR MUMBAI CITY_IDA),MUMBAI,Arvind Ganpat Sawant,ARVIND GANPAT SAWANT,LS_ARVIND GANPAT SAWANT,MUMBAI SOUTH,,Construction of community centers and community halls,Normal/Others,Normal/Others,,darukhana kolsa bunder ray road byculla community hall,darukhana kolsa bunder ray road byculla community hall,2024-10-08 00:00:00,,,1000000.0,,,,,recommended,missing_parseable_work_id,synthetic,wk_78a8a0320647
wk_78bb384d6251,,RS,Bihar,Bihar,Vaishali,VAISHALI(DISTRICT PLANNING OFFICER VAISHALI_IDA),VAISHALI,Shri Sanjay Yadav (2024-30) (2024-2030),SANJAY YADAV,RS_SANJAY YADAV,,Elected MP,Construction of common work sheds/ common covered sitting area,Normal/Others,Normal/Others,,Construction of a twelve-foot high roofed platform with a hand pump on the available government land in the Raghopur pashchimi Panchayat under the Raghopur Block.,Construction of a twelve-foot high roofed platform with a hand pump on the available government land in the Raghopur pashchimi Panchayat under the Raghopur Block.,2025-09-02 00:00:00,,,1499000.0,,,,,recommended,missing_parseable_work_id,synthetic,wk_78bb384d6251
wk_78cc7c62a125,,LS,Kerala,Kerala,Pathanamthitta,PATHANAMTHITTA(DISTRICT COLLECTOR PATHANAMTHITTA_IDA),PATHANAMTHITTA,Anto Antony,ANTO ANTONY,LS_ANTO ANTONY,PATHANAMTHITTA,,Construction of bus-sheds or bus-stops,Normal/Others,Normal/Others,,Construction of Bus waiting Shed at Placherry Junction.,Construction of Bus waiting Shed at Placherry Junction.,2024-09-24 00:00:00,,,500000.0,,,,,recommended,missing_parseable_work_id,synthetic,wk_78cc7c62a125
wk_790537d919c4,,RS,Kerala,Kerala,Palakkad,PALAKKAD(DISTRICT COLLECTOR PALAKKAD_IDA),PALAKKAD,Shri Abdul Wahab (2021-27) (2021-2027),ABDUL WAHAB,RS_ABDUL WAHAB,,Elected MP,"Construction of roads, link roads, pathways or any other road with or without drainage system",Normal/Others,Normal/Others,,"Construction of Kodamala road or pathway, Ward No.12, Pattithara Panchayat","Construction of Kodamala road or pathway, Ward No.12, Pattithara Panchayat",2025-10-21 00:00:00,,,350000.0,,,,,recommended,missing_parseable_work_id,synthetic,wk_790537d919c4
wk_794502cf3a28,,LS,Gujarat,Gujarat,Rajkot,RAJKOT(DISTRICT COLLECTOR RAJKOT_IDA),RAJKOT,PARSHOTTAMBHAI RUPALA,PARSHOTTAMBHAI RUPALA,LS_PARSHOTTAMBHAI RUPALA,RAJKOT,,Construction of boundary walls of existing public and community buildings,Trust and Society,Trust and Society,,"Matrushree Jekunwarben Vrajlal Doshi Saraswati Shishu Mandir, Paddhari for construction of boundary wall","Matrushree Jekunwarben Vrajlal Doshi Saraswati Shishu Mandir, Paddhari for construction of boundary wall",2024-12-19 00:00:00,,,700000.0,,,,,recommended,missing_parseable_work_id,synthetic,wk_794502cf3a28
wk_797a5912f582,,RS,Kerala,Kerala,Kottayam,KOTTAYAM(DISTRICT COLLECTOR KOTTAYAM_IDA),KOTTAYAM,Smt. P. T. Usha (2022-28) (2022-2028),P T USHA,RS_P T USHA,,Nominated MP,Construction of buildings for crèches and anganwadies,Normal/Others,Normal/Others,,Construction of Modern Anganwadi Building with Park Compound wall Purchase of Equipments A W No92 PurathittaWard 9 Pallicathodu GP Pampady Block,Construction of Modern Anganwadi Building with Park Compound wall Purchase of Equipments A W No92 PurathittaWard 9 Pallicathodu GP Pampady Block,2024-10-03 00:00:00,,,4500000.0,,,,,recommended,missing_parseable_work_id,synthetic,wk_797a5912f582
wk_798b56528c3e,,LS,Maharashtra,Maharashtra,Beed,BEED(DISTRICT COLLECTOR BEED_IDA),BEED,BAJRANG MANOHAR SONWANE,BAJRANG MANOHAR SONWANE,LS_BAJRANG MANOHAR SONWANE,BEED,,Construction of community centers and community halls,Normal/Others,Normal/Others,,Construction of Sabhamandap on Gram Panchayat land near Sri Kshetra Hanuman Temple.,Construction of Sabhamandap on Gram Panchayat land near Sri Kshetra Hanuman Temple.,2024-12-09 00:00:00,,,1000000.0,,,,,recommended,missing_parseable_work_id,synthetic,wk_798b56528c3e
wk_79e956411afd,,LS,Karnataka,Karnataka,Uttara Kannada,UTTARA KANNADA(DEPUTY COMMISSIONER UTTARKANNADA KARWAR_IDA),UTTARA KANNADA,VISHWESHWAR HEGDE KAGERI,VISHWESHWAR HEGDE KAGERI,LS_VISHWESHWAR HEGDE KAGERI,UTTARA KANNADA,,Construction of community centers and community halls,Normal/Others,Normal/Others,,Construction of Yellapur Taluka Havyaka Sabha Bhavana in Yellapur Town,Construction of Yellapur Taluka Havyaka Sabha Bhavana in Yellapur Town,2025-01-08 00:00:00,,,1000000.0,,,,,recommended,missing_parseable_work_id,synthetic,wk_79e956411afd
wk_7a218adb6a79,,LS,Bihar,Bihar,Vaishali,VAISHALI(DISTRICT PLANNING OFFICER VAISHALI_IDA),VAISHALI,Nityanand Rai,NITYANAND RAI,LS_NITYANAND RAI,UJJARPUR,,Construction of water tanks,Normal/Others,Normal/Others,,PRAKHAND PATEPUR PANCHAYAT SIMARVARA KE SIMARVARA PANCHAYAT ANTARGAT UTKRAMIT MADHAY VIDHALAY RAMAULI ME SAMUDAYIK PEYJAL PANI TANKI (WATER ATM) BHAWAN KE SATH NIRMAN,PRAKHAND PATEPUR PANCHAYAT SIMARVARA KE SIMARVARA PANCHAYAT ANTARGAT UTKRAMIT MADHAY VIDHALAY RAMAULI ME SAMUDAYIK PEYJAL PANI TANKI (WATER ATM) BHAWAN KE SATH NIRMAN,2024-11-27 00:00:00,,,325000.0,,,,,recommended,missing_parseable_work_id,synthetic,wk_7a218adb6a79
wk_7a31b2755b1d,,RS,Maharashtra,Maharashtra,Amravati,AMRAVATI(DISTRICT COLLECTOR AMRAVATI_IDA),AMRAVATI,Dr. Anil Sukhdeorao Bonde (2022-28) (2022-2028),ANIL SUKHDEORAO BONDE,RS_ANIL SUKHDEORAO BONDE,,Elected MP,"Purchase of smart boards, visual display units and projectors",Normal/Others,Normal/Others,,"Purchase of smart boards, visual display units and projectors for digital classroom at Z P school kondwardha","Purchase of smart boards, visual display units and projectors for digital classroom at Z P school kondwardha",2025-04-28 00:00:00,,,1000000.0,,,,,recommended,missing_parseable_work_id,synthetic,wk_7a31b2755b1d
wk_7a46e2388d58,,RS,Odisha,Odisha,Puri,PURI(DISTRICT COLLECTOR PURI_IDA),PURI,Shri Subhasish Khuntia (2024-30) (2024-2030),SUBHASISH KHUNTIA,RS_SUBHASISH KHUNTIA,,Elected MP,Construction of community centers and community halls,Normal/Others,Normal/Others,,"Construction of Community Center at Adanga Tihadi Jaga, Tihadi Sahi","Construction of Community Center at Adanga Tihadi Jaga, Tihadi Sahi",2025-08-28 00:00:00,,,500000.0,,,,,recommended,missing_parseable_work_id,synthetic,wk_7a46e2388d58
wk_7a8febb2eb9b,,RS,Odisha,Odisha,Mayurbhanj,MAYURBHANJ(DISTRICT COLLECTOR MAYURBHANJ_IDA),MAYURBHANJ,Smt. Sulata Deo (2022-28) (2022-2028),SULATA DEO,RS_SULATA DEO,,Elected MP,"Construction of roads, link roads, pathways or any other road with or without drainage system",Normal/Others,Normal/Others,,Construction of CC Road with Culvert near Jagadish Giri House to Nadpur Hara Dokan at Nadpur Betnoti Block Village Nadpur GP Nadpur ITDA Baripada,Construction of CC Road with Culvert near Jagadish Giri House to Nadpur Hara Dokan at Nadpur Betnoti Block Village Nadpur GP Nadpur ITDA Baripada,2025-05-29 00:00:00,,,250000.0,,,,,recommended,missing_parseable_work_id,synthetic,wk_7a8febb2eb9b
wk_7ab6d6966c5c,,RS,Odisha,Odisha,Mayurbhanj,MAYURBHANJ(DISTRICT COLLECTOR MAYURBHANJ_IDA),MAYURBHANJ,Smt. Sulata Deo (2022-28) (2022-2028),SULATA DEO,RS_SULATA DEO,,Elected MP,"Construction of roads, link roads, pathways or any other road with or without drainage system",Normal/Others,Normal/Others,,Construction of CC Road from Pradhan Hansdah House to Chandan Hansdah House at Baghabasa Betnoti Block Village Baghabasa GP Saitpur ITDA Baripada,Construction of CC Road from Pradhan Hansdah House to Chandan Hansdah House at Baghabasa Betnoti Block Village Baghabasa GP Saitpur ITDA Baripada,2025-05-29 00:00:00,,,250000.0,,,,,recommended,missing_parseable_work_id,synthetic,wk_7ab6d6966c5c
wk_7ac3ac0540f0,,RS,Odisha,Odisha,Mayurbhanj,MAYURBHANJ(DISTRICT COLLECTOR MAYURBHANJ_IDA),MAYURBHANJ,Smt. Sulata Deo (2022-28) (2022-2028),SULATA DEO,RS_SULATA DEO,,Elected MP,"Construction of roads, link roads, pathways or any other road with or without drainage system",Normal/Others,Normal/Others,,Construction of CC Road from Ramesh Dagra House to Rati Khuntia House at Merda Block Betnoti Block Village Merda GP Mera ITDA Baripada,Construction of CC Road from Ramesh Dagra House to Rati Khuntia House at Merda Block Betnoti Block Village Merda GP Mera ITDA Baripada,2025-05-29 00:00:00,,,250000.0,,,,,recommended,missing_parseable_work_id,synthetic,wk_7ac3ac0540f0
wk_7b807ad07ddb,,RS,Telangana,Telangana,Bhadradri Kothagudem,BHADRADRI KOTHAGUDEM(District Collector Bhadradri Ktdm_IDA),BHADRADRI KOTHAGUDEM,Smt. Renuka Chowdhury (2024-30) (2024-2030),RENUKA CHOWDHURY,RS_RENUKA CHOWDHURY,,Elected MP,"Construction of roads, link roads, pathways or any other road with or without drainage system",Normal/Others,Normal/Others,,"Construction of CC road from Burra Sulochana house to Lavanya house at Tekuchettu bazaar, Rajiv Gandhi Nagar village, Manuguru Mandal, Bhadradri Kothagudem District, Telangana","Construction of CC road from Burra Sulochana house to Lavanya house at Tekuchettu bazaar, Rajiv Gandhi Nagar village, Manuguru Mandal, Bhadradri Kothagudem District, Telangana",2026-01-26 00:00:00,,,500000.0,,,,,recommended,missing_parseable_work_id,synthetic,wk_7b807ad07ddb
wk_7bbe4f8205c6,,RS,Puducherry,Puducherry,Puducherry,Puducherry(PROJECT DIRECTOR RDA PUDUCHERRY_IDA),PUDUCHERRY,Shri S. Selvaganabathy (2021-27) (2021-2027),S SELVAGANABATHY,RS_S SELVAGANABATHY,,Elected MP,Purchase of books and periodicals for libraries/digitization of library books,Normal/Others,Normal/Others,,Thamizhan Thalai nimirnthu vaazha -,Thamizhan Thalai nimirnthu vaazha -,2026-01-23 00:00:00,,,90000.0,,,,,recommended,missing_parseable_work_id,synthetic,wk_7bbe4f8205c6
wk_7bd53546f94a,,RS,Kerala,Kerala,Palakkad,PALAKKAD(DISTRICT COLLECTOR PALAKKAD_IDA),PALAKKAD,Shri Abdul Wahab (2021-27) (2021-2027),ABDUL WAHAB,RS_ABDUL WAHAB,,Elected MP,"Purchase of IT systems, including hardware and software for educational purposes",Normal/Others,Normal/Others,,"Purchasing of Computers, projectors and accessories for Govt Oriental high school, Edathanattukara, (UP Category), Alanallur Panchayat","Purchasing of Computers, projectors and accessories for Govt Oriental high school, Edathanattukara, (UP Category), Alanallur Panchayat",2025-09-25 00:00:00,,,500000.0,,,,,recommended,missing_parseable_work_id,synthetic,wk_7bd53546f94a
wk_7bf642eb69e4,,LS,Goa,Goa,North Goa,NORTH GOA(DISTRICT COLLECTOR NORTH GOA_IDA),NORTH GOA,Shripad Yesso Naik,SHRIPAD YESSO NAIK,LS_SHRIPAD YESSO NAIK,NORTH GOA,,Providing garbage collection and disposal systems,Normal/Others,Normal/Others,,Request to sanction garbage van Tata 407 Gold SFC DCR 33 cab chassis with garbage includes tipping & drone for garbage to V.P Saligao,Request to sanction garbage van Tata 407 Gold SFC DCR 33 cab chassis with garbage includes tipping & drone for garbage to V.P Saligao,2024-12-06 00:00:00,,,1689000.0,,,,,recommended,missing_parseable_work_id,synthetic,wk_7bf642eb69e4
wk_7c241b6b9d50,,RS,Bihar,Bihar,Vaishali,VAISHALI(DISTRICT PLANNING OFFICER VAISHALI_IDA),VAISHALI,Shri Sanjay Yadav (2024-30) (2024-2030),SANJAY YADAV,RS_SANJAY YADAV,,Elected MP,Construction of community centers and community halls,Normal/Others,Normal/Others,,"Construction of a community building on the available land in Chaksikander Kalyanpur Panchayat under Bidupur block, including one borewell with hand pump, one toilet, two urinals, one room (12 x 10), and one large hall.","Construction of a community building on the available land in Chaksikander Kalyanpur Panchayat under Bidupur block, including one borewell with hand pump, one toilet, two urinals, one room (12 x 10), and one large hall.",2025-09-27 00:00:00,,,1499000.0,,,,,recommended,missing_parseable_work_id,synthetic,wk_7c241b6b9d50
wk_7c400cdfc3ef,,LS,Telangana,Telangana,Medchal Malkajgiri,MEDCHAL MALKAJGIRI(DISTRICT COLLECTOR MEDCHAL MALKAJGIRI_IDA),MEDCHAL MALKAJGIRI,EATALA RAJENDER,EATALA RAJENDER,LS_EATALA RAJENDER,MALKAJGIRI,,"Construction of roads, link roads, pathways or any other road with or without drainage system",Normal/Others,Normal/Others,,Construction of CC Road 46 meters length from H No 32 70 42 A 1 Prameeladevi House towards Helen Keller School at Bank Colony Ward No 136 Neredmet GHMC Circel 28 Medchal Malkajgiri District,Construction of CC Road 46 meters length from H No 32 70 42 A 1 Prameeladevi House towards Helen Keller School at Bank Colony Ward No 136 Neredmet GHMC Circel 28 Medchal Malkajgiri District,2024-12-11 00:00:00,,,500000.0,,,,,recommended,missing_parseable_work_id,synthetic,wk_7c400cdfc3ef
wk_7c9b9785a112,,LS,Goa,Goa,North Goa,NORTH GOA(DISTRICT COLLECTOR NORTH GOA_IDA),NORTH GOA,Shripad Yesso Naik,SHRIPAD YESSO NAIK,LS_SHRIPAD YESSO NAIK,NORTH GOA,,"Purchase of prosthetics, wheel chairs, tricycles (manual or motorized), elect scooties, hearing aids",Normal/Others,Normal/Others,,Providing Four Wheeler Bike to Shri Manuel Pereira,Providing Four Wheeler Bike to Shri Manuel Pereira,2024-12-04 00:00:00,,,130000.0,,,,,recommended,missing_parseable_work_id,synthetic,wk_7c9b9785a112
wk_7c9d4b2772bb,,RS,Assam,Assam,Sivasagar,SIVASAGAR(Deputy Commissioner Sivsagar_IDA),SIVASAGAR,Shri Pabitra Margherita (2022-28) (2022-2028),PABITRA MARGHERITA,RS_PABITRA MARGHERITA,,Elected MP,Construction of community centers and community halls,Normal/Others,Normal/Others,,Construction of Atkhel Durgapuja Sanskritik Kendra,Construction of Atkhel Durgapuja Sanskritik Kendra,2026-01-27 00:00:00,,,250000.0,,,,,recommended,missing_parseable_work_id,synthetic,wk_7c9d4b2772bb
wk_7cadc4571222,,RS,Uttar Pradesh,Uttar Pradesh,Deoria,DEORIA(DISTRICT MAGISTRATE DEORIA),DEORIA,Smt. Sangeeta Yadav (2022-28) (2022-2028),SANGEETA YADAV,RS_SANGEETA YADAV,,Elected MP,Construction of buildings for community cultural activities,Normal/Others,Normal/Others,,"construction of Gate for baba fuleshwarnath mandir , kal Bhairav .","construction of Gate for baba fuleshwarnath mandir , kal Bhairav .",2025-09-26 00:00:00,,,500000.0,,,,,recommended,missing_parseable_work_id,synthetic,wk_7cadc4571222
wk_7d1f28ce8c92,,RS,Jharkhand,Jharkhand,Deoghar,DEOGHAR(DEPUTY COMMISSIONER DEOGHAR_IDA),DEOGHAR,Shri Pradip Kumar Varma (2024-30) (2024-2030),PRADIP KUMAR VARMA,RS_PRADIP KUMAR VARMA,,Elected MP,Purchase of vans and buses for educational institutions,Normal/Others,Normal/Others,,"Provision of one school vehicle (bus) to Uma Nalini Brahma Saraswati Vidya Mandir, Kunda, affiliated with Vidya Vikas Samiti, a registered institution in Jharkhand, under Deoghar District.","Provision of one school vehicle (bus) to Uma Nalini Brahma Saraswati Vidya Mandir, Kunda, affiliated with Vidya Vikas Samiti, a registered institution in Jharkhand, under Deoghar District.",2025-10-09 00:00:00,,,2600000.0,,,,,recommended,missing_parseable_work_id,synthetic,wk_7d1f28ce8c92
wk_7d421e0b6cbd,,RS,Bihar,Bihar,Vaishali,VAISHALI(DISTRICT PLANNING OFFICER VAISHALI_IDA),VAISHALI,Shri Sanjay Yadav (2024-30) (2024-2030),SANJAY YADAV,RS_SANJAY YADAV,,Elected MP,Construction of common work sheds/ common covered sitting area,Normal/Others,Normal/Others,,Construction of a twelve-foot high roofed platform with a hand pump on the government land available in Veerpur Panchayat under Raghopur Block.,Construction of a twelve-foot high roofed platform with a hand pump on the government land available in Veerpur Panchayat under Raghopur Block.,2025-09-02 00:00:00,,,1499000.0,,,,,recommended,missing_parseable_work_id,synthetic,wk_7d421e0b6cbd
wk_7df65505c894,,RS,Tamil Nadu,Tamil Nadu,Thiruvallur,THIRUVALLUR(DISTRICT COLLECTOR TIRUVALLUR_IDA),THIRUVALLUR,Shri R. Girirajan (2022-28) (2022-2028),R GIRIRAJAN,RS_R GIRIRAJAN,,Elected MP,Lighting of public spaces,Normal/Others,Normal/Others,,"Installation of a solar LED high-mast light (9 meters high, 100 watts (6 units)) in Kollur village, Eliyambedu Panchayat, Minjur Union, Ponneri constituency, Thiruvallur district.","Installation of a solar LED high-mast light (9 meters high, 100 watts (6 units)) in Kollur village, Eliyambedu Panchayat, Minjur Union, Ponneri constituency, Thiruvallur district.",2026-01-21 00:00:00,,,550000.0,,,,,recommended,missing_parseable_work_id,synthetic,wk_7df65505c894
wk_7e443aca1aed,,RS,Tamil Nadu,Tamil Nadu,Tirunelveli,TIRUNELVELI(DISTRICT COLLECTOR TIRUNELVELI_IDA),TIRUNELVELI,Shri I.S. Inbadurai (2025-31) (2025-2031),I S INBADURAI,RS_I S INBADURAI,,Elected MP,Street lights,Normal/Others,Normal/Others,,"Providing of 12 Meter High-mast Light pole with 150W Solar light arrangements in Ward No. 19, on the road leading to the Kallarai Thottam, in front of Seriacks house in Kootappuli Village in Levinjipuram Panchayat at Valliyoor Panchayat Union.","Providing of 12 Meter High-mast Light pole with 150W Solar light arrangements in Ward No. 19, on the road leading to the Kallarai Thottam, in front of Seriacks house in Kootappuli Village in Levinjipuram Panchayat at Valliyoor Panchayat Union.",2025-12-23 00:00:00,,,750000.0,,,,,recommended,missing_parseable_work_id,synthetic,wk_7e443aca1aed
wk_7ed23580b2ed,,LS,Madhya Pradesh,Madhya Pradesh,Raisen,RAISEN(DISTRICT COLLECTOR RAISEN_IDA),RAISEN,DARSHAN SINGH CHOUDHARY,DARSHAN SINGH CHOUDHARY,LS_DARSHAN SINGH CHOUDHARY,HOSHANGABAD,,Purchase of sports equipment,Normal/Others,Normal/Others,,"gram panchayat silari kalan need a kabddi mate for the gram panchayat for the kabaddi palyer living at village. contact person rahul kaurav, mobile no 8815562190","gram panchayat silari kalan need a kabddi mate for the gram panchayat for the kabaddi palyer living at village. contact person rahul kaurav, mobile no 8815562190",2024-12-19 00:00:00,,,105000.0,,,,,recommended,missing_parseable_work_id,synthetic,wk_7ed23580b2ed
wk_7ede12a6edc9,,RS,Karnataka,Karnataka,Ballari,BALLARI(DEPUTY COMMISSIONER BELLARY_IDA),BALLARI,Shri Narayanasa K. Bhandage (2024-30) (2024-2030),NARAYANASA K BHANDAGE,RS_NARAYANASA K BHANDAGE,,Elected MP,Construction of buildings for community cultural activities,Trust and Society,Trust and Society,,Construction of Building for Cultural activities.,Construction of Building for Cultural activities.,2025-04-28 00:00:00,,,500000.0,,,,,recommended,missing_parseable_work_id,synthetic,wk_7ede12a6edc9
wk_7ee717fdea88,,RS,Odisha,Odisha,Puri,PURI(DISTRICT COLLECTOR PURI_IDA),PURI,Shri Subhasish Khuntia (2024-30) (2024-2030),SUBHASISH KHUNTIA,RS_SUBHASISH KHUNTIA,,Elected MP,Construction of community centers and community halls,Normal/Others,Normal/Others,,Construction of Community Center at Bhudimaa Unnayana Samiti.,Construction of Community Center at Bhudimaa Unnayana Samiti.,2025-08-25 00:00:00,,,700000.0,,,,,recommended,missing_parseable_work_id,synthetic,wk_7ee717fdea88
wk_7ef6605e035f,,RS,Tamil Nadu,Tamil Nadu,Cuddalore,CUDDALORE(DISTRICT COLLECTOR CUDDALORE_IDA),CUDDALORE,Shri R. Girirajan (2022-28) (2022-2028),R GIRIRAJAN,RS_R GIRIRAJAN,,Elected MP,Lighting of public spaces,Normal/Others,Normal/Others,,"Providing Highmast light @ near Mariyamman Koil street, SC Area, Sirupakkam Panchayat in Cuddlore","Providing Highmast light @ near Mariyamman Koil street, SC Area, Sirupakkam Panchayat in Cuddlore",2023-12-27 00:00:00,,,450000.0,,,,,recommended,missing_parseable_work_id,synthetic,wk_7ef6605e035f
wk_7f3c00e94dd9,,RS,Uttarakhand,Uttarakhand,Uttarkashi,Uttarkashi(DISTRICT COLLECTOR UTTARKASHI_IDA),UTTARKASHI,Shri Mahendra Bhatt (2024-30) (2024-2030),MAHENDRA BHATT,RS_MAHENDRA BHATT,,Elected MP,Improvement of electricity distribution infrastructure,Normal/Others,Normal/Others,,Vikash Khnad Mori Uttarkashi ke gram nanai ke petiyana tok me shri amit bhawani ke pratishthan ke pas ke vidhyut line shift karne ka karya karyadai sansth- vidhyutvitrankhand badkot,Vikash Khnad Mori Uttarkashi ke gram nanai ke petiyana tok me shri amit bhawani ke pratishthan ke pas ke vidhyut line shift karne ka karya karyadai sansth- vidhyutvitrankhand badkot,2025-02-17 00:00:00,,,150000.0,,,,,recommended,missing_parseable_work_id,synthetic,wk_7f3c00e94dd9
wk_7f4309beccb9,,RS,Karnataka,Karnataka,Chikkamagaluru,CHIKKAMAGALURU(DEPUTY COMMISSIONER CHIKMAGALUR),CHIKKAMAGALURU,Shri Jairam Ramesh (2022-28) (2022-2028),JAIRAM RAMESH,RS_JAIRAM RAMESH,,Elected MP,"Construction of roads, link roads, pathways or any other road with or without drainage system",Normal/Others,Normal/Others,,Road Vishwasa Nagara Chikkamagaluru City,Road Vishwasa Nagara Chikkamagaluru City,2025-02-28 00:00:00,,,800000.0,,,,,recommended,missing_parseable_work_id,synthetic,wk_7f4309beccb9
wk_7f7069a753fb,,RS,Puducherry,Puducherry,Puducherry,Puducherry(PROJECT DIRECTOR RDA PUDUCHERRY_IDA),PUDUCHERRY,Shri S. Selvaganabathy (2021-27) (2021-2027),S SELVAGANABATHY,RS_S SELVAGANABATHY,,Elected MP,Purchase Books for Library,Normal/Others,Normal/Others,,"""Arikkamedu' Written by A. Ramadass & M.P. Raman @ Ramanuiam","""Arikkamedu' Written by A. Ramadass & M.P. Raman @ Ramanuiam",2024-09-30 00:00:00,,,150000.0,,,,,recommended,missing_parseable_work_id,synthetic,wk_7f7069a753fb
wk_7f72c6f7f107,,RS,Assam,Assam,Sribhumi,"Sribhumi(Deputy Commissioner , Karimganj)",SRIBHUMI,Shri Kanad Purkayastha (2025-31) (2025-2031),KANAD PURKAYASTHA,RS_KANAD PURKAYASTHA,,Elected MP,Construction of stadiums,Repair and Renovation,Repair and Renovation,,"Renovation of old office building of DSA Sribhumi, Sribhumi","Renovation of old office building of DSA Sribhumi, Sribhumi",2025-11-20 00:00:00,,,1500000.0,,,,,recommended,missing_parseable_work_id,synthetic,wk_7f72c6f7f107
wk_7fed7f00f72f,,LS,Uttar Pradesh,Uttar Pradesh,Muzaffarnagar,MUZAFFARNAGAR(DISTRICT MAGISTRATE MUZAFFARNAGAR_IDA),MUZAFFARNAGAR,CHANDAN CHAUHAN,CHANDAN CHAUHAN,LS_CHANDAN CHAUHAN,BIJNOR,,Improvement of electricity distribution infrastructure,Normal/Others,Normal/Others,,Transformer end line has to be installed near the water tank in village Tevra,Transformer end line has to be installed near the water tank in village Tevra,2024-12-17 00:00:00,,,175000.0,,,,,recommended,missing_parseable_work_id,synthetic,wk_7fed7f00f72f
wk_800f8477c404,,RS,Goa,Goa,North Goa,NORTH GOA(DISTRICT COLLECTOR NORTH GOA_IDA),NORTH GOA,Shri Sadanand Mhalu Shet Tanavade (2023-29) (2023-2029),SADANAND MHALU SHET TANAVADE,RS_SADANAND MHALU SHET TANAVADE,,Elected MP,Crematoriums/energy efficient crematoriums or structures on burial/cremation ground,Normal/Others,Normal/Others,,"Construction of Crematorium in Survey Number 64 11 A of Sarvan Karapur-Sarvan Village Panchayat in Bicholim taluka, North Goa.","Construction of Crematorium in Survey Number 64 11 A of Sarvan Karapur-Sarvan Village Panchayat in Bicholim taluka, North Goa.",2025-09-23 00:00:00,,,4848039.0,,,,,recommended,missing_parseable_work_id,synthetic,wk_800f8477c404
wk_8013bab4e995,,RS,Odisha,Odisha,Puri,PURI(DISTRICT COLLECTOR PURI_IDA),PURI,Shri Subhasish Khuntia (2024-30) (2024-2030),SUBHASISH KHUNTIA,RS_SUBHASISH KHUNTIA,,Elected MP,Construction of community centers and community halls,Normal/Others,Normal/Others,,Construction of Community Center of Puri District Kharuda Kalyana Parisada.,Construction of Community Center of Puri District Kharuda Kalyana Parisada.,2025-08-25 00:00:00,,,500000.0,,,,,recommended,missing_parseable_work_id,synthetic,wk_8013bab4e995
wk_80304be2bfbc,,RS,Jharkhand,Jharkhand,Giridih,GIRIDIH(Deputy Commissioner Giridh_IDA),GIRIDIH,Dr. Sarfraz Ahmad (2024-30) (2024-2030),SARFRAZ AHMAD,RS_SARFRAZ AHMAD,,Elected MP,Construction of public toilets and bathrooms,Normal/Others,Normal/Others,,Construction of a toilet and ablution room near the mosque in Mandatand village of Madhwadih Panchayat under Gandey Block.,Construction of a toilet and ablution room near the mosque in Mandatand village of Madhwadih Panchayat under Gandey Block.,2025-09-18 00:00:00,,,250000.0,,,,,recommended,missing_parseable_work_id,synthetic,wk_80304be2bfbc
wk_8038093bb3e5,,RS,Kerala,Kerala,Palakkad,PALAKKAD(DISTRICT COLLECTOR PALAKKAD_IDA),PALAKKAD,Shri Abdul Wahab (2021-27) (2021-2027),ABDUL WAHAB,RS_ABDUL WAHAB,,Elected MP,"Construction of roads, link roads, pathways or any other road with or without drainage system",Normal/Others,Normal/Others,,"Construction of Changaleeri Chappittarachi road or pathway, Ward No. 6, Karimpuzha Panchayat","Construction of Changaleeri Chappittarachi road or pathway, Ward No. 6, Karimpuzha Panchayat",2025-10-21 00:00:00,,,500000.0,,,,,recommended,missing_parseable_work_id,synthetic,wk_8038093bb3e5
wk_8072d3f47fe7,,RS,Assam,Assam,Baksa,BAKSA(DEPUTY COMMISSIONER BAKSA_IDA),BAKSA,Shri Rwngwra Narzary (2022-28) (2022-2028),RWNGWRA NARZARY,RS_RWNGWRA NARZARY,,Elected MP,Construction of culverts and bridges,Normal/Others,Normal/Others,,"Construction of RCC Box Culvert at Jakhilirpar village under Uttar Howly VCDC, Gabardhana Dev. Block, Salbari Sub-Division.","Construction of RCC Box Culvert at Jakhilirpar village under Uttar Howly VCDC, Gabardhana Dev. Block, Salbari Sub-Division.",2024-06-17 00:00:00,,,500000.0,,,,,recommended,missing_parseable_work_id,synthetic,wk_8072d3f47fe7
wk_80987748a6bc,,LS,Maharashtra,Maharashtra,Dharashiv,Dharashiv(DISTRICT COLLECTOR OSMANABAD_IDA),DHARASHIV,Omprakash Bhupalsinh Alias Pawan Rajenimbalkar,OMPRAKASH BHUPALSINH ALIAS PAWAN RAJENIMBALKAR,LS_OMPRAKASH BHUPALSINH ALIAS PAWAN RAJENIMBALKAR,OSMANABAD,,Construction of foot over bridge (FOB),Normal/Others,Normal/Others,,Construction of foot over bridge (FOB) patil wasti Bhanasgaon ta. Dharashiv,Construction of foot over bridge (FOB) patil wasti Bhanasgaon ta. Dharashiv,2024-10-11 00:00:00,,,1000000.0,,,,,recommended,missing_parseable_work_id,synthetic,wk_80987748a6bc
wk_80bfd423dafa,,RS,Uttarakhand,Uttarakhand,Nainital,NAINITAL(DISTRICT MAGISTRATE NAINITAL_IDA),NAINITAL,Shri Mahendra Bhatt (2024-30) (2024-2030),MAHENDRA BHATT,RS_MAHENDRA BHATT,,Elected MP,Purchase of books and periodicals for libraries/digitization of library books,Normal/Others,Normal/Others,,"Uttaranchal uthan parishad dwara sanchalit teekaram gopaldutt sewa deep niketan pustakayal dohniya kotabag ko adhunik suvidhaon se susjjit rarne hetu, Karyadai sanstha- Vikash Khand Kotabag","Uttaranchal uthan parishad dwara sanchalit teekaram gopaldutt sewa deep niketan pustakayal dohniya kotabag ko adhunik suvidhaon se susjjit rarne hetu, Karyadai sanstha- Vikash Khand Kotabag",2025-08-07 00:00:00,,,2000000.0,,,,,recommended,missing_parseable_work_id,synthetic,wk_80bfd423dafa
wk_80c25a021c30,,LS,Uttar Pradesh,Uttar Pradesh,Auraiya,AURAIYA(DISTRICT MAGISTRATE AURAIYA_IDA),AURAIYA,AKHILESH YADAV,AKHILESH YADAV,LS_AKHILESH YADAV,KANNAUJ,,Lighting of public spaces,Normal/Others,Normal/Others,,"Installation work of a solar power light near the house of Shri Salman, son of Idrish Khan, village and post Badhin Bidhuna, district Auraiya. By-Shri Tyagi Yadav 9457369650","Installation work of a solar power light near the house of Shri Salman, son of Idrish Khan, village and post Badhin Bidhuna, district Auraiya. By-Shri Tyagi Yadav 9457369650",2024-12-10 00:00:00,,,15500.0,,,,,recommended,missing_parseable_work_id,synthetic,wk_80c25a021c30
wk_80d5f75c2948,,RS,Jammu And Kashmir,Jammu And Kashmir,Poonch,POONCH(Deputy Commissioner Poonch_IDA),POONCH,Shri Gulam Ali (2022-28) (2022-2028),GULAM ALI,RS_GULAM ALI,,Nominated MP,Installing hand pumps,Normal/Others,Normal/Others,,INSTALLATION OF HAND PUMP AT VILLAGE NAKA MANJHARI UPPER WARD NO 2 TEHSIL MENDHAR,INSTALLATION OF HAND PUMP AT VILLAGE NAKA MANJHARI UPPER WARD NO 2 TEHSIL MENDHAR,2026-01-11 00:00:00,,,300000.0,,,,,recommended,missing_parseable_work_id,synthetic,wk_80d5f75c2948
wk_80dbfc2058d2,,LS,Karnataka,Karnataka,Kodagu,KODAGU(Deputy Commsioner Kodagu_ida),KODAGU,YADUVEER KRISHNADATTA CHAMARAJA WADIYAR,YADUVEER KRISHNADATTA CHAMARAJA WADIYAR,LS_YADUVEER KRISHNADATTA CHAMARAJA WADIYAR,MYSORE,,"Construction of flood control embankments/ protection walls along riverbanks, hilltops, roadsides",Normal/Others,Normal/Others,,Construction of Retaining wall to flood control.,Construction of Retaining wall to flood control.,2024-12-21 00:00:00,,,400000.0,,,,,recommended,missing_parseable_work_id,synthetic,wk_80dbfc2058d2
wk_812cc34faceb,,LS,Kerala,Kerala,Alappuzha,ALAPPUZHA(DISTRICT COLLECTOR ALAPPUZHA_IDA),ALAPPUZHA,K. C VENUGOPAL,K C VENUGOPAL,LS_K C VENUGOPAL,ALAPPUZHA,,Construction of buildings for crèches and anganwadies,Normal/Others,Normal/Others,,Construction of a building for Anganwadi in ward 16 of alappuzha Municipality,Construction of a building for Anganwadi in ward 16 of alappuzha Municipality,2024-09-06 00:00:00,,,1500000.0,,,,,recommended,missing_parseable_work_id,synthetic,wk_812cc34faceb
wk_812f0ac68ffc,,RS,Kerala,Kerala,Thiruvananthapuram,THIRUVANANTHAPURAM(DISTRICT COLLECTOR THIRUVANANTHAPURAM_IDA),THIRUVANANTHAPURAM,Shri Jose K. Mani (2024-30) (2024-2030),JOSE K MANI,RS_JOSE K MANI,,Elected MP,"Construction of roads, link roads, pathways or any other road with or without drainage system",Normal/Others,Normal/Others,,Construction of Interlock work at Mannarkunnu Road Cat SC,Construction of Interlock work at Mannarkunnu Road Cat SC,2026-01-08 00:00:00,,,1000000.0,,,,,recommended,missing_parseable_work_id,synthetic,wk_812f0ac68ffc
wk_815b7725a5e6,,RS,Maharashtra,Maharashtra,Nanded,NANDED(DISTRICT COLLECTOR NANDED_IDA),NANDED,Shri Ashokrao Shankarrao Chavan (2024-30) (2024-2030),ASHOKRAO SHANKARRAO CHAVAN,RS_ASHOKRAO SHANKARRAO CHAVAN,,Elected MP,"Construction of roads, link roads, pathways or any other road with or without drainage system",Normal/Others,Normal/Others,,"Mauje Kolha, Taluka Mudkhed, District Nanded at Zilla Parishad School to Mahadev Mandir C.C. road construction","Mauje Kolha, Taluka Mudkhed, District Nanded at Zilla Parishad School to Mahadev Mandir C.C. road construction",2024-12-15 00:00:00,,,1000000.0,,,,,recommended,missing_parseable_work_id,synthetic,wk_815b7725a5e6
wk_81960ab45319,,RS,Maharashtra,Maharashtra,Nanded,NANDED(DISTRICT COLLECTOR NANDED_IDA),NANDED,Dr. Ajeet Madhavrao Gopchade (2024-30) (2024-2030),AJEET MADHAVRAO GOPCHADE,RS_AJEET MADHAVRAO GOPCHADE,,Elected MP,"Construction of roads, link roads, pathways or any other road with or without drainage system",Normal/Others,Normal/Others,,Construction of CC Road from House of Piraji Nagorao Gaikwad to the House of Gaubai Sankar Sonkamble in SC area of Dugaon Tq. Biloli Dist. Nanded,Construction of CC Road from House of Piraji Nagorao Gaikwad to the House of Gaubai Sankar Sonkamble in SC area of Dugaon Tq. Biloli Dist. Nanded,2025-10-24 00:00:00,,,1000000.0,,,,,recommended,missing_parseable_work_id,synthetic,wk_81960ab45319
wk_81abd3e5c972,,RS,Kerala,Kerala,Thiruvananthapuram,THIRUVANANTHAPURAM(DISTRICT COLLECTOR THIRUVANANTHAPURAM_IDA),THIRUVANANTHAPURAM,Shri P. P. Suneer (2024-30) (2024-2030),P P SUNEER,RS_P P SUNEER,,Elected MP,"Purchase of ambulances (Four, three and two wheelers)",Normal/Others,Normal/Others,,"Purchase of Advance Life Support Ambulance (ICU Ambulance) for Regional Cancer Centre,Trivandrum","Purchase of Advance Life Support Ambulance (ICU Ambulance) for Regional Cancer Centre,Trivandrum",2025-09-15 00:00:00,,,4000000.0,,,,,recommended,missing_parseable_work_id,synthetic,wk_81abd3e5c972
wk_81b6fd226645,,RS,Madhya Pradesh,Madhya Pradesh,Ujjain,UJJAIN(DISTRICT COLLECTOR UJJAIN_IDA),UJJAIN,Shri Balyogi Umeshnath (2024-30) (2024-2030),BALYOGI UMESHNATH,RS_BALYOGI UMESHNATH,,Elected MP,Construction of community centers and community halls,Normal/Others,Normal/Others,,Nagda sarve no 436 ward no 10 chandrashekhar azad marg me samudayik bhawan nirman,Nagda sarve no 436 ward no 10 chandrashekhar azad marg me samudayik bhawan nirman,2025-08-29 00:00:00,,,1300000.0,,,,,recommended,missing_parseable_work_id,synthetic,wk_81b6fd226645
wk_81cfe2077da0,,RS,Odisha,Odisha,Khordha,KHORDHA(DISTRICT COLLECTOR KHORDHA_IDA),KHORDHA,Shri Manas Ranjan Mangaraj (2022-28) (2022-2028),MANAS RANJAN MANGARAJ,RS_MANAS RANJAN MANGARAJ,,Elected MP,Renovation of ponds and lakes,Repair and Renovation,Repair and Renovation,,Renovation of Pond near Kapileswar Temple in Dia village.,Renovation of Pond near Kapileswar Temple in Dia village.,2025-05-15 00:00:00,,,500000.0,,,,,recommended,missing_parseable_work_id,synthetic,wk_81cfe2077da0
wk_81fe5fea274d,,RS,Karnataka,Karnataka,Chikkamagaluru,CHIKKAMAGALURU(DEPUTY COMMISSIONER CHIKMAGALUR),CHIKKAMAGALURU,Shri Jairam Ramesh (2022-28) (2022-2028),JAIRAM RAMESH,RS_JAIRAM RAMESH,,Elected MP,Construction of community centers and community halls,Normal/Others,Normal/Others,,Construction of Community Hall at Begur Village Thandya Village Panchayath Tarikere Tq,Construction of Community Hall at Begur Village Thandya Village Panchayath Tarikere Tq,2025-02-28 00:00:00,,,1000000.0,,,,,recommended,missing_parseable_work_id,synthetic,wk_81fe5fea274d
wk_823416c6bcaf,,LS,Delhi,Delhi,Central,CENTRAL(COMMISSIONER MCD (CENTRAL DISTRICT)),CENTRAL,Bansuri Swaraj,BANSURI SWARAJ,LS_BANSURI SWARAJ,NEW DELHI,,"Construction of roads, link roads, pathways or any other road with or without drainage system",Normal/Others,Normal/Others,,Construction of road,Construction of road,2024-11-16 00:00:00,,,565600.0,,,,,recommended,missing_parseable_work_id,synthetic,wk_823416c6bcaf
wk_8271881b4c8a,,RS,Odisha,Odisha,Mayurbhanj,MAYURBHANJ(DISTRICT COLLECTOR MAYURBHANJ_IDA),MAYURBHANJ,Smt. Sulata Deo (2022-28) (2022-2028),SULATA DEO,RS_SULATA DEO,,Elected MP,"Construction of roads, link roads, pathways or any other road with or without drainage system",Normal/Others,Normal/Others,,Repairing of CC Road from Arapata Hanuman Chhaka to Kalyan Mandap at Arapata Badashai Block Village Arapata GP Madhapur ITDA Baripada,Repairing of CC Road from Arapata Hanuman Chhaka to Kalyan Mandap at Arapata Badashai Block Village Arapata GP Madhapur ITDA Baripada,2025-05-29 00:00:00,,,250000.0,,,,,recommended,missing_parseable_work_id,synthetic,wk_8271881b4c8a
wk_8273b5cbf8ae,,RS,Assam,Assam,Sivasagar,SIVASAGAR(Deputy Commissioner Sivsagar_IDA),SIVASAGAR,Shri Pabitra Margherita (2022-28) (2022-2028),PABITRA MARGHERITA,RS_PABITRA MARGHERITA,,Elected MP,Construction of community centers and community halls,Normal/Others,Normal/Others,,CONSTRUCTION OF GAHORI CHORA DOWARAH GAON SANSKRITIK KENDRA,CONSTRUCTION OF GAHORI CHORA DOWARAH GAON SANSKRITIK KENDRA,2026-01-27 00:00:00,,,250000.0,,,,,recommended,missing_parseable_work_id,synthetic,wk_8273b5cbf8ae
wk_827cbbdc8cfe,,RS,Uttar Pradesh,Uttar Pradesh,Budaun,BUDAUN(DISTRICT MAGISTRATE BUDAUN_IDA),BUDAUN,Shri B.L. Verma (2020-26) (2020-2026),B L VERMA,RS_B L VERMA,,Elected MP,Construction of rooms and halls in school and colleges,Normal/Others,Normal/Others,,"construction of rooms in Asharfi Devi Girls Inter College, Ujhani.","construction of rooms in Asharfi Devi Girls Inter College, Ujhani.",2024-10-02 00:00:00,,,1000000.0,,,,,recommended,missing_parseable_work_id,synthetic,wk_827cbbdc8cfe
wk_8290fdd4eea8,,LS,Jammu And Kashmir,Jammu And Kashmir,Ramban,RAMBAN(Deputy Commissioner Ramban_IDA),RAMBAN,Jitendra Singh,JITENDRA SINGH,LS_JITENDRA SINGH,UDHAMPUR,,Installing hand pumps,Normal/Others,Normal/Others,,"New installation of hand pump near the house of Abdul Gani , Imtiyaz Ahmed and others ,ward no. 7, pyt. Nagam , Village -Pahalpora, Banihal, Ramban","New installation of hand pump near the house of Abdul Gani , Imtiyaz Ahmed and others ,ward no. 7, pyt. Nagam , Village -Pahalpora, Banihal, Ramban",2024-12-19 00:00:00,,,200000.0,,,,,recommended,missing_parseable_work_id,synthetic,wk_8290fdd4eea8
wk_82ab47e4a21b,,RS,Bihar,Bihar,Vaishali,VAISHALI(DISTRICT PLANNING OFFICER VAISHALI_IDA),VAISHALI,Shri Sanjay Yadav (2024-30) (2024-2030),SANJAY YADAV,RS_SANJAY YADAV,,Elected MP,Construction of community centers and community halls,Normal/Others,Normal/Others,,"Construction of a community building on the available land in Rahimpur Panchayat under Bidupur block, including one borewell with hand pump, one toilet, two urinals, one room (12 x 10), and one large hall.","Construction of a community building on the available land in Rahimpur Panchayat under Bidupur block, including one borewell with hand pump, one toilet, two urinals, one room (12 x 10), and one large hall.",2025-09-27 00:00:00,,,1499000.0,,,,,recommended,missing_parseable_work_id,synthetic,wk_82ab47e4a21b
wk_82db2c5cf7c8,,RS,Tamil Nadu,Tamil Nadu,Thiruvallur,THIRUVALLUR(DISTRICT COLLECTOR TIRUVALLUR_IDA),THIRUVALLUR,Shri R. Girirajan (2022-28) (2022-2028),R GIRIRAJAN,RS_R GIRIRAJAN,,Elected MP,Lighting of public spaces,Normal/Others,Normal/Others,,"Installation of mini-mast streetlights, 9 meters high, 150 W (6 units) at the Hindu Primary School junction, Vaidheeswaran Kovil Street, Poonamallee town, Poonamallee Assembly Constituency, Thiruvallur District.","Installation of mini-mast streetlights, 9 meters high, 150 W (6 units) at the Hindu Primary School junction, Vaidheeswaran Kovil Street, Poonamallee town, Poonamallee Assembly Constituency, Thiruvallur District.",2026-01-21 00:00:00,,,300000.0,,,,,recommended,missing_parseable_work_id,synthetic,wk_82db2c5cf7c8
wk_82fb823a4ede,,RS,Odisha,Odisha,Puri,PURI(DISTRICT COLLECTOR PURI_IDA),PURI,Shri Subhasish Khuntia (2024-30) (2024-2030),SUBHASISH KHUNTIA,RS_SUBHASISH KHUNTIA,,Elected MP,Construction of community centers and community halls,Normal/Others,Normal/Others,,Construction of Sidheswar Community Center at Balagaldi.,Construction of Sidheswar Community Center at Balagaldi.,2025-09-26 00:00:00,,,300000.0,,,,,recommended,missing_parseable_work_id,synthetic,wk_82fb823a4ede
wk_83061142f9c0,,RS,Odisha,Odisha,Kataka,Kataka(DISTRICT COLLECTOR CUTTACK_IDA),KATAKA,Shri Manas Ranjan Mangaraj (2022-28) (2022-2028),MANAS RANJAN MANGARAJ,RS_MANAS RANJAN MANGARAJ,,Elected MP,Construction of public irrigation facilities,Normal/Others,Normal/Others,,Extension of Pipiline for public irrigation facility in Madala Panipanchayat.,Extension of Pipiline for public irrigation facility in Madala Panipanchayat.,2025-09-13 00:00:00,,,950000.0,,,,,recommended,missing_parseable_work_id,synthetic,wk_83061142f9c0
wk_832095e5bcc9,,RS,Jharkhand,Jharkhand,Ranchi,RANCHI(DEPUTY COMMISSIONER RANCHI_IDA),RANCHI,Smt. Mahua Maji (2022-28) (2022-2028),MAHUA MAJI,RS_MAHUA MAJI,,Elected MP,Development of playfields and sports grounds,Normal/Others,Normal/Others,,Installation of RCC Bench In Different area of Ranchi urban area.,Installation of RCC Bench In Different area of Ranchi urban area.,2025-05-28 00:00:00,,,500000.0,,,,,recommended,missing_parseable_work_id,synthetic,wk_832095e5bcc9
wk_83a042857b02,,LS,Kerala,Kerala,Alappuzha,ALAPPUZHA(DISTRICT COLLECTOR ALAPPUZHA_IDA),ALAPPUZHA,K. C VENUGOPAL,K C VENUGOPAL,LS_K C VENUGOPAL,ALAPPUZHA,,"Construction of roads, link roads, pathways or any other road with or without drainage system",Normal/Others,Normal/Others,,Construction of a road in the 8th ward of Thuravoor GP (Maniyambally – Karappanthy) (SCP),Construction of a road in the 8th ward of Thuravoor GP (Maniyambally – Karappanthy) (SCP),2024-10-22 00:00:00,,,1404000.0,,,,,recommended,missing_parseable_work_id,synthetic,wk_83a042857b02
wk_83a90a82269f,,LS,West Bengal,West Bengal,North 24 Parganas,North 24 Parganas(DISTRICT MAGISTRATE NORTH TWENTY FOUR PARGANAS_IDA),NORTH 24 PARGANAS,Kakoli Ghosh Dastidar,KAKOLI GHOSH DASTIDAR,LS_KAKOLI GHOSH DASTIDAR,BARASAT,,Installing community drinking water plants,Normal/Others,Normal/Others,,Arsenic free drinking water,Arsenic free drinking water,2024-09-15 00:00:00,,,150000.0,,,,,recommended,missing_parseable_work_id,synthetic,wk_83a90a82269f
wk_84152876346a,,LS,Gujarat,Gujarat,Dahod,Dahod(DISTRICT COLLECTOR DOHAD_IDA),DAHOD,Jaswantsinh Sumanbhai Bhabhor,JASWANTSINH SUMANBHAI BHABHOR,LS_JASWANTSINH SUMANBHAI BHABHOR,DAHOD(ST),,Construction of buildings for community cultural activities,Normal/Others,Normal/Others,,bavka game sarve number 454 ma samajghar nu kam,bavka game sarve number 454 ma samajghar nu kam,2024-09-20 00:00:00,,,2500000.0,,,,,recommended,missing_parseable_work_id,synthetic,wk_84152876346a
wk_84a3d7b46761,,RS,Goa,Goa,North Goa,NORTH GOA(DISTRICT COLLECTOR NORTH GOA_IDA),NORTH GOA,Shri Sadanand Mhalu Shet Tanavade (2023-29) (2023-2029),SADANAND MHALU SHET TANAVADE,RS_SADANAND MHALU SHET TANAVADE,,Elected MP,"Purchase of ambulances (Four, three and two wheelers)",Normal/Others,Normal/Others,,"Ambulance for Village Panchayat Reis-Magos, Reis-Magos, Bardez, North Goa.","Ambulance for Village Panchayat Reis-Magos, Reis-Magos, Bardez, North Goa.",2026-01-15 00:00:00,,,1957875.0,,,,,recommended,missing_parseable_work_id,synthetic,wk_84a3d7b46761
wk_84d487a79217,,RS,Telangana,Telangana,Adilabad,ADILABAD(DISTRICT COLLECTOR ADILABAD_IDA),ADILABAD,Shri Ravi Chandra Vaddiraju (2024-30) (2024-2030),RAVI CHANDRA VADDIRAJU,RS_RAVI CHANDRA VADDIRAJU,,Elected MP,Construction of additional rooms and halls in the existing public and community building,Normal/Others,Normal/Others,,"Construction of Extra Floor on Existing Community Hall at Sonala (V), Boath(M), Adilabad District.","Construction of Extra Floor on Existing Community Hall at Sonala (V), Boath(M), Adilabad District.",2024-10-21 00:00:00,,,1000000.0,,,,,recommended,missing_parseable_work_id,synthetic,wk_84d487a79217
wk_854278bb08e8,,RS,Tamil Nadu,Tamil Nadu,Chengalpattu,CHENGALPATTU(District Collector Chengalpattu_IDA),CHENGALPATTU,Shri R. Girirajan (2022-28) (2022-2028),R GIRIRAJAN,RS_R GIRIRAJAN,,Elected MP,Lighting of public spaces,Normal/Others,Normal/Others,,"Installation of a solar LED high-mast light (9 meters high, 100 watts (6 units) near the Athoor Eeswaran Temple, Kattankolathur Panchayat Union, Chengalpattu Assembly Constituency, Chengalpattu District.","Installation of a solar LED high-mast light (9 meters high, 100 watts (6 units) near the Athoor Eeswaran Temple, Kattankolathur Panchayat Union, Chengalpattu Assembly Constituency, Chengalpattu District.",2026-01-21 00:00:00,,,550000.0,,,,,recommended,missing_parseable_work_id,synthetic,wk_854278bb08e8
wk_8564f1ab1109,,RS,Tamil Nadu,Tamil Nadu,Ranipet,"Ranipet(District Collector, Ranipet_2)",RANIPET,Dr. M. Dhanapal (2025-31) (2025-2031),M DHANAPAL,RS_M DHANAPAL,,Elected MP,Lighting of public spaces,Normal/Others,Normal/Others,,"Supply and Erection of High-mast light at Palanipettai Gandhi Road, Ward No.30, Arakkonam Municipality","Supply and Erection of High-mast light at Palanipettai Gandhi Road, Ward No.30, Arakkonam Municipality",2025-12-30 00:00:00,,,750000.0,,,,,recommended,missing_parseable_work_id,synthetic,wk_8564f1ab1109
wk_85bc419aa101,,LS,Telangana,Telangana,Medchal Malkajgiri,MEDCHAL MALKAJGIRI(DISTRICT COLLECTOR MEDCHAL MALKAJGIRI_IDA),MEDCHAL MALKAJGIRI,EATALA RAJENDER,EATALA RAJENDER,LS_EATALA RAJENDER,MALKAJGIRI,,"Construction of roads, link roads, pathways or any other road with or without drainage system",Normal/Others,Normal/Others,,"Construction of CC Road from H No 30 70 32 3 Major DN Murthy House to H No 32 70 125 19 AM Chakravarthi House Plot No 7,8 to H No 32 70 125 53 Seva Bharathi Hostel at Bank Colony, Ward No 136, Neredmet, GHMC Circle 28, Medchal Malkajgiri District","Construction of CC Road from H No 30 70 32 3 Major DN Murthy House to H No 32 70 125 19 AM Chakravarthi House Plot No 7,8 to H No 32 70 125 53 Seva Bharathi Hostel at Bank Colony, Ward No 136, Neredmet, GHMC Circle 28, Medchal Malkajgiri District",2024-12-11 00:00:00,,,500000.0,,,,,recommended,missing_parseable_work_id,synthetic,wk_85bc419aa101
wk_85c24f3364a6,,RS,Maharashtra,Maharashtra,Pune,PUNE(DISTRICT COLLECTOR PUNE_IDA),PUNE,Dr. Medha Vishram Kulkarni (2024-30) (2024-2030),MEDHA VISHRAM KULKARNI,RS_MEDHA VISHRAM KULKARNI,,Elected MP,Construction of bus-sheds or bus-stops,Normal/Others,Normal/Others,,At Ward 9 Establishment of a bus stop at Baner Gaon UP Side,At Ward 9 Establishment of a bus stop at Baner Gaon UP Side,2025-11-26 00:00:00,,,1000000.0,,,,,recommended,missing_parseable_work_id,synthetic,wk_85c24f3364a6
wk_85ed4a4078fc,,RS,Assam,Assam,Sivasagar,SIVASAGAR(Deputy Commissioner Sivsagar_IDA),SIVASAGAR,Shri Pabitra Margherita (2022-28) (2022-2028),PABITRA MARGHERITA,RS_PABITRA MARGHERITA,,Elected MP,Construction of additional rooms and halls in the existing public and community building,Normal/Others,Normal/Others,,"CONSTRUCTION OF LALIM CHAPORI BAGHJAN JARADHARA RANGA MANCHA, BORUAH PUKHURI BAGHJAN GRANT","CONSTRUCTION OF LALIM CHAPORI BAGHJAN JARADHARA RANGA MANCHA, BORUAH PUKHURI BAGHJAN GRANT",2025-03-17 00:00:00,,,700000.0,,,,,recommended,missing_parseable_work_id,synthetic,wk_85ed4a4078fc
wk_860758326421,,RS,Telangana,Telangana,Hyderabad,HYDERABAD(DISTRICT COLLECTOR HYDERABAD_IDA),HYDERABAD,Shri Anil Kumar Yadav Mandadi (2024-30) (2024-2030),ANIL KUMAR YADAV MANDADI,RS_ANIL KUMAR YADAV MANDADI,,Elected MP,Construction of rooms and halls in school and colleges,Normal/Others,Normal/Others,,"Providing Infrastructure Facilities at Sundaiah Park , Baglingampally Musherabad Assembly Constituency","Providing Infrastructure Facilities at Sundaiah Park , Baglingampally Musherabad Assembly Constituency",2025-07-14 00:00:00,,,4500000.0,,,,,recommended,missing_parseable_work_id,synthetic,wk_860758326421
wk_86658aee1072,,RS,Odisha,Odisha,Puri,PURI(DISTRICT COLLECTOR PURI_IDA),PURI,Shri Subhasish Khuntia (2024-30) (2024-2030),SUBHASISH KHUNTIA,RS_SUBHASISH KHUNTIA,,Elected MP,Construction of community centers and community halls,Normal/Others,Normal/Others,,Construction of Harachandi Sahi Akhada Community Center.,Construction of Harachandi Sahi Akhada Community Center.,2025-08-25 00:00:00,,,500000.0,,,,,recommended,missing_parseable_work_id,synthetic,wk_86658aee1072
wk_867f55490e0f,,RS,Maharashtra,Maharashtra,Pune,PUNE(DISTRICT COLLECTOR PUNE_IDA),PUNE,Dr. Medha Vishram Kulkarni (2024-30) (2024-2030),MEDHA VISHRAM KULKARNI,RS_MEDHA VISHRAM KULKARNI,,Elected MP,Construction of bus-sheds or bus-stops,Normal/Others,Normal/Others,,Establishment of a bus stop at Pashan Naka UP,Establishment of a bus stop at Pashan Naka UP,2025-11-20 00:00:00,,,1000000.0,,,,,recommended,missing_parseable_work_id,synthetic,wk_867f55490e0f
wk_86e0ef1be26c,,RS,Haryana,Haryana,Hisar,HISAR(DEPUTY COMMISSIONER HISSAR_IDA),HISAR,Smt. Rekha Sharma (2024-28) (2024-2028),REKHA SHARMA,RS_REKHA SHARMA,,Elected MP,Improvement of electricity distribution infrastructure,Normal/Others,Normal/Others,,providing Dhani connection to sh Umed Singh So Sh Amar Singh village Panihar Dhani undersub Division Gangwa,providing Dhani connection to sh Umed Singh So Sh Amar Singh village Panihar Dhani undersub Division Gangwa,2025-11-13 00:00:00,,,167095.0,,,,,recommended,missing_parseable_work_id,synthetic,wk_86e0ef1be26c
wk_86e5cdf897fe,,LS,Odisha,Odisha,Rayagada,RAYAGADA(DISTRICT COLLECTOR RAYAGADA_IDA),RAYAGADA,Saptagiri Sankar Ulaka,SAPTAGIRI SANKAR ULAKA,LS_SAPTAGIRI SANKAR ULAKA,KORAPUT(ST),,"Construction of roads, link roads, pathways or any other road with or without drainage system",Normal/Others,Normal/Others,,Construction of Paver Block road at Saltu Krishna Street Bissamcuttack under Bissamcuttack Block,Construction of Paver Block road at Saltu Krishna Street Bissamcuttack under Bissamcuttack Block,2024-11-22 00:00:00,,,500000.0,,,,,recommended,missing_parseable_work_id,synthetic,wk_86e5cdf897fe
wk_8702db264af5,,RS,Kerala,Kerala,Kannur,KANNUR(DISTRICT COLLECTOR KANNUR_IDA),KANNUR,Dr. John Brittas (2021-27) (2021-2027),JOHN BRITTAS,RS_JOHN BRITTAS,,Elected MP,Installation of multi-gym equipment,Normal/Others,Normal/Others,,"Purchase/procurement of Gymnasium equipments for Family Health Centre,Udayagiri, Udayagiri Grama Panchayath","Purchase/procurement of Gymnasium equipments for Family Health Centre,Udayagiri, Udayagiri Grama Panchayath",2024-07-05 00:00:00,,,500000.0,,,,,recommended,missing_parseable_work_id,synthetic,wk_8702db264af5
wk_870a9c828c60,,LS,Karnataka,Karnataka,Belagavi,BELAGAVI(DEPUTY COMMISSIONER BELGAUM_IDA),BELAGAVI,PRIYANKA SATISH JARKIHOLI,PRIYANKA SATISH JARKIHOLI,LS_PRIYANKA SATISH JARKIHOLI,CHIKKODI,,Construction of bus-sheds or bus-stops,Normal/Others,Normal/Others,,construction of Bus Shelter at Alakhanur village Tq Raibag,construction of Bus Shelter at Alakhanur village Tq Raibag,2024-11-03 00:00:00,,,500000.0,,,,,recommended,missing_parseable_work_id,synthetic,wk_870a9c828c60
wk_870fe3319981,,RS,Kerala,Kerala,Alappuzha,ALAPPUZHA(DISTRICT COLLECTOR ALAPPUZHA_IDA),ALAPPUZHA,Shri Haris Beeran (2024-30) (2024-2030),HARIS BEERAN,RS_HARIS BEERAN,,Elected MP,Lighting of public spaces,Normal/Others,Normal/Others,,Installation of mini high-mast lights at Nainaarath Junction,Installation of mini high-mast lights at Nainaarath Junction,2025-06-01 00:00:00,,,250000.0,,,,,recommended,missing_parseable_work_id,synthetic,wk_870fe3319981
wk_8720da1c222e,,RS,Kerala,Kerala,Malappuram,MALAPPURAM(DISTRICT COLLECTOR MALAPPURAM_IDA),MALAPPURAM,Shri Abdul Wahab (2021-27) (2021-2027),ABDUL WAHAB,RS_ABDUL WAHAB,,Elected MP,Establishing public ground water recharging facilities,Normal/Others,Normal/Others,,"Irrigation Scheme at Kannankundu ST Colony, ward No.13, chaliyar Panchayat","Irrigation Scheme at Kannankundu ST Colony, ward No.13, chaliyar Panchayat",2025-03-11 00:00:00,,,1600000.0,,,,,recommended,missing_parseable_work_id,synthetic,wk_8720da1c222e
wk_875a62152d65,,RS,Maharashtra,Maharashtra,Pune,PUNE(DISTRICT COLLECTOR PUNE_IDA),PUNE,Dr. Medha Vishram Kulkarni (2024-30) (2024-2030),MEDHA VISHRAM KULKARNI,RS_MEDHA VISHRAM KULKARNI,,Elected MP,Construction of bus-sheds or bus-stops,Normal/Others,Normal/Others,,Ward 32 Establishment of a bus stop at Warje Malwadi Up.,Ward 32 Establishment of a bus stop at Warje Malwadi Up.,2025-11-26 00:00:00,,,1000000.0,,,,,recommended,missing_parseable_work_id,synthetic,wk_875a62152d65
wk_876766865946,,RS,Karnataka,Karnataka,Chikkamagaluru,CHIKKAMAGALURU(DEPUTY COMMISSIONER CHIKMAGALUR),CHIKKAMAGALURU,Shri Jairam Ramesh (2022-28) (2022-2028),JAIRAM RAMESH,RS_JAIRAM RAMESH,,Elected MP,Construction of buildings for crèches and anganwadies,Normal/Others,Normal/Others,,For construction of Compound wall at Kote Anganawadi centre.,For construction of Compound wall at Kote Anganawadi centre.,2023-09-04 00:00:00,,,250000.0,,,,,recommended,missing_parseable_work_id,synthetic,wk_876766865946
wk_877266986eda,,RS,Rajasthan,Rajasthan,Bharatpur,BHARATPUR(DISTRICT COLLECTOR BHARATPUR_IDA),BHARATPUR,Shri Randeep Singh Surjewala (2022-28) (2022-2028),RANDEEP SINGH SURJEWALA,RS_RANDEEP SINGH SURJEWALA,,Elected MP,"Construction of roads, link roads, pathways or any other road with or without drainage system",Normal/Others,Normal/Others,,"Construction of Bricks Road with drainage from Pratp Shop to Chamad onwards at Moloni, Weir","Construction of Bricks Road with drainage from Pratp Shop to Chamad onwards at Moloni, Weir",2025-07-31 00:00:00,,,1000000.0,,,,,recommended,missing_parseable_work_id,synthetic,wk_877266986eda
wk_878c39ad1924,,RS,Tamil Nadu,Tamil Nadu,Cuddalore,CUDDALORE(DISTRICT COLLECTOR CUDDALORE_IDA),CUDDALORE,Shri R. Girirajan (2022-28) (2022-2028),R GIRIRAJAN,RS_R GIRIRAJAN,,Elected MP,Lighting of public spaces,Normal/Others,Normal/Others,,Providing Highmast light @ near Bus stand Sirupakkam Panchayat in Cuddlore,Providing Highmast light @ near Bus stand Sirupakkam Panchayat in Cuddlore,2023-12-27 00:00:00,,,450000.0,,,,,recommended,missing_parseable_work_id,synthetic,wk_878c39ad1924
wk_878c3f43890c,,RS,Rajasthan,Rajasthan,Banswara,BANSWARA(DISTRICT COLLECTOR BANSWARA_IDA),BANSWARA,Shri Chunnilal Garasiya (2024-30) (2024-2030),CHUNNILAL GARASIYA,RS_CHUNNILAL GARASIYA,,Elected MP,Construction of community centers and community halls,Normal/Others,Normal/Others,,"Baradari construction work, near the house of Raju father Gautam, Bhura Timba Bada","Baradari construction work, near the house of Raju father Gautam, Bhura Timba Bada",2025-07-16 00:00:00,,,700000.0,,,,,recommended,missing_parseable_work_id,synthetic,wk_878c3f43890c
wk_8825aeb1df0c,,RS,Maharashtra,Maharashtra,Gondia,GONDIA(DISTRICT COLLECTOR GONDIA_IDA),GONDIA,Shri Praful Patel (2024-30) (2024-2030),PRAFUL PATEL,RS_PRAFUL PATEL,,Elected MP,Setting up crops conservation facilities,Normal/Others,Normal/Others,,Arjuni me manrega abhisharan yojna me krush mal godowan bandhakam,Arjuni me manrega abhisharan yojna me krush mal godowan bandhakam,2025-03-04 00:00:00,,,500000.0,,,,,recommended,missing_parseable_work_id,synthetic,wk_8825aeb1df0c
wk_882fcca21ee1,,LS,Maharashtra,Maharashtra,Chandrapur,CHANDRAPUR(DISTRICT COLLECTOR CHANDRAPUR_IDA),CHANDRAPUR,DHANORKAR PRATIBHA SURESH ALIAS BALUBHAU,DHANORKAR PRATIBHA SURESH ALIAS BALUBHAU,LS_DHANORKAR PRATIBHA SURESH ALIAS BALUBHAU,CHANDRAPUR,,Development of public parks,Normal/Others,Normal/Others,,??.??.??. ???????? ????? ????? ???? ???????? ?????? ???????? ?????? ?????? ????? ??????????? ????.,??.??.??. ???????? ????? ????? ???? ???????? ?????? ???????? ?????? ?????? ????? ??????????? ????.,2024-10-15 00:00:00,,,1000000.0,,,,,recommended,missing_parseable_work_id,synthetic,wk_882fcca21ee1
wk_888bdcfe21df,,RS,Tamil Nadu,Tamil Nadu,Thiruvallur,THIRUVALLUR(DISTRICT COLLECTOR TIRUVALLUR_IDA),THIRUVALLUR,Shri R. Girirajan (2022-28) (2022-2028),R GIRIRAJAN,RS_R GIRIRAJAN,,Elected MP,Lighting of public spaces,Normal/Others,Normal/Others,,"Installation of mini-mast lighting (9 meters high, 150 W, 6 units) at park junction in Ward 18 of Tiruvallur Municipality, Tiruvallur District, with a height of 9 meters and 150 W (6 units).","Installation of mini-mast lighting (9 meters high, 150 W, 6 units) at park junction in Ward 18 of Tiruvallur Municipality, Tiruvallur District, with a height of 9 meters and 150 W (6 units).",2026-01-21 00:00:00,,,300000.0,,,,,recommended,missing_parseable_work_id,synthetic,wk_888bdcfe21df
wk_889a8963da50,,LS,West Bengal,West Bengal,Hooghly,HOOGHLY(DISTRICT MAGISTRATE HOOGHLY_IDA),HOOGHLY,RACHNA BANERJEE,RACHNA BANERJEE,LS_RACHNA BANERJEE,HOOGHLY,,Street lights,Normal/Others,Normal/Others,,High Mast Street Light (length 10 Mtrs.) at Khanapukuria Primary School,High Mast Street Light (length 10 Mtrs.) at Khanapukuria Primary School,2024-12-03 00:00:00,,,288000.0,,,,,recommended,missing_parseable_work_id,synthetic,wk_889a8963da50
wk_88f131af03d4,,RS,Uttarakhand,Uttarakhand,Haridwar,HARIDWAR(DISTRICT MAGISTRATE HARIDWAR_IDA),HARIDWAR,Dr. Kalpana Saini (2022-28) (2022-2028),KALPANA SAINI,RS_KALPANA SAINI,,Elected MP,"Construction of roads, link roads, pathways or any other road with or without drainage system",Normal/Others,Normal/Others,,Construction of Construction of 50 meter wall along the side of the road from Sangam Vihar Pulia to Mukandi Imrati jansewa nyas Trust.,Construction of Construction of 50 meter wall along the side of the road from Sangam Vihar Pulia to Mukandi Imrati jansewa nyas Trust.,2024-03-12 00:00:00,,,272659.0,,,,,recommended,missing_parseable_work_id,synthetic,wk_88f131af03d4
wk_8904f544f2d7,,RS,Kerala,Kerala,Kannur,KANNUR(DISTRICT COLLECTOR KANNUR_IDA),KANNUR,Shri Abdul Wahab (2021-27) (2021-2027),ABDUL WAHAB,RS_ABDUL WAHAB,,Elected MP,"Construction of roads, link roads, pathways or any other road with or without drainage system",Normal/Others,Normal/Others,,"Construction of Ponnecheri - Vayad boat kadavu road or pathway, Pariyaram Panchayat","Construction of Ponnecheri - Vayad boat kadavu road or pathway, Pariyaram Panchayat",2025-08-03 00:00:00,,,500000.0,,,,,recommended,missing_parseable_work_id,synthetic,wk_8904f544f2d7
wk_8995bbf287c0,,RS,Tamil Nadu,Tamil Nadu,Thoothukkudi,Thoothukkudi(DISTRICT COLLECTOR THOOTHUKUDI_IDA),THOOTHUKKUDI,Shri I.S. Inbadurai (2025-31) (2025-2031),I S INBADURAI,RS_I S INBADURAI,,Elected MP,"Construction of roads, link roads, pathways or any other road with or without drainage system",Normal/Others,Normal/Others,,Providing of Cement Road in Inam Maniyachi Panchayat Senthamizhil Nagar 1st Street in Kovilpatti Panchayat Union.,Providing of Cement Road in Inam Maniyachi Panchayat Senthamizhil Nagar 1st Street in Kovilpatti Panchayat Union.,2025-12-23 00:00:00,,,1809000.0,,,,,recommended,missing_parseable_work_id,synthetic,wk_8995bbf287c0
wk_8996f043ae1c,,RS,Karnataka,Karnataka,Tumakuru,TUMAKURU(DEPUTY COMMISSIONER TUMKUR_IDA),TUMAKURU,Shri G.C. Chandrashekhar (2024-30) (2024-2030),G C CHANDRASHEKHAR,RS_G C CHANDRASHEKHAR,,Elected MP,Construction of culverts and bridges,Normal/Others,Normal/Others,,"Construction of bridge and road development from konegoudapalya naganna house to algur at tumkur district, Tiptur talluk, nonavinakere hobali, Nellikere grama panchayath","Construction of bridge and road development from konegoudapalya naganna house to algur at tumkur district, Tiptur talluk, nonavinakere hobali, Nellikere grama panchayath",2025-01-28 00:00:00,,,500000.0,,,,,recommended,missing_parseable_work_id,synthetic,wk_8996f043ae1c
wk_89afa1fc1bab,,LS,West Bengal,West Bengal,North 24 Parganas,North 24 Parganas(DISTRICT MAGISTRATE NORTH TWENTY FOUR PARGANAS_IDA),NORTH 24 PARGANAS,Kakoli Ghosh Dastidar,KAKOLI GHOSH DASTIDAR,LS_KAKOLI GHOSH DASTIDAR,BARASAT,,Development of public parks,Normal/Others,Normal/Others,,Open gym in park with solar light with boundary wall,Open gym in park with solar light with boundary wall,2024-09-15 00:00:00,,,1000000.0,,,,,recommended,missing_parseable_work_id,synthetic,wk_89afa1fc1bab
wk_89bdaf4b119d,,RS,Tamil Nadu,Tamil Nadu,Tirunelveli,TIRUNELVELI(DISTRICT COLLECTOR TIRUNELVELI_IDA),TIRUNELVELI,Shri I.S. Inbadurai (2025-31) (2025-2031),I S INBADURAI,RS_I S INBADURAI,,Elected MP,Street lights,Normal/Others,Normal/Others,,Providing 12 Meter High-mast Light pole with 150W Solar light arrangements Near Kudankulam Bye-pass 3 mukku Road in Kudankulam panchayat in Radhapuram Panchayat Union. (6 Nos),Providing 12 Meter High-mast Light pole with 150W Solar light arrangements Near Kudankulam Bye-pass 3 mukku Road in Kudankulam panchayat in Radhapuram Panchayat Union. (6 Nos),2025-12-23 00:00:00,,,750000.0,,,,,recommended,missing_parseable_work_id,synthetic,wk_89bdaf4b119d
wk_89d4b2514bf8,,RS,Maharashtra,Maharashtra,Amravati,AMRAVATI(DISTRICT COLLECTOR AMRAVATI_IDA),AMRAVATI,Dr. Anil Sukhdeorao Bonde (2022-28) (2022-2028),ANIL SUKHDEORAO BONDE,RS_ANIL SUKHDEORAO BONDE,,Elected MP,Development of public parks,Normal/Others,Normal/Others,,Development of public park at Pusla,Development of public park at Pusla,2025-11-24 00:00:00,,,1000000.0,,,,,recommended,missing_parseable_work_id,synthetic,wk_89d4b2514bf8
wk_89f0b2f65add,,RS,Maharashtra,Maharashtra,Kolhapur,KOLHAPUR(DISTRICT COLLECTOR KOLHAPUR_IDA),KOLHAPUR,Shri Dhananjay Bhimrao Mahadik (2022-28) (2022-2028),DHANANJAY BHIMRAO MAHADIK,RS_DHANANJAY BHIMRAO MAHADIK,,Elected MP,"Purchase of IT systems, including hardware and software for educational purposes",Normal/Others,Normal/Others,,"Purchase of Computer & Printer for Primary School Vhannur, Tal. Kagal","Purchase of Computer & Printer for Primary School Vhannur, Tal. Kagal",2024-09-19 00:00:00,,,150000.0,,,,,recommended,missing_parseable_work_id,synthetic,wk_89f0b2f65add
wk_8a058dc27900,,RS,Karnataka,Karnataka,Bengaluru Urban,BENGALURU URBAN(DEPUTY COMMISSIONER BANGALORE URBAN_IDA),BENGALURU URBAN,Shri G.C. Chandrashekhar (2024-30) (2024-2030),G C CHANDRASHEKHAR,RS_G C CHANDRASHEKHAR,,Elected MP,"Construction of roads, link roads, pathways or any other road with or without drainage system",Normal/Others,Normal/Others,,"Bangalore Urban District, BTM assembly constituency, Ward 148, 20th main road Srinivas home to home number 481 to lakshman home road development work","Bangalore Urban District, BTM assembly constituency, Ward 148, 20th main road Srinivas home to home number 481 to lakshman home road development work",2025-05-02 00:00:00,,,500000.0,,,,,recommended,missing_parseable_work_id,synthetic,wk_8a058dc27900
wk_8a4ef9512737,,RS,Delhi,Delhi,South,SOUTH(COMMISSIONER SOUTH),SOUTH,Dr. Meenakshi Jain (2025-31) (2025-2031),MEENAKSHI JAIN,RS_MEENAKSHI JAIN,,Nominated MP,Purchase of mobile sanitation equipment,Normal/Others,Normal/Others,,STEEL GARBAGE PUSH CART ON WHEELS,STEEL GARBAGE PUSH CART ON WHEELS,2025-12-09 00:00:00,,,170000.0,,,,,recommended,missing_parseable_work_id,synthetic,wk_8a4ef9512737
wk_8a65e957ce71,,LS,Madhya Pradesh,Madhya Pradesh,Rajgarh,RAJGARH(DISTRICT COLLECTOR RAJGARH_IDA),RAJGARH,Rodmal Nagar,RODMAL NAGAR,LS_RODMAL NAGAR,RAJGARH,,Construction of buildings for community cultural activities,Normal/Others,Normal/Others,,shanteshwar mahadev mandir ke samip patthar pitha shantidham marg narsinghgarh,shanteshwar mahadev mandir ke samip patthar pitha shantidham marg narsinghgarh,2024-12-08 00:00:00,,,100000.0,,,,,recommended,missing_parseable_work_id,synthetic,wk_8a65e957ce71
wk_8a759fa6e951,,RS,Kerala,Kerala,Kottayam,KOTTAYAM(DISTRICT COLLECTOR KOTTAYAM_IDA),KOTTAYAM,Shri Jose K. Mani (2024-30) (2024-2030),JOSE K MANI,RS_JOSE K MANI,,Elected MP,"Construction of roads, link roads, pathways or any other road with or without drainage system",Normal/Others,Normal/Others,,Construction of Kalluveli Vadayadi Road Cat SC,Construction of Kalluveli Vadayadi Road Cat SC,2026-01-08 00:00:00,,,700000.0,,,,,recommended,missing_parseable_work_id,synthetic,wk_8a759fa6e951
wk_8ac0998b1584,,RS,Maharashtra,Maharashtra,Gondia,GONDIA(DISTRICT COLLECTOR GONDIA_IDA),GONDIA,Shri Praful Patel (2024-30) (2024-2030),PRAFUL PATEL,RS_PRAFUL PATEL,,Elected MP,Setting up crops conservation facilities,Normal/Others,Normal/Others,,zadutola (khatiya) me manrega abhisharan yojna me krush mal godowan bandhakam,zadutola (khatiya) me manrega abhisharan yojna me krush mal godowan bandhakam,2025-03-04 00:00:00,,,500000.0,,,,,recommended,missing_parseable_work_id,synthetic,wk_8ac0998b1584
wk_8b3898eb1f0d,,LS,Maharashtra,Maharashtra,Yavatmal,YAVATMAL(DISTRICT COLLECTOR YAVATMAL_IDA),YAVATMAL,Sanjay Uttamrao Deshmukh,SANJAY UTTAMRAO DESHMUKH,LS_SANJAY UTTAMRAO DESHMUKH,YAVATMAL-WASHIM,,Construction of common work sheds/ common covered sitting area,Normal/Others,Normal/Others,,Construction of common coverd sitting work shed for senior citizen at anywhere in Old Digras-Darwha Road,Construction of common coverd sitting work shed for senior citizen at anywhere in Old Digras-Darwha Road,2024-10-07 00:00:00,,,500000.0,,,,,recommended,missing_parseable_work_id,synthetic,wk_8b3898eb1f0d
wk_8b5ce7687077,,RS,Madhya Pradesh,Madhya Pradesh,Gwalior,GWALIOR(DISTRICT COLLECTOR GWALIOR_IDA),GWALIOR,Shri Ashok Singh (2024-30) (2024-2030),ASHOK SINGH,RS_ASHOK SINGH,,Elected MP,"Construction of roads, link roads, pathways or any other road with or without drainage system",Normal/Others,Normal/Others,,Construction CC Raod at Panihar Basti to Highway gram panchayat Panihar Janpad Panchayat Ghatigaon Barai District Gwalior,Construction CC Raod at Panihar Basti to Highway gram panchayat Panihar Janpad Panchayat Ghatigaon Barai District Gwalior,2026-01-06 00:00:00,,,500000.0,,,,,recommended,missing_parseable_work_id,synthetic,wk_8b5ce7687077
wk_8b8758ac8e4c,,RS,Maharashtra,Maharashtra,Solapur,SOLAPUR(DISTRICT COLLECTOR SOLAPUR_IDA),SOLAPUR,Shri Milind Murli Deora (2024-30) (2024-2030),MILIND MURLI DEORA,RS_MILIND MURLI DEORA,,Elected MP,"Construction of roads, link roads, pathways or any other road with or without drainage system",Repair and Renovation,Repair and Renovation,,"Construction of Cement Concrete Road at Village Moje, Bitargaon (Wangi), District Karmala.","Construction of Cement Concrete Road at Village Moje, Bitargaon (Wangi), District Karmala.",2025-05-14 00:00:00,,,500000.0,,,,,recommended,missing_parseable_work_id,synthetic,wk_8b8758ac8e4c
wk_8bd7dbb31748,,RS,Kerala,Kerala,Ernakulam,ERNAKULAM(DISTRICT COLLECTOR ERNAKULAM_IDA),ERNAKULAM,Shri Haris Beeran (2024-30) (2024-2030),HARIS BEERAN,RS_HARIS BEERAN,,Elected MP,Lighting of public spaces,Normal/Others,Normal/Others,,Installation of minimast in GLPS Ward,Installation of minimast in GLPS Ward,2025-02-28 00:00:00,,,200000.0,,,,,recommended,missing_parseable_work_id,synthetic,wk_8bd7dbb31748
wk_8bdb7c9e9fd4,,RS,Jharkhand,Jharkhand,Ranchi,RANCHI(DEPUTY COMMISSIONER RANCHI_IDA),RANCHI,Shri Aditya Prasad (2022-28) (2022-2028),ADITYA PRASAD,RS_ADITYA PRASAD,,Elected MP,Construction of community centers and community halls,Normal/Others,Normal/Others,,Construction work of building in Birsa Archery Center of Silam Jori village of Lupung Panchayat under Silli block,Construction work of building in Birsa Archery Center of Silam Jori village of Lupung Panchayat under Silli block,2025-07-06 00:00:00,,,1499000.0,,,,,recommended,missing_parseable_work_id,synthetic,wk_8bdb7c9e9fd4
wk_8bf13b6b682d,,RS,Goa,Goa,North Goa,NORTH GOA(DISTRICT COLLECTOR NORTH GOA_IDA),NORTH GOA,Shri Sadanand Mhalu Shet Tanavade (2023-29) (2023-2029),SADANAND MHALU SHET TANAVADE,RS_SADANAND MHALU SHET TANAVADE,,Elected MP,Purchase of vans and buses for educational institutions,Normal/Others,Normal/Others,,"School Bus for Siddharth Bandodkar Higher Secondary School, Velguem, Bicholim, North Goa.","School Bus for Siddharth Bandodkar Higher Secondary School, Velguem, Bicholim, North Goa.",2025-09-23 00:00:00,,,2566563.0,,,,,recommended,missing_parseable_work_id,synthetic,wk_8bf13b6b682d
wk_8c02c131e5c6,,RS,Odisha,Odisha,Puri,PURI(DISTRICT COLLECTOR PURI_IDA),PURI,Shri Subhasish Khuntia (2024-30) (2024-2030),SUBHASISH KHUNTIA,RS_SUBHASISH KHUNTIA,,Elected MP,Construction of community centers and community halls,Normal/Others,Normal/Others,,Construction of Bhudeswar and Sidheswar Community Center at Tikarpada.,Construction of Bhudeswar and Sidheswar Community Center at Tikarpada.,2025-09-26 00:00:00,,,700000.0,,,,,recommended,missing_parseable_work_id,synthetic,wk_8c02c131e5c6
wk_8c8bcb49515a,,RS,Assam,Assam,Cachar,CACHAR(DEPUTY COMMISSIONER CACHAR_IDA),CACHAR,Shri Kanad Purkayastha (2025-31) (2025-2031),KANAD PURKAYASTHA,RS_KANAD PURKAYASTHA,,Elected MP,Construction of community centers and community halls,Normal/Others,Normal/Others,,Construction of Community Hall near Pabda Market Shed at Pabda GP,Construction of Community Hall near Pabda Market Shed at Pabda GP,2026-01-04 00:00:00,,,1000000.0,,,,,recommended,missing_parseable_work_id,synthetic,wk_8c8bcb49515a
wk_8c8be27902ba,,RS,Assam,Assam,Sivasagar,SIVASAGAR(Deputy Commissioner Sivsagar_IDA),SIVASAGAR,Shri Pabitra Margherita (2022-28) (2022-2028),PABITRA MARGHERITA,RS_PABITRA MARGHERITA,,Elected MP,Construction of community centers and community halls,Normal/Others,Normal/Others,,DEVELOPMENT OF SELENG GHAT TINI ALI SANSKRITIK KENDRA,DEVELOPMENT OF SELENG GHAT TINI ALI SANSKRITIK KENDRA,2026-01-27 00:00:00,,,200000.0,,,,,recommended,missing_parseable_work_id,synthetic,wk_8c8be27902ba
wk_8d288426067b,,RS,Kerala,Kerala,Kottayam,KOTTAYAM(DISTRICT COLLECTOR KOTTAYAM_IDA),KOTTAYAM,Shri Jose K. Mani (2024-30) (2024-2030),JOSE K MANI,RS_JOSE K MANI,,Elected MP,Construction of bus-sheds or bus-stops,Normal/Others,Normal/Others,,"Construction of Bus Bay cum Bus Shelter in front of Science City, Kozha.","Construction of Bus Bay cum Bus Shelter in front of Science City, Kozha.",2025-05-16 00:00:00,,,5500000.0,,,,,recommended,missing_parseable_work_id,synthetic,wk_8d288426067b
wk_8d8d215dbd29,,RS,Kerala,Kerala,Idukki,IDUKKI(DISTRICT COLLECTOR IDUKKI_IDA),IDUKKI,Dr. John Brittas (2021-27) (2021-2027),JOHN BRITTAS,RS_JOHN BRITTAS,,Elected MP,Construction of community centers and community halls,Normal/Others,Normal/Others,,"Construction of a Community hall at EMS Kudi, Udumbanchola Panchayat, Idukki District (SC)","Construction of a Community hall at EMS Kudi, Udumbanchola Panchayat, Idukki District (SC)",2025-10-15 00:00:00,,,2500000.0,,,,,recommended,missing_parseable_work_id,synthetic,wk_8d8d215dbd29
wk_8d9ae32222bc,,RS,Uttarakhand,Uttarakhand,Tehri Garhwal,TEHRI GARHWAL(DISTRICT MAGISTRATE TEHRI GARHWAL_IDA),TEHRI GARHWAL,Dr. Kalpana Saini (2022-28) (2022-2028),KALPANA SAINI,RS_KALPANA SAINI,,Elected MP,Construction of community centers and community halls,Normal/Others,Normal/Others,,"Expansion of the Courtyard at Village Myani, Patti Lalur, Tehsil Nainbag, District Tihari Garhwal","Expansion of the Courtyard at Village Myani, Patti Lalur, Tehsil Nainbag, District Tihari Garhwal",2026-01-03 00:00:00,,,1000000.0,,,,,recommended,missing_parseable_work_id,synthetic,wk_8d9ae32222bc
wk_8d9ee4ad7d42,,RS,Karnataka,Karnataka,Hassan,HASSAN(DEPUTY COMMISSIONER HASSAN_IDA),HASSAN,Shri G.C. Chandrashekhar (2024-30) (2024-2030),G C CHANDRASHEKHAR,RS_G C CHANDRASHEKHAR,,Elected MP,"Construction of roads, link roads, pathways or any other road with or without drainage system",Normal/Others,Normal/Others,,"construction of concrete road from gangoor grama panchayath main road to tammanna home at hassan district, arakalagudu talluk","construction of concrete road from gangoor grama panchayath main road to tammanna home at hassan district, arakalagudu talluk",2025-10-28 00:00:00,,,500000.0,,,,,recommended,missing_parseable_work_id,synthetic,wk_8d9ee4ad7d42
wk_8de6fb3c3239,,RS,Odisha,Odisha,Puri,PURI(DISTRICT COLLECTOR PURI_IDA),PURI,Shri Subhasish Khuntia (2024-30) (2024-2030),SUBHASISH KHUNTIA,RS_SUBHASISH KHUNTIA,,Elected MP,Construction of community centers and community halls,Normal/Others,Normal/Others,,"Construction of Community Center at Rotary Club, Ramabhallav Road Puri","Construction of Community Center at Rotary Club, Ramabhallav Road Puri",2025-08-28 00:00:00,,,800000.0,,,,,recommended,missing_parseable_work_id,synthetic,wk_8de6fb3c3239
wk_8de86620eea7,,RS,Madhya Pradesh,Madhya Pradesh,Mandsaur,MANDSAUR(DISTRICT COLLECTOR MANDSAUR_IDA),MANDSAUR,Shri Banshilal Gurjar (2024-30) (2024-2030),BANSHILAL GURJAR,RS_BANSHILAL GURJAR,,Elected MP,Construction of public toilets and bathrooms,Normal/Others,Normal/Others,,????? ????? ?? ?????? ????? ?????? ????,????? ????? ?? ?????? ????? ?????? ????,2024-10-05 00:00:00,,,500000.0,,,,,recommended,missing_parseable_work_id,synthetic,wk_8de86620eea7
wk_8df80b2d3466,,RS,Maharashtra,Maharashtra,Pune,PUNE(DISTRICT COLLECTOR PUNE_IDA),PUNE,Dr. Medha Vishram Kulkarni (2024-30) (2024-2030),MEDHA VISHRAM KULKARNI,RS_MEDHA VISHRAM KULKARNI,,Elected MP,Construction of bus-sheds or bus-stops,Normal/Others,Normal/Others,,At Ward 9 Establishment of a bus stop at Baner Phata Down Side,At Ward 9 Establishment of a bus stop at Baner Phata Down Side,2025-11-26 00:00:00,,,1000000.0,,,,,recommended,missing_parseable_work_id,synthetic,wk_8df80b2d3466
wk_8e047db684a6,,RS,Tripura,Tripura,West Tripura,West Tripura(DISTRICT MAGISTRATE WEST TRIPURA_IDA),WEST TRIPURA,Shri Rajib Bhattacharjee (2024-28) (2024-2028),RAJIB BHATTACHARJEE,RS_RAJIB BHATTACHARJEE,,Elected MP,Development of public parks,Normal/Others,Normal/Others,,"Water fountain and electrification work at Rabindra Kanan Amusement Park, Agartala under Horticulture Directorate, Govt. of Tripura.","Water fountain and electrification work at Rabindra Kanan Amusement Park, Agartala under Horticulture Directorate, Govt. of Tripura.",2026-01-07 00:00:00,,,900000.0,,,,,recommended,missing_parseable_work_id,synthetic,wk_8e047db684a6
wk_8e1761cb0747,,LS,Karnataka,Karnataka,Uttara Kannada,UTTARA KANNADA(DEPUTY COMMISSIONER UTTARKANNADA KARWAR_IDA),UTTARA KANNADA,VISHWESHWAR HEGDE KAGERI,VISHWESHWAR HEGDE KAGERI,LS_VISHWESHWAR HEGDE KAGERI,UTTARA KANNADA,,"Construction of roads, link roads, pathways or any other road with or without drainage system",Normal/Others,Normal/Others,,Approach Road to Co-Ooperative Society Ajjibal,Approach Road to Co-Ooperative Society Ajjibal,2025-01-08 00:00:00,,,500000.0,,,,,recommended,missing_parseable_work_id,synthetic,wk_8e1761cb0747
wk_8e441650347a,,RS,Kerala,Kerala,Malappuram,MALAPPURAM(DISTRICT COLLECTOR MALAPPURAM_IDA),MALAPPURAM,Shri P. P. Suneer (2024-30) (2024-2030),P P SUNEER,RS_P P SUNEER,,Elected MP,Lighting of public spaces,Normal/Others,Normal/Others,,Setting up of Solar Mini Mast Light at Ward-28 Thekkummuri South of Tirur Municipality,Setting up of Solar Mini Mast Light at Ward-28 Thekkummuri South of Tirur Municipality,2025-10-26 00:00:00,,,300000.0,,,,,recommended,missing_parseable_work_id,synthetic,wk_8e441650347a
wk_8e8977de8c00,,LS,West Bengal,West Bengal,North 24 Parganas,North 24 Parganas(DISTRICT MAGISTRATE NORTH TWENTY FOUR PARGANAS_IDA),NORTH 24 PARGANAS,SK NURUL ISLAM,SK NURUL ISLAM,LS_SK NURUL ISLAM,BASIRHAT,,Construction of rooms and halls in school and colleges,Trust and Society,Trust and Society,,Construction of Building of Jamia Rahmania Madrasah run by All India Sunnat Al Jamayat under Ghorarash Kulingram G.P & Basirhat II Panchayat Samity. (Sl.No-2),Construction of Building of Jamia Rahmania Madrasah run by All India Sunnat Al Jamayat under Ghorarash Kulingram G.P & Basirhat II Panchayat Samity. (Sl.No-2),2024-09-20 00:00:00,,,2000000.0,,,,,recommended,missing_parseable_work_id,synthetic,wk_8e8977de8c00
wk_8eb2e8f4a810,,RS,Odisha,Odisha,Puri,PURI(DISTRICT COLLECTOR PURI_IDA),PURI,Shri Subhasish Khuntia (2024-30) (2024-2030),SUBHASISH KHUNTIA,RS_SUBHASISH KHUNTIA,,Elected MP,Construction of community centers and community halls,Normal/Others,Normal/Others,,Construction of Dhabaleswar Community Center at Baliapanda,Construction of Dhabaleswar Community Center at Baliapanda,2025-08-28 00:00:00,,,500000.0,,,,,recommended,missing_parseable_work_id,synthetic,wk_8eb2e8f4a810
wk_8ecbdc1e3d6d,,LS,Maharashtra,Maharashtra,Dharashiv,Dharashiv(DISTRICT COLLECTOR OSMANABAD_IDA),DHARASHIV,Omprakash Bhupalsinh Alias Pawan Rajenimbalkar,OMPRAKASH BHUPALSINH ALIAS PAWAN RAJENIMBALKAR,LS_OMPRAKASH BHUPALSINH ALIAS PAWAN RAJENIMBALKAR,OSMANABAD,,Construction of community centers and community halls,Normal/Others,Normal/Others,,Construction of community halls,Construction of community halls,2024-10-09 00:00:00,,,700000.0,,,,,recommended,missing_parseable_work_id,synthetic,wk_8ecbdc1e3d6d
wk_8efd43085963,,RS,Maharashtra,Maharashtra,Nanded,NANDED(DISTRICT COLLECTOR NANDED_IDA),NANDED,Dr. Ajeet Madhavrao Gopchade (2024-30) (2024-2030),AJEET MADHAVRAO GOPCHADE,RS_AJEET MADHAVRAO GOPCHADE,,Elected MP,"Construction of roads, link roads, pathways or any other road with or without drainage system",Normal/Others,Normal/Others,,Construction of CC Road from House of Datta Haibate Adke to the House of Dilip Khandoji Adke in SC area of Kondalapur Tq. Biloli Dist. Nanded,Construction of CC Road from House of Datta Haibate Adke to the House of Dilip Khandoji Adke in SC area of Kondalapur Tq. Biloli Dist. Nanded,2025-10-24 00:00:00,,,500000.0,,,,,recommended,missing_parseable_work_id,synthetic,wk_8efd43085963
wk_8f35bad85315,,RS,Telangana,Telangana,Mahabubabad,MAHABUBABAD(DISTRICT COLLECTOR MAHABUBABAD_IDA),MAHABUBABAD,Smt. Renuka Chowdhury (2024-30) (2024-2030),RENUKA CHOWDHURY,RS_RENUKA CHOWDHURY,,Elected MP,"Construction of roads, link roads, pathways or any other road with or without drainage system",Normal/Others,Normal/Others,,"Construction of CC Road from Chagarlamudi Dasulu house to Sunkara Ramakrishna house at Gandhampalle village, Bayyaram Mandal, Mahabubabad District, Telangana","Construction of CC Road from Chagarlamudi Dasulu house to Sunkara Ramakrishna house at Gandhampalle village, Bayyaram Mandal, Mahabubabad District, Telangana",2026-01-23 00:00:00,,,500000.0,,,,,recommended,missing_parseable_work_id,synthetic,wk_8f35bad85315
wk_8faa1114e155,,RS,Uttarakhand,Uttarakhand,Chamoli,CHAMOLI(DM Chamoli_IDA),CHAMOLI,Shri Mahendra Bhatt (2024-30) (2024-2030),MAHENDRA BHATT,RS_MAHENDRA BHATT,,Elected MP,Construction of common work sheds/ common covered sitting area,Normal/Others,Normal/Others,,VIkash Khand Joshimath ke Gram Panchayat Badagaon ke Hanuman Shila tok me Tin Shed Nirman. K.S.- Vikash Khand Adhikari Joshimath,VIkash Khand Joshimath ke Gram Panchayat Badagaon ke Hanuman Shila tok me Tin Shed Nirman. K.S.- Vikash Khand Adhikari Joshimath,2025-12-12 00:00:00,,,500000.0,,,,,recommended,missing_parseable_work_id,synthetic,wk_8faa1114e155
wk_8fda7799bed0,,RS,Madhya Pradesh,Madhya Pradesh,Narsimhapur,Narsimhapur(DISTRICT COLLECTOR NARSINGHPUR_IDA),NARSIMHAPUR,Shri Vivek K. Tankha (2022-28) (2022-2028),VIVEK K TANKHA,RS_VIVEK K TANKHA,,Elected MP,Development of public parks,Normal/Others,Normal/Others,,"Mushran Ward sthit, Sarvajanik Anand Park main Paver Block evam anay karyo hetu, District Narsinghpur (mention in letter no.4184 at column no.2)","Mushran Ward sthit, Sarvajanik Anand Park main Paver Block evam anay karyo hetu, District Narsinghpur (mention in letter no.4184 at column no.2)",2025-11-21 00:00:00,,,100000.0,,,,,recommended,missing_parseable_work_id,synthetic,wk_8fda7799bed0
wk_9029e125fc2e,,RS,Maharashtra,Maharashtra,Nanded,NANDED(DISTRICT COLLECTOR NANDED_IDA),NANDED,Dr. Ajeet Madhavrao Gopchade (2024-30) (2024-2030),AJEET MADHAVRAO GOPCHADE,RS_AJEET MADHAVRAO GOPCHADE,,Elected MP,Construction of community centers and community halls,Normal/Others,Normal/Others,,"Construction of Sabamandap near Boudha Vihar in the area of Grampanchayat Belkoni (Kh.) Tq. Biloli, Dist. Nanded","Construction of Sabamandap near Boudha Vihar in the area of Grampanchayat Belkoni (Kh.) Tq. Biloli, Dist. Nanded",2025-10-24 00:00:00,,,800000.0,,,,,recommended,missing_parseable_work_id,synthetic,wk_9029e125fc2e
wk_903321c2e576,,RS,Bihar,Bihar,Vaishali,VAISHALI(DISTRICT PLANNING OFFICER VAISHALI_IDA),VAISHALI,Shri Sanjay Yadav (2024-30) (2024-2030),SANJAY YADAV,RS_SANJAY YADAV,,Elected MP,Construction of community centers and community halls,Normal/Others,Normal/Others,,"Construction of a community building on the available land in Rajasan Panchayat under Bidupur block, including one borewell with hand pump, one toilet, two urinals, one room (12 x 10), and one large hall.","Construction of a community building on the available land in Rajasan Panchayat under Bidupur block, including one borewell with hand pump, one toilet, two urinals, one room (12 x 10), and one large hall.",2025-09-27 00:00:00,,,1499000.0,,,,,recommended,missing_parseable_work_id,synthetic,wk_903321c2e576
wk_9047d3036efe,,RS,Gujarat,Gujarat,Panch Mahals,PANCH MAHALS(DISTRICT COLLECTOR PANCHMAHALS_IDA),PANCH MAHALS,Dr. Parmar Jashvantsinh Salamsinh (2024-30) (2024-2030),PARMAR JASHVANTSINH SALAMSINH,RS_PARMAR JASHVANTSINH SALAMSINH,,Elected MP,Providing CCTV camera system for security of public areas,Normal/Others,Normal/Others,,insttalation of cctv camera at market and bhagyodaya petrolpump to matiya faliya primary school,insttalation of cctv camera at market and bhagyodaya petrolpump to matiya faliya primary school,2025-06-13 00:00:00,,,573000.0,,,,,recommended,missing_parseable_work_id,synthetic,wk_9047d3036efe
wk_906e5922a30a,,RS,Odisha,Odisha,Puri,PURI(DISTRICT COLLECTOR PURI_IDA),PURI,Shri Subhasish Khuntia (2024-30) (2024-2030),SUBHASISH KHUNTIA,RS_SUBHASISH KHUNTIA,,Elected MP,Construction of community centers and community halls,Normal/Others,Normal/Others,,Construction of Biswakarma Community Center at Matitota.,Construction of Biswakarma Community Center at Matitota.,2025-08-28 00:00:00,,,500000.0,,,,,recommended,missing_parseable_work_id,synthetic,wk_906e5922a30a
wk_9080225337c4,,RS,Kerala,Kerala,Kozhikode,KOZHIKODE(DISTRICT COLLECTOR KOZHIKODE_IDA),KOZHIKODE,Dr. John Brittas (2021-27) (2021-2027),JOHN BRITTAS,RS_JOHN BRITTAS,,Elected MP,"Purchase of IT systems, including hardware and software for educational purposes",Normal/Others,Normal/Others,,"Purchase of Laptops and Smart Interactive TV for Markaz Higher Secondary School (Boys), Karanthur P.O, Ward No. 20, Kunnamangalam Grama Panchayat, Kunnamangalam Village, Kozhikode District","Purchase of Laptops and Smart Interactive TV for Markaz Higher Secondary School (Boys), Karanthur P.O, Ward No. 20, Kunnamangalam Grama Panchayat, Kunnamangalam Village, Kozhikode District",2025-11-04 00:00:00,,,510000.0,,,,,recommended,missing_parseable_work_id,synthetic,wk_9080225337c4
wk_9086bc26b4ab,,LS,Kerala,Kerala,Alappuzha,ALAPPUZHA(DISTRICT COLLECTOR ALAPPUZHA_IDA),ALAPPUZHA,K. C VENUGOPAL,K C VENUGOPAL,LS_K C VENUGOPAL,ALAPPUZHA,,Lighting of public spaces,Normal/Others,Normal/Others,,Installation of a High Mast Light in the northern part of Veeramangalam Junction,Installation of a High Mast Light in the northern part of Veeramangalam Junction,2024-09-06 00:00:00,,,500000.0,,,,,recommended,missing_parseable_work_id,synthetic,wk_9086bc26b4ab
wk_909b5c8d2b23,,RS,Karnataka,Karnataka,Hassan,HASSAN(DEPUTY COMMISSIONER HASSAN_IDA),HASSAN,Shri G.C. Chandrashekhar (2024-30) (2024-2030),G C CHANDRASHEKHAR,RS_G C CHANDRASHEKHAR,,Elected MP,"Construction of roads, link roads, pathways or any other road with or without drainage system",Normal/Others,Normal/Others,,"development of concrete road from main road of Navile village to Ramakrishnegouda property at Hassan District, Arakalagudu Talluk, Kattepura Grama Panchayath","development of concrete road from main road of Navile village to Ramakrishnegouda property at Hassan District, Arakalagudu Talluk, Kattepura Grama Panchayath",2025-06-28 00:00:00,,,500000.0,,,,,recommended,missing_parseable_work_id,synthetic,wk_909b5c8d2b23
wk_90ce66bed4fa,,LS,Karnataka,Karnataka,Udupi,UDUPI(DEPUTY COMMISSIONER UDUPI_IDA),UDUPI,KOTA SRINIVAS POOJARY,KOTA SRINIVAS POOJARY,LS_KOTA SRINIVAS POOJARY,UDUPI CHIKMAGALUR,,"Construction of roads, link roads, pathways or any other road with or without drainage system",Normal/Others,Normal/Others,,"Udupi District, Udupi Taluk, badanidiyuru grama panchayath, from near suresh poojari house upto north jeevan mindan house road development work.","Udupi District, Udupi Taluk, badanidiyuru grama panchayath, from near suresh poojari house upto north jeevan mindan house road development work.",2024-10-29 00:00:00,,,400000.0,,,,,recommended,missing_parseable_work_id,synthetic,wk_90ce66bed4fa
wk_90ed005ad1c5,,RS,Karnataka,Karnataka,Belagavi,BELAGAVI(DEPUTY COMMISSIONER BELGAUM_IDA),BELAGAVI,Dr. Dharmasthala Veerendra Heggade (2022-28) (2022-2028),DHARMASTHALA VEERENDRA HEGGADE,RS_DHARMASTHALA VEERENDRA HEGGADE,,Nominated MP,Construction of community centers and community halls,Normal/Others,Normal/Others,,Construction of Community Hall,Construction of Community Hall,2024-01-11 00:00:00,,,1500000.0,,,,,recommended,missing_parseable_work_id,synthetic,wk_90ed005ad1c5
wk_90fc0f02da72,,RS,Gujarat,Gujarat,Panch Mahals,PANCH MAHALS(DISTRICT COLLECTOR PANCHMAHALS_IDA),PANCH MAHALS,Dr. Parmar Jashvantsinh Salamsinh (2024-30) (2024-2030),PARMAR JASHVANTSINH SALAMSINH,RS_PARMAR JASHVANTSINH SALAMSINH,,Elected MP,Construction of community centers and community halls,Normal/Others,Normal/Others,,construction of community hall at vitthal nivas housing soc prabharoad godhra sr n 422 B,construction of community hall at vitthal nivas housing soc prabharoad godhra sr n 422 B,2025-12-07 00:00:00,,,1000000.0,,,,,recommended,missing_parseable_work_id,synthetic,wk_90fc0f02da72
wk_910627dd5f3f,,RS,Kerala,Kerala,Kozhikode,KOZHIKODE(DISTRICT COLLECTOR KOZHIKODE_IDA),KOZHIKODE,Smt. P. T. Usha (2022-28) (2022-2028),P T USHA,RS_P T USHA,,Nominated MP,"Construction of roads, link roads, pathways or any other road with or without drainage system",Normal/Others,Normal/Others,,Construction of Sakthimandiram Meetalepalli Kav Road In Ward No. 17 (Concreting),Construction of Sakthimandiram Meetalepalli Kav Road In Ward No. 17 (Concreting),2025-09-20 00:00:00,,,450000.0,,,,,recommended,missing_parseable_work_id,synthetic,wk_910627dd5f3f
wk_912ee2fbf9e7,,LS,Uttar Pradesh,Uttar Pradesh,Auraiya,AURAIYA(DISTRICT MAGISTRATE AURAIYA_IDA),AURAIYA,AKHILESH YADAV,AKHILESH YADAV,LS_AKHILESH YADAV,KANNAUJ,,Lighting of public spaces,Normal/Others,Normal/Others,,"Installation work of a solar power Light in Anda village in the street in front of the house of Mohd. Sabir Siddiqui village, Ariyari development block, Sahar district, Auraiya. Mob.-7017162032 By-Shri Pramod Kumar Savita","Installation work of a solar power Light in Anda village in the street in front of the house of Mohd. Sabir Siddiqui village, Ariyari development block, Sahar district, Auraiya. Mob.-7017162032 By-Shri Pramod Kumar Savita",2024-12-10 00:00:00,,,15500.0,,,,,recommended,missing_parseable_work_id,synthetic,wk_912ee2fbf9e7
wk_916192c5fffb,,RS,Maharashtra,Maharashtra,Pune,PUNE(DISTRICT COLLECTOR PUNE_IDA),PUNE,Shri Nitin Laxmanrao Jadhav Patil (2024-28) (2024-2028),NITIN LAXMANRAO JADHAV PATIL,RS_NITIN LAXMANRAO JADHAV PATIL,,Elected MP,Construction of community centers and community halls,Normal/Others,Normal/Others,,Construction of a community hall at Karandi,Construction of a community hall at Karandi,2025-11-26 00:00:00,,,1500000.0,,,,,recommended,missing_parseable_work_id,synthetic,wk_916192c5fffb
wk_916292eec9e0,,RS,Kerala,Kerala,Kannur,KANNUR(DISTRICT COLLECTOR KANNUR_IDA),KANNUR,Shri C. Sadanandan Master (2025-31) (2025-2031),C SADANANDAN MASTER,RS_C SADANANDAN MASTER,,Nominated MP,Lighting of public spaces,Normal/Others,Normal/Others,,Installation of one mini mast light,Installation of one mini mast light,2025-11-01 00:00:00,,,300000.0,,,,,recommended,missing_parseable_work_id,synthetic,wk_916292eec9e0
wk_917db3a3c9ff,,RS,Karnataka,Karnataka,Shivamogga,SHIVAMOGGA(DEPUTY COMMISSIONER SHIMOGA_IDA),SHIVAMOGGA,Shri Narayanasa K. Bhandage (2024-30) (2024-2030),NARAYANASA K BHANDAGE,RS_NARAYANASA K BHANDAGE,,Elected MP,Construction of culverts and bridges,Normal/Others,Normal/Others,,Construction of a short bridge across a stream to reach the cemetery in Baradavalli village of Soraba taluk of Shivamogga District.,Construction of a short bridge across a stream to reach the cemetery in Baradavalli village of Soraba taluk of Shivamogga District.,2025-11-17 00:00:00,,,1000000.0,,,,,recommended,missing_parseable_work_id,synthetic,wk_917db3a3c9ff
wk_91a6597aeebf,,RS,Bihar,Bihar,Vaishali,VAISHALI(DISTRICT PLANNING OFFICER VAISHALI_IDA),VAISHALI,Shri Sanjay Yadav (2024-30) (2024-2030),SANJAY YADAV,RS_SANJAY YADAV,,Elected MP,Construction of common work sheds/ common covered sitting area,Normal/Others,Normal/Others,,Construction of a twelve-foot high roofed platform with a hand pump on the available government land in Mohanpur Panchayat under Raghopur Block.,Construction of a twelve-foot high roofed platform with a hand pump on the available government land in Mohanpur Panchayat under Raghopur Block.,2025-09-02 00:00:00,,,1499000.0,,,,,recommended,missing_parseable_work_id,synthetic,wk_91a6597aeebf
wk_9245a25e5259,,LS,Goa,Goa,North Goa,NORTH GOA(DISTRICT COLLECTOR NORTH GOA_IDA),NORTH GOA,Shripad Yesso Naik,SHRIPAD YESSO NAIK,LS_SHRIPAD YESSO NAIK,NORTH GOA,,"Purchase of hearse van (Four, three and two wheelers)",Normal/Others,Normal/Others,,"providing tata commercial vehicle hearse van to V.P Harvalem, Bicholim","providing tata commercial vehicle hearse van to V.P Harvalem, Bicholim",2024-12-06 00:00:00,,,1662700.0,,,,,recommended,missing_parseable_work_id,synthetic,wk_9245a25e5259
wk_92523d22c9b6,,RS,Maharashtra,Maharashtra,Mumbai,MUMBAI(DISTRICT COLLECTOR MUMBAI CITY_IDA),MUMBAI,Shri Milind Murli Deora (2024-30) (2024-2030),MILIND MURLI DEORA,RS_MILIND MURLI DEORA,,Elected MP,"Construction of roads, link roads, pathways or any other road with or without drainage system",Normal/Others,Normal/Others,,Beautification of Gate and flooring work at Tardeo police colony Building No. 5,Beautification of Gate and flooring work at Tardeo police colony Building No. 5,2025-05-16 00:00:00,,,700000.0,,,,,recommended,missing_parseable_work_id,synthetic,wk_92523d22c9b6
wk_929f5e2b6359,,RS,Maharashtra,Maharashtra,Amravati,AMRAVATI(DISTRICT COLLECTOR AMRAVATI_IDA),AMRAVATI,Dr. Anil Sukhdeorao Bonde (2022-28) (2022-2028),ANIL SUKHDEORAO BONDE,RS_ANIL SUKHDEORAO BONDE,,Elected MP,Construction of community centers and community halls,Normal/Others,Normal/Others,,Construction of community hall at Dhanodi Tq Warud,Construction of community hall at Dhanodi Tq Warud,2025-09-20 00:00:00,,,2500000.0,,,,,recommended,missing_parseable_work_id,synthetic,wk_929f5e2b6359
wk_92aeccbcf488,,RS,Haryana,Haryana,Ambala,AMBALA(DEPUTY COMMISSIONER AMBALA_IDA),AMBALA,Shri Kartikeya Sharma (2022-28) (2022-2028),KARTIKEYA SHARMA,RS_KARTIKEYA SHARMA,,Elected MP,"Purchase of ambulances (Four, three and two wheelers)",Normal/Others,Normal/Others,,purchase of maruti eeco ambulance shell-equipped,purchase of maruti eeco ambulance shell-equipped,2025-12-10 00:00:00,,,1050000.0,,,,,recommended,missing_parseable_work_id,synthetic,wk_92aeccbcf488
wk_92b1353ac93e,,RS,Kerala,Kerala,Malappuram,MALAPPURAM(DISTRICT COLLECTOR MALAPPURAM_IDA),MALAPPURAM,Shri Jose K. Mani (2024-30) (2024-2030),JOSE K MANI,RS_JOSE K MANI,,Elected MP,"Construction of roads, link roads, pathways or any other road with or without drainage system",Normal/Others,Normal/Others,,Construction of Kolakandam Varadempadam Road,Construction of Kolakandam Varadempadam Road,2025-05-21 00:00:00,,,600000.0,,,,,recommended,missing_parseable_work_id,synthetic,wk_92b1353ac93e
wk_92c085129fe0,,RS,Tamil Nadu,Tamil Nadu,Tirunelveli,TIRUNELVELI(DISTRICT COLLECTOR TIRUNELVELI_IDA),TIRUNELVELI,Shri I.S. Inbadurai (2025-31) (2025-2031),I S INBADURAI,RS_I S INBADURAI,,Elected MP,Street lights,Normal/Others,Normal/Others,,Providing of 12 Meter High-mast Light pole with 150W Solar light arrangements before Amman Sanadhi Santhippu in Madanpillai Tharmam Village Levinjipuram Panchayat in Valliyoor Panchayat Union.,Providing of 12 Meter High-mast Light pole with 150W Solar light arrangements before Amman Sanadhi Santhippu in Madanpillai Tharmam Village Levinjipuram Panchayat in Valliyoor Panchayat Union.,2025-12-23 00:00:00,,,750000.0,,,,,recommended,missing_parseable_work_id,synthetic,wk_92c085129fe0
wk_92e73f29df29,,RS,Madhya Pradesh,Madhya Pradesh,Sidhi,SIDHI(DISTRICT COLLECTOR SIDHI_IDA),SIDHI,Shri Vivek K. Tankha (2022-28) (2022-2028),VIVEK K TANKHA,RS_VIVEK K TANKHA,,Elected MP,Construction of community centers and community halls,Normal/Others,Normal/Others,,"Vikashkhand Rampur Naikin ke gram v Gram Panchayat Bajranggarh main Sanskrati Gatividhiyon ke liye Samudayik Bhawan nirman, Sidhi (mention in letter no.4159 at column no.2)","Vikashkhand Rampur Naikin ke gram v Gram Panchayat Bajranggarh main Sanskrati Gatividhiyon ke liye Samudayik Bhawan nirman, Sidhi (mention in letter no.4159 at column no.2)",2025-09-25 00:00:00,,,500000.0,,,,,recommended,missing_parseable_work_id,synthetic,wk_92e73f29df29
wk_9335ff366e51,,RS,Odisha,Odisha,Khordha,KHORDHA(DISTRICT COLLECTOR KHORDHA_IDA),KHORDHA,Dr. Sasmit Patra (2022-28) (2022-2028),SASMIT PATRA,RS_SASMIT PATRA,,Elected MP,Construction of rooms and halls in school and colleges,Normal/Others,Normal/Others,,"Renovation of Hostel in PN College, Bolagarh","Renovation of Hostel in PN College, Bolagarh",2024-01-31 00:00:00,,,400000.0,,,,,recommended,missing_parseable_work_id,synthetic,wk_9335ff366e51
wk_934882469c3d,,RS,Assam,Assam,Sivasagar,SIVASAGAR(Deputy Commissioner Sivsagar_IDA),SIVASAGAR,Shri Pabitra Margherita (2022-28) (2022-2028),PABITRA MARGHERITA,RS_PABITRA MARGHERITA,,Elected MP,Construction of community centers and community halls,Normal/Others,Normal/Others,,CONSTRUCTION OF BAULIPUKHURI RADHAKRISHNA SANSKRITIK KENDRA,CONSTRUCTION OF BAULIPUKHURI RADHAKRISHNA SANSKRITIK KENDRA,2026-01-27 00:00:00,,,200000.0,,,,,recommended,missing_parseable_work_id,synthetic,wk_934882469c3d
wk_934e0337dcb9,,RS,Maharashtra,Maharashtra,Yavatmal,YAVATMAL(DISTRICT COLLECTOR YAVATMAL_IDA),YAVATMAL,Dr. Anil Sukhdeorao Bonde (2022-28) (2022-2028),ANIL SUKHDEORAO BONDE,RS_ANIL SUKHDEORAO BONDE,,Elected MP,"Purchase of IT systems, including hardware and software for educational purposes",Normal/Others,Normal/Others,,purchase of Scanner and printers at sant Gajanan Maharaj kala mahavidyalay Sawargaon Magi,purchase of Scanner and printers at sant Gajanan Maharaj kala mahavidyalay Sawargaon Magi,2025-11-03 00:00:00,,,80000.0,,,,,recommended,missing_parseable_work_id,synthetic,wk_934e0337dcb9
wk_934f8eaf2e14,,RS,Karnataka,Karnataka,Tumakuru,TUMAKURU(DEPUTY COMMISSIONER TUMKUR_IDA),TUMAKURU,Shri Jaggesh (2022-28) (2022-2028),JAGGESH,RS_JAGGESH,,Elected MP,"Construction of roads, link roads, pathways or any other road with or without drainage system",Normal/Others,Normal/Others,,"Construction of Road from Mulakattamma Temple to Kumbara Gudi, Doddasettikere Village, Mayasandra Gram Panchayat, Turuvekere Taluk, Tumukuru District, Karnataka","Construction of Road from Mulakattamma Temple to Kumbara Gudi, Doddasettikere Village, Mayasandra Gram Panchayat, Turuvekere Taluk, Tumukuru District, Karnataka",2025-04-22 00:00:00,,,500000.0,,,,,recommended,missing_parseable_work_id,synthetic,wk_934f8eaf2e14
wk_9371c0619aa8,,LS,Uttar Pradesh,Uttar Pradesh,Auraiya,AURAIYA(DISTRICT MAGISTRATE AURAIYA_IDA),AURAIYA,AKHILESH YADAV,AKHILESH YADAV,LS_AKHILESH YADAV,KANNAUJ,,Lighting of public spaces,Normal/Others,Normal/Others,,Installation work of a solar power light in Main Basti in front of the house of Shri Rajendra Kumar Dohre village Ariyari development block Sahar district Auraiya. Mob.-7017162032 By-Shri Pramod Kumar Savita,Installation work of a solar power light in Main Basti in front of the house of Shri Rajendra Kumar Dohre village Ariyari development block Sahar district Auraiya. Mob.-7017162032 By-Shri Pramod Kumar Savita,2024-12-10 00:00:00,,,15500.0,,,,,recommended,missing_parseable_work_id,synthetic,wk_9371c0619aa8
wk_93770e9a75a0,,RS,Assam,Assam,Chirang,CHIRANG(Deputy Commissioner Chirang_IDA),CHIRANG,Shri Rwngwra Narzary (2022-28) (2022-2028),RWNGWRA NARZARY,RS_RWNGWRA NARZARY,,Elected MP,Construction of rooms and halls in school and colleges,Repair and Renovation,Repair and Renovation,,"Repairing of Dangtal M.E. school building ang construction of gate near Kinabargaon MPHC under Dangtal VCDC,chirang.","Repairing of Dangtal M.E. school building ang construction of gate near Kinabargaon MPHC under Dangtal VCDC,chirang.",2024-06-17 00:00:00,,,700000.0,,,,,recommended,missing_parseable_work_id,synthetic,wk_93770e9a75a0
wk_937dc0db9b60,,RS,Maharashtra,Maharashtra,Yavatmal,YAVATMAL(DISTRICT COLLECTOR YAVATMAL_IDA),YAVATMAL,Dr. Anil Sukhdeorao Bonde (2022-28) (2022-2028),ANIL SUKHDEORAO BONDE,RS_ANIL SUKHDEORAO BONDE,,Elected MP,"Purchase of IT systems, including hardware and software for educational purposes",Normal/Others,Normal/Others,,purchase of Scanner and printers at Sawitribai fule madhyamik school Wai,purchase of Scanner and printers at Sawitribai fule madhyamik school Wai,2025-11-03 00:00:00,,,80000.0,,,,,recommended,missing_parseable_work_id,synthetic,wk_937dc0db9b60
wk_9381c7368389,,RS,Kerala,Kerala,Malappuram,MALAPPURAM(DISTRICT COLLECTOR MALAPPURAM_IDA),MALAPPURAM,Shri Abdul Wahab (2021-27) (2021-2027),ABDUL WAHAB,RS_ABDUL WAHAB,,Elected MP,"Purchase of IT systems, including hardware and software for educational purposes",Normal/Others,Normal/Others,,"Purchasing of Computers, Projectors and accessories for GUPS Pallikuth, Chungathara Panchayat","Purchasing of Computers, Projectors and accessories for GUPS Pallikuth, Chungathara Panchayat",2026-01-15 00:00:00,,,450000.0,,,,,recommended,missing_parseable_work_id,synthetic,wk_9381c7368389
wk_93a34c019afa,,RS,Assam,Assam,Sivasagar,SIVASAGAR(Deputy Commissioner Sivsagar_IDA),SIVASAGAR,Shri Pabitra Margherita (2022-28) (2022-2028),PABITRA MARGHERITA,RS_PABITRA MARGHERITA,,Elected MP,Construction of community centers and community halls,Normal/Others,Normal/Others,,"CONSTRUCTION OF SANTAK PANCHALI CHAH JANAGUSTI BIKASH KENDRA, SANTAK","CONSTRUCTION OF SANTAK PANCHALI CHAH JANAGUSTI BIKASH KENDRA, SANTAK",2026-01-27 00:00:00,,,500000.0,,,,,recommended,missing_parseable_work_id,synthetic,wk_93a34c019afa
wk_93c279e462e9,,RS,Kerala,Kerala,Kannur,KANNUR(DISTRICT COLLECTOR KANNUR_IDA),KANNUR,Shri Sandosh Kumar P (2022-28) (2022-2028),SANDOSH KUMAR P,RS_SANDOSH KUMAR P,,Elected MP,"Construction of roads, link roads, pathways or any other road with or without drainage system",Normal/Others,Normal/Others,,Construction of Aralam Farm (Block -11)40Acre Road,Construction of Aralam Farm (Block -11)40Acre Road,2025-09-25 00:00:00,,,500000.0,,,,,recommended,missing_parseable_work_id,synthetic,wk_93c279e462e9
wk_93e07e09297b,,LS,West Bengal,West Bengal,North 24 Parganas,North 24 Parganas(DISTRICT MAGISTRATE NORTH TWENTY FOUR PARGANAS_IDA),NORTH 24 PARGANAS,Prof Sougata Ray,SOUGATA RAY,LS_SOUGATA RAY,DUM DUM,,Development of public parks,Normal/Others,Normal/Others,,Beautification of Raskhola Ghat Park under Khardah Municipality Ward no 18,Beautification of Raskhola Ghat Park under Khardah Municipality Ward no 18,2024-12-24 00:00:00,,,1000000.0,,,,,recommended,missing_parseable_work_id,synthetic,wk_93e07e09297b
wk_942a51d3291a,,RS,Kerala,Kerala,Malappuram,MALAPPURAM(DISTRICT COLLECTOR MALAPPURAM_IDA),MALAPPURAM,Smt. Jebi Mather Hisham (2022-28) (2022-2028),JEBI MATHER HISHAM,RS_JEBI MATHER HISHAM,,Elected MP,"Construction of roads, link roads, pathways or any other road with or without drainage system",Normal/Others,Normal/Others,,"Construction of Kanjirappadam - Krishnankuttypadi - Herdoch Road, Wandoor Grama Panchayath","Construction of Kanjirappadam - Krishnankuttypadi - Herdoch Road, Wandoor Grama Panchayath",2025-07-29 00:00:00,,,500000.0,,,,,recommended,missing_parseable_work_id,synthetic,wk_942a51d3291a
wk_9437074dafce,,RS,Karnataka,Karnataka,Chikkamagaluru,CHIKKAMAGALURU(DEPUTY COMMISSIONER CHIKMAGALUR),CHIKKAMAGALURU,Shri Jairam Ramesh (2022-28) (2022-2028),JAIRAM RAMESH,RS_JAIRAM RAMESH,,Elected MP,"Construction of roads, link roads, pathways or any other road with or without drainage system",Normal/Others,Normal/Others,,For construction of culvert at Hosapura to Paramesh house road.,For construction of culvert at Hosapura to Paramesh house road.,2023-09-04 00:00:00,,,500000.0,,,,,recommended,missing_parseable_work_id,synthetic,wk_9437074dafce
wk_946022dab078,,RS,Gujarat,Gujarat,Jamnagar,JAMNAGAR(DISTRICT COLLECTOR JAMNAGAR_IDA),JAMNAGAR,Shri Babubhai Jesangbhai Desai (2023-29) (2023-2029),BABUBHAI JESANGBHAI DESAI,RS_BABUBHAI JESANGBHAI DESAI,,Elected MP,Development of public parks,Normal/Others,Normal/Others,,"Vasai, Ta.Dist, Jamnagar To develop a garden and provide sports equipment next to the primary school in Vasai. (2025-26)","Vasai, Ta.Dist, Jamnagar To develop a garden and provide sports equipment next to the primary school in Vasai. (2025-26)",2025-05-08 00:00:00,,,500000.0,,,,,recommended,missing_parseable_work_id,synthetic,wk_946022dab078
wk_94dd099670ee,,RS,Tamil Nadu,Tamil Nadu,Thiruvallur,THIRUVALLUR(DISTRICT COLLECTOR TIRUVALLUR_IDA),THIRUVALLUR,Shri R. Girirajan (2022-28) (2022-2028),R GIRIRAJAN,RS_R GIRIRAJAN,,Elected MP,Lighting of public spaces,Normal/Others,Normal/Others,,"Installation of mini-mast lighting (9 meters high, 150 W, 6 units) at near the Shiva temple in Ward No. 04 of Uthukottai Town Panchayat, Tiruvallur District. (9 meters height, 150 W, 6 units)","Installation of mini-mast lighting (9 meters high, 150 W, 6 units) at near the Shiva temple in Ward No. 04 of Uthukottai Town Panchayat, Tiruvallur District. (9 meters height, 150 W, 6 units)",2026-01-21 00:00:00,,,300000.0,,,,,recommended,missing_parseable_work_id,synthetic,wk_94dd099670ee
wk_94fa5a447998,,RS,Kerala,Kerala,Idukki,IDUKKI(DISTRICT COLLECTOR IDUKKI_IDA),IDUKKI,Dr. John Brittas (2021-27) (2021-2027),JOHN BRITTAS,RS_JOHN BRITTAS,,Elected MP,Construction of community centers and community halls,Normal/Others,Normal/Others,,"Construction of Model Kuliveedu Building at Kavakkudi, Marayoor Panchayat, Idukki District (ST)","Construction of Model Kuliveedu Building at Kavakkudi, Marayoor Panchayat, Idukki District (ST)",2025-10-15 00:00:00,,,1500000.0,,,,,recommended,missing_parseable_work_id,synthetic,wk_94fa5a447998
wk_95a57bdbe9e7,,LS,Uttar Pradesh,Uttar Pradesh,Deoria,DEORIA(DISTRICT MAGISTRATE DEORIA),DEORIA,RAMASHANKAR RAJBHAR,RAMASHANKAR RAJBHAR,LS_RAMASHANKAR RAJBHAR,SALEMPUR,,Street lights,Normal/Others,Normal/Others,,Installation of One 9 meter high mast LED light in front of Doctor Ramashish Yadav'sshop in Gram Ekdaga Pandit chauraha,Installation of One 9 meter high mast LED light in front of Doctor Ramashish Yadav'sshop in Gram Ekdaga Pandit chauraha,2024-09-24 00:00:00,,,319000.0,,,,,recommended,missing_parseable_work_id,synthetic,wk_95a57bdbe9e7
wk_95da2f8db36a,,RS,Karnataka,Karnataka,Uttara Kannada,UTTARA KANNADA(DEPUTY COMMISSIONER UTTARKANNADA KARWAR_IDA),UTTARA KANNADA,Shri Jaggesh (2022-28) (2022-2028),JAGGESH,RS_JAGGESH,,Elected MP,Setting up of community effluent treatment plants,Normal/Others,Normal/Others,,Construction of Building for the Sewage Treatment Plant (STP).,Construction of Building for the Sewage Treatment Plant (STP).,2023-09-13 00:00:00,,,500000.0,,,,,recommended,missing_parseable_work_id,synthetic,wk_95da2f8db36a
wk_966b87f9a165,,RS,Kerala,Kerala,Kannur,KANNUR(DISTRICT COLLECTOR KANNUR_IDA),KANNUR,Shri Sandosh Kumar P (2022-28) (2022-2028),SANDOSH KUMAR P,RS_SANDOSH KUMAR P,,Elected MP,Lighting of public spaces,Normal/Others,Normal/Others,,"Installation of Mini high Mast Light At Meethilekari Junction in ward 3, malappattam (10 meter high mast with 5x150 watts flood light","Installation of Mini high Mast Light At Meethilekari Junction in ward 3, malappattam (10 meter high mast with 5x150 watts flood light",2025-09-25 00:00:00,,,250000.0,,,,,recommended,missing_parseable_work_id,synthetic,wk_966b87f9a165
wk_9693628f0671,,RS,Tamil Nadu,Tamil Nadu,Tirunelveli,TIRUNELVELI(DISTRICT COLLECTOR TIRUNELVELI_IDA),TIRUNELVELI,Shri P. Wilson (2025-31) (2025-2031),P WILSON,RS_P WILSON,,Elected MP,Construction of public toilets and bathrooms,Normal/Others,Normal/Others,,"construction of toilets and bathrooms for men at Arulmigu Ovari Sri Suyambulinga Swami Temple in Uvari, Radhapuram Assembly Constituency, Tirunelveli District","construction of toilets and bathrooms for men at Arulmigu Ovari Sri Suyambulinga Swami Temple in Uvari, Radhapuram Assembly Constituency, Tirunelveli District",2026-01-19 00:00:00,,,2010000.0,,,,,recommended,missing_parseable_work_id,synthetic,wk_9693628f0671
wk_971724ea3da5,,RS,Delhi,Delhi,North West,NORTH WEST(COMMISSIONER NORTH WEST),NORTH WEST,Shri Narain Dass Gupta (2024-30) (2024-2030),NARAIN DASS GUPTA,RS_NARAIN DASS GUPTA,,Elected MP,Development of public parks,Normal/Others,Normal/Others,,"Provision of work for Installation of 90 RCC Benches in ward 21, Rohini A","Provision of work for Installation of 90 RCC Benches in ward 21, Rohini A",2025-09-24 00:00:00,,,983400.0,,,,,recommended,missing_parseable_work_id,synthetic,wk_971724ea3da5
wk_974d4b48151c,,RS,Rajasthan,Rajasthan,Dungarpur,DUNGARPUR(DISTRICT COLLECTOR DUNGARPUR_IDA),DUNGARPUR,Shri Madan Rathore (2024-30) (2024-2030),MADAN RATHORE,RS_MADAN RATHORE,,Elected MP,"Construction of roads, link roads, pathways or any other road with or without drainage system",Normal/Others,Normal/Others,,Construction of a road from the main road to the tribal cremation ground.,Construction of a road from the main road to the tribal cremation ground.,2026-01-06 00:00:00,,,750000.0,,,,,recommended,missing_parseable_work_id,synthetic,wk_974d4b48151c
wk_975ade96073b,,RS,Assam,Assam,Chirang,CHIRANG(Deputy Commissioner Chirang_IDA),CHIRANG,Shri Rwngwra Narzary (2022-28) (2022-2028),RWNGWRA NARZARY,RS_RWNGWRA NARZARY,,Elected MP,"Construction of roads, link roads, pathways or any other road with or without drainage system",Normal/Others,Normal/Others,,"Construction of road from Sayaram House to Bengtal to Birhangaon PWD road under Kadamtala VCDC, Sidli Dev. Block, Chirang.","Construction of road from Sayaram House to Bengtal to Birhangaon PWD road under Kadamtala VCDC, Sidli Dev. Block, Chirang.",2025-10-30 00:00:00,,,4500000.0,,,,,recommended,missing_parseable_work_id,synthetic,wk_975ade96073b
wk_975d37fccbf8,,RS,Assam,Assam,Chirang,CHIRANG(Deputy Commissioner Chirang_IDA),CHIRANG,Shri Rwngwra Narzary (2022-28) (2022-2028),RWNGWRA NARZARY,RS_RWNGWRA NARZARY,,Elected MP,Construction of boundary walls of existing public and community buildings,Normal/Others,Normal/Others,,"Construction of boundary smart fenching at Hasraobari Samabai Samittee, under Birhangaon VCDC, sidli dev. block.","Construction of boundary smart fenching at Hasraobari Samabai Samittee, under Birhangaon VCDC, sidli dev. block.",2025-12-22 00:00:00,,,1500000.0,,,,,recommended,missing_parseable_work_id,synthetic,wk_975d37fccbf8
wk_9763b07a7d4c,,RS,Karnataka,Karnataka,Yadgir,YADGIR(Deputy Commsioner Yadgir_ida),YADGIR,Shri Jairam Ramesh (2022-28) (2022-2028),JAIRAM RAMESH,RS_JAIRAM RAMESH,,Elected MP,Construction of public irrigation facilities,Normal/Others,Normal/Others,,Irrigation Facilities through,Irrigation Facilities through,2025-09-19 00:00:00,,,800000.0,,,,,recommended,missing_parseable_work_id,synthetic,wk_9763b07a7d4c
wk_97ec74f03788,,RS,Kerala,Kerala,Malappuram,MALAPPURAM(DISTRICT COLLECTOR MALAPPURAM_IDA),MALAPPURAM,Shri Abdul Wahab (2021-27) (2021-2027),ABDUL WAHAB,RS_ABDUL WAHAB,,Elected MP,Purchase of furniture and fixtures for educational purposes,Normal/Others,Normal/Others,,"Purchasing of Furnitures for GMLP School, Mampad North, Mampad Panchayat","Purchasing of Furnitures for GMLP School, Mampad North, Mampad Panchayat",2025-07-21 00:00:00,,,250000.0,,,,,recommended,missing_parseable_work_id,synthetic,wk_97ec74f03788
wk_97edbd6854f0,,RS,Madhya Pradesh,Madhya Pradesh,Gwalior,GWALIOR(DISTRICT COLLECTOR GWALIOR_IDA),GWALIOR,Dr. L. Murugan (2024-30) (2024-2030),L MURUGAN,RS_L MURUGAN,,Elected MP,Improvement of electricity distribution infrastructure,Normal/Others,Normal/Others,,"electrification work behind Shyam garden, ward no 61, ekta vihar colony, Khureri, Badagaon","electrification work behind Shyam garden, ward no 61, ekta vihar colony, Khureri, Badagaon",2025-07-24 00:00:00,,,1000000.0,,,,,recommended,missing_parseable_work_id,synthetic,wk_97edbd6854f0
wk_983606406ecf,,LS,Kerala,Kerala,Ernakulam,ERNAKULAM(DISTRICT COLLECTOR ERNAKULAM_IDA),ERNAKULAM,Shri Hibi Eden,HIBI EDEN,LS_HIBI EDEN,ERNAKULAM,,"Construction of roads, link roads, pathways or any other road with or without drainage system",Repair and Renovation,Repair and Renovation,,"Renovation of Kottakunnu Road at Ward 21, Eloor Muncipality","Renovation of Kottakunnu Road at Ward 21, Eloor Muncipality",2024-08-16 00:00:00,,,1500000.0,,,,,recommended,missing_parseable_work_id,synthetic,wk_983606406ecf
wk_98778be2bffe,,RS,Odisha,Odisha,Puri,PURI(DISTRICT COLLECTOR PURI_IDA),PURI,Shri Subhasish Khuntia (2024-30) (2024-2030),SUBHASISH KHUNTIA,RS_SUBHASISH KHUNTIA,,Elected MP,Construction of community centers and community halls,Normal/Others,Normal/Others,,"Construction of Community center at Rahas Mohanty Jaga, Markandeswar Sahi, Mangalaghata Road","Construction of Community center at Rahas Mohanty Jaga, Markandeswar Sahi, Mangalaghata Road",2025-09-26 00:00:00,,,500000.0,,,,,recommended,missing_parseable_work_id,synthetic,wk_98778be2bffe
wk_98e7f621ece3,,RS,Jharkhand,Jharkhand,Ranchi,RANCHI(DEPUTY COMMISSIONER RANCHI_IDA),RANCHI,Shri Aditya Prasad (2022-28) (2022-2028),ADITYA PRASAD,RS_ADITYA PRASAD,,Elected MP,Construction of community centers and community halls,Normal/Others,Normal/Others,,Construction of 1st floor of existing community hall in harmu housing colony ward no 26 of Ranchi nagar nigam,Construction of 1st floor of existing community hall in harmu housing colony ward no 26 of Ranchi nagar nigam,2025-09-21 00:00:00,,,1450000.0,,,,,recommended,missing_parseable_work_id,synthetic,wk_98e7f621ece3
wk_98ea43b8a967,,RS,Kerala,Kerala,Malappuram,MALAPPURAM(DISTRICT COLLECTOR MALAPPURAM_IDA),MALAPPURAM,Shri Abdul Wahab (2021-27) (2021-2027),ABDUL WAHAB,RS_ABDUL WAHAB,,Elected MP,"Purchase of IT systems, including hardware and software for educational purposes",Normal/Others,Normal/Others,,"Purchasing Computers for Mar Clemis UP School, Mampad Panchayat","Purchasing Computers for Mar Clemis UP School, Mampad Panchayat",2025-07-21 00:00:00,,,150000.0,,,,,recommended,missing_parseable_work_id,synthetic,wk_98ea43b8a967
wk_98ed231843e3,,RS,Telangana,Telangana,Khammam,KHAMMAM(DISTRICT COLLECTOR KHAMMAM_IDA),KHAMMAM,Shri Ravi Chandra Vaddiraju (2024-30) (2024-2030),RAVI CHANDRA VADDIRAJU,RS_RAVI CHANDRA VADDIRAJU,,Elected MP,"Construction of flood control embankments/ protection walls along riverbanks, hilltops, roadsides",Normal/Others,Normal/Others,,"Construction of Culvert at Ward No.36, Gandhi Chowk, Khammam Urban, Khammam District.","Construction of Culvert at Ward No.36, Gandhi Chowk, Khammam Urban, Khammam District.",2025-05-20 00:00:00,,,600000.0,,,,,recommended,missing_parseable_work_id,synthetic,wk_98ed231843e3
wk_98eebb3b9265,,RS,Kerala,Kerala,Kannur,KANNUR(DISTRICT COLLECTOR KANNUR_IDA),KANNUR,Dr. John Brittas (2021-27) (2021-2027),JOHN BRITTAS,RS_JOHN BRITTAS,,Elected MP,"Purchase of prosthetics, wheel chairs, tricycles (manual or motorized), elect scooties, hearing aids",Normal/Others,Normal/Others,,"Purchase and distribution of one motorized tricycle to eligible person with disabilities from Scheduled Caste Category residing in Kalladathodu Scheduled Caste Colony, Azhikode Panchayat, Azhikode South Village, Kannur District (S.C)","Purchase and distribution of one motorized tricycle to eligible person with disabilities from Scheduled Caste Category residing in Kalladathodu Scheduled Caste Colony, Azhikode Panchayat, Azhikode South Village, Kannur District (S.C)",2025-04-25 00:00:00,,,130000.0,,,,,recommended,missing_parseable_work_id,synthetic,wk_98eebb3b9265
wk_990f9b965e47,,LS,Maharashtra,Maharashtra,Raigad,RAIGAD(DISTRICT COLLECTOR RAIGAD_IDA),RAIGAD,Shrirang Appa Barne,SHRIRANG APPA BARNE,LS_SHRIRANG APPA BARNE,MAVAL,,Crematoriums/energy efficient crematoriums or structures on burial/cremation ground,Normal/Others,Normal/Others,,Built New Cremation In Navhandhe Tal Khalapur Dist Raigad,Built New Cremation In Navhandhe Tal Khalapur Dist Raigad,2024-12-18 00:00:00,,,1000000.0,,,,,recommended,missing_parseable_work_id,synthetic,wk_990f9b965e47
wk_9918f56a29b1,,RS,Jammu And Kashmir,Jammu And Kashmir,Poonch,POONCH(Deputy Commissioner Poonch_IDA),POONCH,Shri Gulam Ali (2022-28) (2022-2028),GULAM ALI,RS_GULAM ALI,,Nominated MP,Installing hand pumps,Normal/Others,Normal/Others,,INSTALLATION OF HAND PUMP NEAR PEER BABA TV TOWER MOHHALAH MAJRIAN WARD NO 8 PANCHAYAT MIDHLU DHARGLOON,INSTALLATION OF HAND PUMP NEAR PEER BABA TV TOWER MOHHALAH MAJRIAN WARD NO 8 PANCHAYAT MIDHLU DHARGLOON,2026-01-11 00:00:00,,,300000.0,,,,,recommended,missing_parseable_work_id,synthetic,wk_9918f56a29b1
wk_991c5aa42796,,RS,Telangana,Telangana,Warangal,WARANGAL(District Collector Warangal_IDA),WARANGAL,Shri Ravi Chandra Vaddiraju (2024-30) (2024-2030),RAVI CHANDRA VADDIRAJU,RS_RAVI CHANDRA VADDIRAJU,,Elected MP,"Construction of roads, link roads, pathways or any other road with or without drainage system",Normal/Others,Normal/Others,,From Moripirala R&B Road to N.Ashok Land Via Oollakunta in Shivaramapuram(R&R Colony)(V) of Rayaparthy(M)-BIT-2,From Moripirala R&B Road to N.Ashok Land Via Oollakunta in Shivaramapuram(R&R Colony)(V) of Rayaparthy(M)-BIT-2,2024-10-18 00:00:00,,,499000.0,,,,,recommended,missing_parseable_work_id,synthetic,wk_991c5aa42796
wk_99378693a3b2,,RS,Odisha,Odisha,Puri,PURI(DISTRICT COLLECTOR PURI_IDA),PURI,Shri Subhasish Khuntia (2024-30) (2024-2030),SUBHASISH KHUNTIA,RS_SUBHASISH KHUNTIA,,Elected MP,Construction of community centers and community halls,Normal/Others,Normal/Others,,Construction of community center of Jagannath Club.,Construction of community center of Jagannath Club.,2025-08-25 00:00:00,,,500000.0,,,,,recommended,missing_parseable_work_id,synthetic,wk_99378693a3b2
wk_9941b3b9e987,,RS,Maharashtra,Maharashtra,Gondia,GONDIA(DISTRICT COLLECTOR GONDIA_IDA),GONDIA,Shri Praful Patel (2024-30) (2024-2030),PRAFUL PATEL,RS_PRAFUL PATEL,,Elected MP,Setting up crops conservation facilities,Normal/Others,Normal/Others,,Bhanpur me manrega abhisharan yojana me krushi mal Godowan Bandhakam,Bhanpur me manrega abhisharan yojana me krushi mal Godowan Bandhakam,2025-03-04 00:00:00,,,500000.0,,,,,recommended,missing_parseable_work_id,synthetic,wk_9941b3b9e987
wk_9943486b51d6,,RS,Kerala,Kerala,Kottayam,KOTTAYAM(DISTRICT COLLECTOR KOTTAYAM_IDA),KOTTAYAM,Shri Jose K. Mani (2024-30) (2024-2030),JOSE K MANI,RS_JOSE K MANI,,Elected MP,Lighting of public spaces,Normal/Others,Normal/Others,,Installation of Mini Mast Light at Paika Temple Junction,Installation of Mini Mast Light at Paika Temple Junction,2024-12-11 00:00:00,,,200000.0,,,,,recommended,missing_parseable_work_id,synthetic,wk_9943486b51d6
wk_997f7034935c,,RS,Maharashtra,Maharashtra,Mumbai,MUMBAI(DISTRICT COLLECTOR MUMBAI CITY_IDA),MUMBAI,Shri Imran Pratapgarhi (2022-28) (2022-2028),IMRAN PRATAPGARHI,RS_IMRAN PRATAPGARHI,,Elected MP,Providing drains and gutters for public drainage,Normal/Others,Normal/Others,,Construction of Drain and Passage PIF Ladi at Prem Nagar Near L.B.S. Marg Dharavi,Construction of Drain and Passage PIF Ladi at Prem Nagar Near L.B.S. Marg Dharavi,2025-05-16 00:00:00,,,2500000.0,,,,,recommended,missing_parseable_work_id,synthetic,wk_997f7034935c
wk_9999f3b1596d,,RS,Gujarat,Gujarat,Mahesana,MAHESANA(DISTRICT COLLECTOR MAHESANA_IDA),MAHESANA,Shri Mayankkumar Nayak (2024-30) (2024-2030),MAYANKKUMAR NAYAK,RS_MAYANKKUMAR NAYAK,,Elected MP,Construction of public libraries and reading rooms,Normal/Others,Normal/Others,,- Construction of public libraries in Hirpura village,- Construction of public libraries in Hirpura village,2025-07-18 00:00:00,,,1000000.0,,,,,recommended,missing_parseable_work_id,synthetic,wk_9999f3b1596d
wk_999fd523e353,,RS,Maharashtra,Maharashtra,Pune,PUNE(DISTRICT COLLECTOR PUNE_IDA),PUNE,Dr. Medha Vishram Kulkarni (2024-30) (2024-2030),MEDHA VISHRAM KULKARNI,RS_MEDHA VISHRAM KULKARNI,,Elected MP,Construction of bus-sheds or bus-stops,Normal/Others,Normal/Others,,At Ward 12 Establishment of a bus stop at Sakal Nagar Down Side,At Ward 12 Establishment of a bus stop at Sakal Nagar Down Side,2025-11-26 00:00:00,,,1000000.0,,,,,recommended,missing_parseable_work_id,synthetic,wk_999fd523e353
wk_99c60149c196,,RS,Maharashtra,Maharashtra,Pune,PUNE(DISTRICT COLLECTOR PUNE_IDA),PUNE,Dr. Medha Vishram Kulkarni (2024-30) (2024-2030),MEDHA VISHRAM KULKARNI,RS_MEDHA VISHRAM KULKARNI,,Elected MP,Construction of bus-sheds or bus-stops,Normal/Others,Normal/Others,,Ward 32 Establishment of a bus stop at Warje Gaon Down.,Ward 32 Establishment of a bus stop at Warje Gaon Down.,2025-11-26 00:00:00,,,1000000.0,,,,,recommended,missing_parseable_work_id,synthetic,wk_99c60149c196
wk_99c9aa723edf,,RS,Odisha,Odisha,Khordha,KHORDHA(DISTRICT COLLECTOR KHORDHA_IDA),KHORDHA,Shri Manas Ranjan Mangaraj (2022-28) (2022-2028),MANAS RANJAN MANGARAJ,RS_MANAS RANJAN MANGARAJ,,Elected MP,Construction of community centers and community halls,Normal/Others,Normal/Others,,"Construction of Community Center in Salapadihi village under Moramori GP of Banpur Block, Dist- Khordha","Construction of Community Center in Salapadihi village under Moramori GP of Banpur Block, Dist- Khordha",2024-08-02 00:00:00,,,1000000.0,,,,,recommended,missing_parseable_work_id,synthetic,wk_99c9aa723edf
wk_99fa047ee524,,RS,Karnataka,Karnataka,Dharwad,DHARWAD(DEPUTY COMMISSIONER DHARWAR_IDA),DHARWAD,Shri Jaggesh (2022-28) (2022-2028),JAGGESH,RS_JAGGESH,,Elected MP,Construction of buildings for training institutions,Normal/Others,Normal/Others,,Development of Infrastructure for Skill Training Centre.,Development of Infrastructure for Skill Training Centre.,2024-03-02 00:00:00,,,1000000.0,,,,,recommended,missing_parseable_work_id,synthetic,wk_99fa047ee524
wk_9a165c9c3176,,RS,Telangana,Telangana,Mahabubabad,MAHABUBABAD(DISTRICT COLLECTOR MAHABUBABAD_IDA),MAHABUBABAD,Shri Ravi Chandra Vaddiraju (2024-30) (2024-2030),RAVI CHANDRA VADDIRAJU,RS_RAVI CHANDRA VADDIRAJU,,Elected MP,Setting up of kitchen and pantries,Normal/Others,Normal/Others,,Construction of Kitchen Room at Model School Nellikudur in Mahabubabad District.,Construction of Kitchen Room at Model School Nellikudur in Mahabubabad District.,2025-06-04 00:00:00,,,499000.0,,,,,recommended,missing_parseable_work_id,synthetic,wk_9a165c9c3176
wk_9a30644568b4,,RS,Tamil Nadu,Tamil Nadu,Sivaganga,SIVAGANGA(DISTRICT COLLECTOR SIVAGANGA_IDA),SIVAGANGA,Shri P. Chidambaram (2022-28) (2022-2028),P CHIDAMBARAM,RS_P CHIDAMBARAM,,Elected MP,Purchase of books and periodicals for libraries/digitization of library books,Normal/Others,Normal/Others,,Purchase of Book at Mahatma Gandhi Library in Sivagangai District (40 Government Higher Secondary School) (40 x 10000),Purchase of Book at Mahatma Gandhi Library in Sivagangai District (40 Government Higher Secondary School) (40 x 10000),2025-12-24 00:00:00,,,400000.0,,,,,recommended,missing_parseable_work_id,synthetic,wk_9a30644568b4
wk_9a3f1bf25bdc,,LS,Maharashtra,Maharashtra,Chandrapur,CHANDRAPUR(DISTRICT COLLECTOR CHANDRAPUR_IDA),CHANDRAPUR,DHANORKAR PRATIBHA SURESH ALIAS BALUBHAU,DHANORKAR PRATIBHA SURESH ALIAS BALUBHAU,LS_DHANORKAR PRATIBHA SURESH ALIAS BALUBHAU,CHANDRAPUR,,Construction of community centers and community halls,Normal/Others,Normal/Others,,??.??.??. ???????? ????? ????? ???? ???????? ?????? ???????? ?????? ?????? ????? ??????? ???????? ???????? ????.,??.??.??. ???????? ????? ????? ???? ???????? ?????? ???????? ?????? ?????? ????? ??????? ???????? ???????? ????.,2024-10-15 00:00:00,,,1000000.0,,,,,recommended,missing_parseable_work_id,synthetic,wk_9a3f1bf25bdc
wk_9a50131ef244,,RS,Karnataka,Karnataka,Bagalkote,BAGALKOTE(DEPUTY COMMISSIONER BAGALKOT_IDA),BAGALKOTE,Shri Narayanasa K. Bhandage (2024-30) (2024-2030),NARAYANASA K BHANDAGE,RS_NARAYANASA K BHANDAGE,,Elected MP,Construction of rooms and halls in school and colleges,Repair and Renovation,Repair and Renovation,,"Repair and renovation work of government school building in Navanagar, Bagalkote.","Repair and renovation work of government school building in Navanagar, Bagalkote.",2025-05-19 00:00:00,,,475000.0,,,,,recommended,missing_parseable_work_id,synthetic,wk_9a50131ef244
wk_9a5a8b9d1072,,RS,Madhya Pradesh,Madhya Pradesh,Vidisha,VIDISHA(District Collector Vidisha_IDA),VIDISHA,Dr. L. Murugan (2024-30) (2024-2030),L MURUGAN,RS_L MURUGAN,,Elected MP,Construction of buildings for community cultural activities,Normal/Others,Normal/Others,,construction on manglik bhawan near hanuman mandir,construction on manglik bhawan near hanuman mandir,2025-07-16 00:00:00,,,1000000.0,,,,,recommended,missing_parseable_work_id,synthetic,wk_9a5a8b9d1072
wk_9a6820c9392e,,RS,West Bengal,West Bengal,Purba Medinipur,Purba Medinipur(DISTRICT MAGISTRATE PURBA MEDINIPUR_IDA),PURBA MEDINIPUR,Shri Samik Bhattacharya (2024-30) (2024-2030),SAMIK BHATTACHARYA,RS_SAMIK BHATTACHARYA,,Elected MP,"Construction of roads, link roads, pathways or any other road with or without drainage system",Normal/Others,Normal/Others,,"Construction of Concrete Road with Road Protection Wall from Dilip Chakraborti house to Susanta Chakraborti house at Bansda Paschim Under Santipur 2 Gram Panchayat, Under Sahid Matangi Panchayat Samiti.","Construction of Concrete Road with Road Protection Wall from Dilip Chakraborti house to Susanta Chakraborti house at Bansda Paschim Under Santipur 2 Gram Panchayat, Under Sahid Matangi Panchayat Samiti.",2025-08-27 00:00:00,,,589606.0,,,,,recommended,missing_parseable_work_id,synthetic,wk_9a6820c9392e
wk_9a8ba5e29a1d,,RS,Maharashtra,Maharashtra,Bhandara,BHANDARA(DISTRICT COLLECTOR BHANDARA_IDA),BHANDARA,Shri Praful Patel (2024-30) (2024-2030),PRAFUL PATEL,RS_PRAFUL PATEL,,Elected MP,Construction of community centers and community halls,Normal/Others,Normal/Others,,PURANI GRAMPANCHAYAT SABHGRAH KI JAGAH PAR SABHAGRAH NIRMAN,PURANI GRAMPANCHAYAT SABHGRAH KI JAGAH PAR SABHAGRAH NIRMAN,2025-09-19 00:00:00,,,1000000.0,,,,,recommended,missing_parseable_work_id,synthetic,wk_9a8ba5e29a1d
wk_9aa6db3b6997,,LS,Karnataka,Karnataka,Belagavi,BELAGAVI(DEPUTY COMMISSIONER BELGAUM_IDA),BELAGAVI,PRIYANKA SATISH JARKIHOLI,PRIYANKA SATISH JARKIHOLI,LS_PRIYANKA SATISH JARKIHOLI,CHIKKODI,,Construction of bus-sheds or bus-stops,Normal/Others,Normal/Others,,Construction of Bus Shelter,Construction of Bus Shelter,2024-10-28 00:00:00,,,500000.0,,,,,recommended,missing_parseable_work_id,synthetic,wk_9aa6db3b6997
wk_9b48dfafd43d,,RS,Bihar,Bihar,Vaishali,VAISHALI(DISTRICT PLANNING OFFICER VAISHALI_IDA),VAISHALI,Shri Sanjay Yadav (2024-30) (2024-2030),SANJAY YADAV,RS_SANJAY YADAV,,Elected MP,Construction of community centers and community halls,Normal/Others,Normal/Others,,"Construction of a community building on the available land in Sahdullahpur Panchayat under Bidupur block, including one borewell with hand pump, one toilet, two urinals, one room (12 x 10), and one large hall.","Construction of a community building on the available land in Sahdullahpur Panchayat under Bidupur block, including one borewell with hand pump, one toilet, two urinals, one room (12 x 10), and one large hall.",2025-09-27 00:00:00,,,1499000.0,,,,,recommended,missing_parseable_work_id,synthetic,wk_9b48dfafd43d
wk_9b48f90ff313,,RS,Odisha,Odisha,Kataka,Kataka(DISTRICT COLLECTOR CUTTACK_IDA),KATAKA,Shri Manas Ranjan Mangaraj (2022-28) (2022-2028),MANAS RANJAN MANGARAJ,RS_MANAS RANJAN MANGARAJ,,Elected MP,Construction of community centers and community halls,Normal/Others,Normal/Others,,"Construction of Azad Club at Ward No. 1, Choudwar Municipality, District- Cuttack","Construction of Azad Club at Ward No. 1, Choudwar Municipality, District- Cuttack",2025-06-07 00:00:00,,,100000.0,,,,,recommended,missing_parseable_work_id,synthetic,wk_9b48f90ff313
wk_9b998472778c,,LS,Uttar Pradesh,Uttar Pradesh,Muzaffarnagar,MUZAFFARNAGAR(DISTRICT MAGISTRATE MUZAFFARNAGAR_IDA),MUZAFFARNAGAR,HARENDRA SINGH MALIK,HARENDRA SINGH MALIK,LS_HARENDRA SINGH MALIK,MUZAFFARNAGAR,,"Construction of roads, link roads, pathways or any other road with or without drainage system",Normal/Others,Normal/Others,,interlocking 100 mtr lenth with 5 mtr wide from jikariya house to mehfuj village sujdu,interlocking 100 mtr lenth with 5 mtr wide from jikariya house to mehfuj village sujdu,2024-12-12 00:00:00,,,600000.0,,,,,recommended,missing_parseable_work_id,synthetic,wk_9b998472778c
wk_9bb2c65d14e4,,RS,Tamil Nadu,Tamil Nadu,Cuddalore,CUDDALORE(DISTRICT COLLECTOR CUDDALORE_IDA),CUDDALORE,Shri R. Girirajan (2022-28) (2022-2028),R GIRIRAJAN,RS_R GIRIRAJAN,,Elected MP,Lighting of public spaces,Normal/Others,Normal/Others,,Providing Highmast light @ Near Sivan Koil Keezhkalpoondi Panchayat in Cuddlore,Providing Highmast light @ Near Sivan Koil Keezhkalpoondi Panchayat in Cuddlore,2023-12-27 00:00:00,,,450000.0,,,,,recommended,missing_parseable_work_id,synthetic,wk_9bb2c65d14e4
wk_9bc0525084f0,,RS,Telangana,Telangana,Rajanna Sircilla,RAJANNA SIRCILLA(DISTRICT COLLECTOR RAJANNA SIRCILLA_IDA),RAJANNA SIRCILLA,Shri Damodar Rao Divakonda (2022-28) (2022-2028),DAMODAR RAO DIVAKONDA,RS_DAMODAR RAO DIVAKONDA,,Elected MP,"Construction of roads, link roads, pathways or any other road with or without drainage system",Normal/Others,Normal/Others,,C/o CC Drain from NeelamSanthosh (H) to Backside of House bearing No. 3-8-71 and C/o CC Road from NeelamSanthosh (H) to backside of house bearing No.3-8-71 in Ward No.14 Sircilla Town,C/o CC Drain from NeelamSanthosh (H) to Backside of House bearing No. 3-8-71 and C/o CC Road from NeelamSanthosh (H) to backside of house bearing No.3-8-71 in Ward No.14 Sircilla Town,2024-10-23 00:00:00,,,500000.0,,,,,recommended,missing_parseable_work_id,synthetic,wk_9bc0525084f0
wk_9c94fbe21d53,,RS,Assam,Assam,Barpeta,BARPETA(DEPUTY COMMISSIONER BARPETA 1),BARPETA,Shri Kanad Purkayastha (2025-31) (2025-2031),KANAD PURKAYASTHA,RS_KANAD PURKAYASTHA,,Elected MP,"Purchase of ambulances (Four, three and two wheelers)",Normal/Others,Normal/Others,,"Purchase of Ambulance for Moutupuri Chatana Rural Dev. Society, Howly.","Purchase of Ambulance for Moutupuri Chatana Rural Dev. Society, Howly.",2025-11-20 00:00:00,,,1200000.0,,,,,recommended,missing_parseable_work_id,synthetic,wk_9c94fbe21d53
wk_9d16386f6a47,,RS,Assam,Assam,Sivasagar,SIVASAGAR(Deputy Commissioner Sivsagar_IDA),SIVASAGAR,Shri Pabitra Margherita (2022-28) (2022-2028),PABITRA MARGHERITA,RS_PABITRA MARGHERITA,,Elected MP,Construction of community centers and community halls,Normal/Others,Normal/Others,,"CONSTRUCTION OF BORMISING RANGA MANCHA, SANTAK BORMICHING","CONSTRUCTION OF BORMISING RANGA MANCHA, SANTAK BORMICHING",2025-03-17 00:00:00,,,1000000.0,,,,,recommended,missing_parseable_work_id,synthetic,wk_9d16386f6a47
wk_9d26a4811389,,RS,Rajasthan,Rajasthan,Pratapgarh,PRATAPGARH(DISTRICT COLLECTOR PRATAPGARH_IDA),PRATAPGARH,Shri Madan Rathore (2024-30) (2024-2030),MADAN RATHORE,RS_MADAN RATHORE,,Elected MP,Construction of common work sheds/ common covered sitting area,Normal/Others,Normal/Others,,Kitchen shed construction work in the community building of in Pratapgarh ward no. 29,Kitchen shed construction work in the community building of in Pratapgarh ward no. 29,2025-08-21 00:00:00,,,1500000.0,,,,,recommended,missing_parseable_work_id,synthetic,wk_9d26a4811389
wk_9d5b6293c660,,RS,Karnataka,Karnataka,Shivamogga,SHIVAMOGGA(DEPUTY COMMISSIONER SHIMOGA_IDA),SHIVAMOGGA,Dr. Dharmasthala Veerendra Heggade (2022-28) (2022-2028),DHARMASTHALA VEERENDRA HEGGADE,RS_DHARMASTHALA VEERENDRA HEGGADE,,Nominated MP,Construction of shelters for animals,Normal/Others,Normal/Others,,Construction of shelters for animal,Construction of shelters for animal,2025-02-04 00:00:00,,,1500000.0,,,,,recommended,missing_parseable_work_id,synthetic,wk_9d5b6293c660
wk_9d6c36365af1,,RS,Uttarakhand,Uttarakhand,Chamoli,CHAMOLI(DM Chamoli_IDA),CHAMOLI,Shri Mahendra Bhatt (2024-30) (2024-2030),MAHENDRA BHATT,RS_MAHENDRA BHATT,,Elected MP,Setting up crops conservation facilities,Normal/Others,Normal/Others,,Joshimath ke Gram Karachhon me Aalu Vipdan kentra ka nirman. K.S.- Gram Panchayat Karachhon,Joshimath ke Gram Karachhon me Aalu Vipdan kentra ka nirman. K.S.- Gram Panchayat Karachhon,2025-12-12 00:00:00,,,500000.0,,,,,recommended,missing_parseable_work_id,synthetic,wk_9d6c36365af1
wk_9da7373829ec,,RS,Telangana,Telangana,Mahabubabad,MAHABUBABAD(DISTRICT COLLECTOR MAHABUBABAD_IDA),MAHABUBABAD,Shri Ravi Chandra Vaddiraju (2024-30) (2024-2030),RAVI CHANDRA VADDIRAJU,RS_RAVI CHANDRA VADDIRAJU,,Elected MP,Construction of community centers and community halls,Normal/Others,Normal/Others,,Construction of Community Hall at Ward No.4 in Inugurthy,Construction of Community Hall at Ward No.4 in Inugurthy,2025-05-25 00:00:00,,,499000.0,,,,,recommended,missing_parseable_work_id,synthetic,wk_9da7373829ec
wk_9dd083f9f2eb,,RS,Kerala,Kerala,Kannur,KANNUR(DISTRICT COLLECTOR KANNUR_IDA),KANNUR,Dr. John Brittas (2021-27) (2021-2027),JOHN BRITTAS,RS_JOHN BRITTAS,,Elected MP,Crematoriums/energy efficient crematoriums or structures on burial/cremation ground,Normal/Others,Normal/Others,,"Renovation of cremation ground at Vengara Kuthirummal SC Colony, Ward No. III, Madayi Grama Panchayat, Madayi Village, Payyanur Taluk, Kannur District (SC)","Renovation of cremation ground at Vengara Kuthirummal SC Colony, Ward No. III, Madayi Grama Panchayat, Madayi Village, Payyanur Taluk, Kannur District (SC)",2025-04-25 00:00:00,,,2000000.0,,,,,recommended,missing_parseable_work_id,synthetic,wk_9dd083f9f2eb
wk_9de0a5946221,,RS,Maharashtra,Maharashtra,Ahilyanagar,Ahilyanagar(DISTRICT COLLECTOR AHMEDNAGAR_IDA),AHILYANAGAR,Dr. Anil Sukhdeorao Bonde (2022-28) (2022-2028),ANIL SUKHDEORAO BONDE,RS_ANIL SUKHDEORAO BONDE,,Elected MP,Purchase of immovable sports equipment,Trust and Society,Trust and Society,,"Purchase of immovable sports equipment at jagdamba Shikshan Prasarak Mandal Kuldharan, Karjat Ahmednagar.","Purchase of immovable sports equipment at jagdamba Shikshan Prasarak Mandal Kuldharan, Karjat Ahmednagar.",2025-12-15 00:00:00,,,300000.0,,,,,recommended,missing_parseable_work_id,synthetic,wk_9de0a5946221
wk_9de5bab15fcf,,RS,Maharashtra,Maharashtra,Sindhudurg,SINDHUDURG(DISTRICT COLLECTOR SINDHUDURG_IDA),SINDHUDURG,Shri Sanjay Raut (2022-28) (2022-2028),SANJAY RAUT,RS_SANJAY RAUT,,Elected MP,"Construction of roads, link roads, pathways or any other road with or without drainage system",Normal/Others,Normal/Others,,District Sindhudurg Taluka Sawantwadi Mu.Insuli District Parishad Primary School No.1,District Sindhudurg Taluka Sawantwadi Mu.Insuli District Parishad Primary School No.1,2025-01-03 00:00:00,,,200000.0,,,,,recommended,missing_parseable_work_id,synthetic,wk_9de5bab15fcf
wk_9e12a02b77a4,,LS,Kerala,Kerala,Kannur,KANNUR(DISTRICT COLLECTOR KANNUR_IDA),KANNUR,Shri Kumbakudi Sudhakaran,KUMBAKUDI SUDHAKARAN,LS_KUMBAKUDI SUDHAKARAN,KANNUR,,Street lights,Normal/Others,Normal/Others,,Installation of High Mast Light at PACHANI TOWN ((08 Meter High Mast With 5x150 Watts -LED Flood LIGHT) IN Alakode Grama Panchayath.,Installation of High Mast Light at PACHANI TOWN ((08 Meter High Mast With 5x150 Watts -LED Flood LIGHT) IN Alakode Grama Panchayath.,2024-09-22 00:00:00,,,300000.0,,,,,recommended,missing_parseable_work_id,synthetic,wk_9e12a02b77a4
wk_9e1421ea3a6e,,RS,Uttar Pradesh,Uttar Pradesh,Lucknow,LUCKNOW(DISTRICT MAGISTRAE LUCKNOW_IDA),LUCKNOW,Dr. Dinesh Sharma (2023-26) (2023-2026),DINESH SHARMA,RS_DINESH SHARMA,,Elected MP,"Construction of rooms and facilities for hospitals, FWC , PHC Centers and ANM centers",Repair and Renovation,Repair and Renovation,,Construction of two operation theaters at Gajendra Dutt Naithani Memorial Deenbandhu Netralaya Gajendra Dutt Naithani Deenbandhu Netralaya Trust near Purvanchal Expressway Sultanpur Road Lucknow,Construction of two operation theaters at Gajendra Dutt Naithani Memorial Deenbandhu Netralaya Gajendra Dutt Naithani Deenbandhu Netralaya Trust near Purvanchal Expressway Sultanpur Road Lucknow,2026-01-10 00:00:00,,,5000000.0,,,,,recommended,missing_parseable_work_id,synthetic,wk_9e1421ea3a6e
wk_9edbd4deab94,,RS,Kerala,Kerala,Kozhikode,KOZHIKODE(DISTRICT COLLECTOR KOZHIKODE_IDA),KOZHIKODE,Smt. P. T. Usha (2022-28) (2022-2028),P T USHA,RS_P T USHA,,Nominated MP,"Construction of roads, link roads, pathways or any other road with or without drainage system",Normal/Others,Normal/Others,,Construction AEO Office Kodimukku Pathway in Ward No. 17 (Concreting),Construction AEO Office Kodimukku Pathway in Ward No. 17 (Concreting),2025-09-20 00:00:00,,,1000000.0,,,,,recommended,missing_parseable_work_id,synthetic,wk_9edbd4deab94
wk_9ef694cc0ba4,,LS,Maharashtra,Maharashtra,Mumbai,MUMBAI(DISTRICT COLLECTOR MUMBAI CITY_IDA),MUMBAI,Arvind Ganpat Sawant,ARVIND GANPAT SAWANT,LS_ARVIND GANPAT SAWANT,MUMBAI SOUTH,,Construction of community centers and community halls,Normal/Others,Normal/Others,,byculla sarvajanik utsav mandal n.m joshi marg byculla community hall,byculla sarvajanik utsav mandal n.m joshi marg byculla community hall,2024-10-08 00:00:00,,,2000000.0,,,,,recommended,missing_parseable_work_id,synthetic,wk_9ef694cc0ba4
wk_9f0b5f76ba52,,RS,Kerala,Kerala,Malappuram,MALAPPURAM(DISTRICT COLLECTOR MALAPPURAM_IDA),MALAPPURAM,Shri Abdul Wahab (2021-27) (2021-2027),ABDUL WAHAB,RS_ABDUL WAHAB,,Elected MP,Installing tube-wells and borewells,Normal/Others,Normal/Others,,"Construction of Well and installation of pumping motor for drinking water at Jawahar Nagar, Ward No.06, Nilambur Municipality","Construction of Well and installation of pumping motor for drinking water at Jawahar Nagar, Ward No.06, Nilambur Municipality",2025-03-16 00:00:00,,,500000.0,,,,,recommended,missing_parseable_work_id,synthetic,wk_9f0b5f76ba52
wk_9f59b283e83f,,RS,Uttar Pradesh,Uttar Pradesh,Lucknow,LUCKNOW(DISTRICT MAGISTRAE LUCKNOW_IDA),LUCKNOW,Dr. Dinesh Sharma (2023-26) (2023-2026),DINESH SHARMA,RS_DINESH SHARMA,,Elected MP,"Construction of roads, link roads, pathways or any other road with or without drainage system",Normal/Others,Normal/Others,,"Under Faizullaganj Ward 1, construction work of 100 meter road from Dr. Ravish Kumar Singhs residence 29 Sai City, near IIM Road, Mahi Enterprises to Anjani Guptas house.","Under Faizullaganj Ward 1, construction work of 100 meter road from Dr. Ravish Kumar Singhs residence 29 Sai City, near IIM Road, Mahi Enterprises to Anjani Guptas house.",2025-10-26 00:00:00,,,900000.0,,,,,recommended,missing_parseable_work_id,synthetic,wk_9f59b283e83f
wk_9f6559ec6952,,RS,Kerala,Kerala,Kannur,KANNUR(DISTRICT COLLECTOR KANNUR_IDA),KANNUR,Shri Jose K. Mani (2024-30) (2024-2030),JOSE K MANI,RS_JOSE K MANI,,Elected MP,Lighting of public spaces,Normal/Others,Normal/Others,,Installation of Mini Mast Light at Infant Jeesus Church Jn. Cheekad,Installation of Mini Mast Light at Infant Jeesus Church Jn. Cheekad,2025-05-21 00:00:00,,,200000.0,,,,,recommended,missing_parseable_work_id,synthetic,wk_9f6559ec6952
wk_9fad74b4f418,,LS,Kerala,Kerala,Pathanamthitta,PATHANAMTHITTA(DISTRICT COLLECTOR PATHANAMTHITTA_IDA),PATHANAMTHITTA,Anto Antony,ANTO ANTONY,LS_ANTO ANTONY,PATHANAMTHITTA,,Lighting of public spaces,Normal/Others,Normal/Others,,Providing 8 Meter LED Mini Mast Light at Moonnukallu IPC Pady (Allumkal) in Seethathodu Grama Panchayat.,Providing 8 Meter LED Mini Mast Light at Moonnukallu IPC Pady (Allumkal) in Seethathodu Grama Panchayat.,2024-09-24 00:00:00,,,250000.0,,,,,recommended,missing_parseable_work_id,synthetic,wk_9fad74b4f418
wk_9fae2a9f9d2c,,RS,Kerala,Kerala,Kottayam,KOTTAYAM(DISTRICT COLLECTOR KOTTAYAM_IDA),KOTTAYAM,Shri Haris Beeran (2024-30) (2024-2030),HARIS BEERAN,RS_HARIS BEERAN,,Elected MP,Providing supply pipelines for drinking water,Normal/Others,Normal/Others,,Work of Laying Water Supply Pipes under the Jalanidhi Drinking Water Project,Work of Laying Water Supply Pipes under the Jalanidhi Drinking Water Project,2025-10-28 00:00:00,,,1000000.0,,,,,recommended,missing_parseable_work_id,synthetic,wk_9fae2a9f9d2c
wk_9fe209dd00d2,,RS,Assam,Assam,Chirang,CHIRANG(Deputy Commissioner Chirang_IDA),CHIRANG,Shri Rwngwra Narzary (2022-28) (2022-2028),RWNGWRA NARZARY,RS_RWNGWRA NARZARY,,Elected MP,Construction of community centers and community halls,Normal/Others,Normal/Others,,construction of Community Hall at Kagrabari village under Rowmari VCDC.,construction of Community Hall at Kagrabari village under Rowmari VCDC.,2025-07-12 00:00:00,,,1400000.0,,,,,recommended,missing_parseable_work_id,synthetic,wk_9fe209dd00d2
wk_9ffc399c06b9,,RS,Andhra Pradesh,Andhra Pradesh,Yadadri Bhuvanagiri,YADADRI BHUVANAGIRI(DISTRICT COLLECTOR YADADRI BHUVANAGIRI_IDA),YADADRI BHUVANAGIRI,Shri V. Vijayendra Prasad (2022-28) (2022-2028),V VIJAYENDRA PRASAD,RS_V VIJAYENDRA PRASAD,,Nominated MP,Construction of community centers and community halls,Normal/Others,Normal/Others,,Construction of BC Community hall at Yellanki village,Construction of BC Community hall at Yellanki village,2026-01-19 00:00:00,,,1000000.0,,,,,recommended,missing_parseable_work_id,synthetic,wk_9ffc399c06b9
wk_a03d1371a8af,,LS,Kerala,Kerala,Kottayam,KOTTAYAM(DISTRICT COLLECTOR KOTTAYAM_IDA),KOTTAYAM,Shri Suresh Kodikunnil,SURESH KODIKUNNIL,LS_SURESH KODIKUNNIL,MAVELIKKARA(SC),,"Construction of roads, link roads, pathways or any other road with or without drainage system",Normal/Others,Normal/Others,,Construction of road from Kallacherimuttil to Bhagavathikalam (Pavathikkalam) in Kurichy GP,Construction of road from Kallacherimuttil to Bhagavathikalam (Pavathikkalam) in Kurichy GP,2024-11-07 00:00:00,,,2500000.0,,,,,recommended,missing_parseable_work_id,synthetic,wk_a03d1371a8af
wk_a0439bdf1797,,LS,Kerala,Kerala,Pathanamthitta,PATHANAMTHITTA(DISTRICT COLLECTOR PATHANAMTHITTA_IDA),PATHANAMTHITTA,Anto Antony,ANTO ANTONY,LS_ANTO ANTONY,PATHANAMTHITTA,,Lighting of public spaces,Normal/Others,Normal/Others,,Providing 10 Meter LED High Mast Light at Marthoma Youth Center Junction in Adoor Municipality.,Providing 10 Meter LED High Mast Light at Marthoma Youth Center Junction in Adoor Municipality.,2024-11-18 00:00:00,,,400000.0,,,,,recommended,missing_parseable_work_id,synthetic,wk_a0439bdf1797
wk_a04def656aa2,,RS,Uttarakhand,Uttarakhand,Chamoli,CHAMOLI(DM Chamoli_IDA),CHAMOLI,Shri Mahendra Bhatt (2024-30) (2024-2030),MAHENDRA BHATT,RS_MAHENDRA BHATT,,Elected MP,"Construction of roads, link roads, pathways or any other road with or without drainage system",Normal/Others,Normal/Others,,"Dist Chamoli me vikash khand Pokhari ke Gram Jhiloti ke Mukhya Marg par Reling and Anya Karya , K.S.- Sichai Khand Kothiyalsen Chamoli","Dist Chamoli me vikash khand Pokhari ke Gram Jhiloti ke Mukhya Marg par Reling and Anya Karya , K.S.- Sichai Khand Kothiyalsen Chamoli",2025-12-20 00:00:00,,,500000.0,,,,,recommended,missing_parseable_work_id,synthetic,wk_a04def656aa2
wk_a078788634db,,RS,Madhya Pradesh,Madhya Pradesh,Mandla,MANDLA(DISTRICT COLLECTOR MANDLA_IDA),MANDLA,Shri Vivek K. Tankha (2022-28) (2022-2028),VIVEK K TANKHA,RS_VIVEK K TANKHA,,Elected MP,Purchase of hospital equipment,Normal/Others,Normal/Others,,"One Lift for Rogi Kalya Samiti, District Hospital Mandla. As per letter no. 4220. District Mandla","One Lift for Rogi Kalya Samiti, District Hospital Mandla. As per letter no. 4220. District Mandla",2026-01-18 00:00:00,,,1000000.0,,,,,recommended,missing_parseable_work_id,synthetic,wk_a078788634db
wk_a07b0f1cdc3a,,RS,Kerala,Kerala,Kannur,KANNUR(DISTRICT COLLECTOR KANNUR_IDA),KANNUR,Shri C. Sadanandan Master (2025-31) (2025-2031),C SADANANDAN MASTER,RS_C SADANANDAN MASTER,,Nominated MP,Lighting of public spaces,Normal/Others,Normal/Others,,Installation of one High Mast light and,Installation of one High Mast light and,2025-11-01 00:00:00,,,500000.0,,,,,recommended,missing_parseable_work_id,synthetic,wk_a07b0f1cdc3a
wk_a0892dccb3e4,,RS,Karnataka,Karnataka,Tumakuru,TUMAKURU(DEPUTY COMMISSIONER TUMKUR_IDA),TUMAKURU,Dr. Dharmasthala Veerendra Heggade (2022-28) (2022-2028),DHARMASTHALA VEERENDRA HEGGADE,RS_DHARMASTHALA VEERENDRA HEGGADE,,Nominated MP,"Construction of roads, link roads, pathways or any other road with or without drainage system",Normal/Others,Normal/Others,,"To undertake the road development work from the house of S.C. community member Parvathamma in Maranayakanapalya village, Tumakuru Taluk, Tumakuru District, up to the S.C. community burial ground","To undertake the road development work from the house of S.C. community member Parvathamma in Maranayakanapalya village, Tumakuru Taluk, Tumakuru District, up to the S.C. community burial ground",2025-10-28 00:00:00,,,1000000.0,,,,,recommended,missing_parseable_work_id,synthetic,wk_a0892dccb3e4
wk_a09947f3a278,,RS,Odisha,Odisha,Rayagada,RAYAGADA(DISTRICT COLLECTOR RAYAGADA_IDA),RAYAGADA,Shri Manas Ranjan Mangaraj (2022-28) (2022-2028),MANAS RANJAN MANGARAJ,RS_MANAS RANJAN MANGARAJ,,Elected MP,Construction of additional rooms and halls in the existing public and community building,Repair and Renovation,Repair and Renovation,,"Construction of additional rooms of Netaji Social, Cultural & Social Club, Village- Bissam Cuttack, Block- Bisam Cuttack, District- Rayagada","Construction of additional rooms of Netaji Social, Cultural & Social Club, Village- Bissam Cuttack, Block- Bisam Cuttack, District- Rayagada",2024-08-09 00:00:00,,,500000.0,,,,,recommended,missing_parseable_work_id,synthetic,wk_a09947f3a278
wk_a0c2336c55fa,,RS,Himachal Pradesh,Himachal Pradesh,Kangra,KANGRA(DEPUTY COMMISSIONER KANGRA_IDA),KANGRA,Shri Harsh Mahajan (2024-30) (2024-2030),HARSH MAHAJAN,RS_HARSH MAHAJAN,,Elected MP,"Construction of roads, link roads, pathways or any other road with or without drainage system",Normal/Others,Normal/Others,,Construction of Pathways Pulli in village bhageen,Construction of Pathways Pulli in village bhageen,2025-04-11 00:00:00,,,150000.0,,,,,recommended,missing_parseable_work_id,synthetic,wk_a0c2336c55fa
wk_a0ce42107ffe,,RS,Rajasthan,Rajasthan,Pali,PALI(DISTRICT COLLECTOR PALI_IDA),PALI,Shri Madan Rathore (2024-30) (2024-2030),MADAN RATHORE,RS_MADAN RATHORE,,Elected MP,Construction of boundary walls of existing public and community buildings,Normal/Others,Normal/Others,,Construction of boundary wall and warehouse for the expansion of the dairy building in Sandiya village.,Construction of boundary wall and warehouse for the expansion of the dairy building in Sandiya village.,2025-12-20 00:00:00,,,600000.0,,,,,recommended,missing_parseable_work_id,synthetic,wk_a0ce42107ffe
wk_a16dc20b4ec4,,LS,Madhya Pradesh,Madhya Pradesh,Narmadapuram,NARMADAPURAM(DISTRICT COLLECTOR NARMADAPURAM_IDA),NARMADAPURAM,DARSHAN SINGH CHOUDHARY,DARSHAN SINGH CHOUDHARY,LS_DARSHAN SINGH CHOUDHARY,HOSHANGABAD,,Installation of multi-gym equipment,Normal/Others,Normal/Others,,"demand is for equipment of open gym, contact person suresh kushwaha 9826956321","demand is for equipment of open gym, contact person suresh kushwaha 9826956321",2024-12-19 00:00:00,,,50000.0,,,,,recommended,missing_parseable_work_id,synthetic,wk_a16dc20b4ec4
wk_a1b38b455134,,RS,Assam,Assam,Sivasagar,SIVASAGAR(Deputy Commissioner Sivsagar_IDA),SIVASAGAR,Shri Pabitra Margherita (2022-28) (2022-2028),PABITRA MARGHERITA,RS_PABITRA MARGHERITA,,Elected MP,Construction of community centers and community halls,Normal/Others,Normal/Others,,Construction of Sahaja Yoga Meditation Center,Construction of Sahaja Yoga Meditation Center,2026-01-27 00:00:00,,,200000.0,,,,,recommended,missing_parseable_work_id,synthetic,wk_a1b38b455134
wk_a1c78860c237,,RS,Tamil Nadu,Tamil Nadu,Salem,SALEM(DISTRICT COLLECTOR SALEM_IDA),SALEM,Dr. M. Dhanapal (2025-31) (2025-2031),M DHANAPAL,RS_M DHANAPAL,,Elected MP,Construction of bus-sheds or bus-stops,Normal/Others,Normal/Others,,Construction of Bus Shelter at Thamba Gavundanoor four Road,Construction of Bus Shelter at Thamba Gavundanoor four Road,2025-11-10 00:00:00,,,1000000.0,,,,,recommended,missing_parseable_work_id,synthetic,wk_a1c78860c237
wk_a21994b70a61,,RS,Telangana,Telangana,Mahabubabad,MAHABUBABAD(DISTRICT COLLECTOR MAHABUBABAD_IDA),MAHABUBABAD,Shri Ravi Chandra Vaddiraju (2024-30) (2024-2030),RAVI CHANDRA VADDIRAJU,RS_RAVI CHANDRA VADDIRAJU,,Elected MP,Construction of community centers and community halls,Normal/Others,Normal/Others,,"Construction of Community Hall at Ward No.13, Beside BC Colony, Inugurthy","Construction of Community Hall at Ward No.13, Beside BC Colony, Inugurthy",2025-05-25 00:00:00,,,499000.0,,,,,recommended,missing_parseable_work_id,synthetic,wk_a21994b70a61
wk_a248300870a7,,RS,Goa,Goa,North Goa,NORTH GOA(DISTRICT COLLECTOR NORTH GOA_IDA),NORTH GOA,Shri Sadanand Mhalu Shet Tanavade (2023-29) (2023-2029),SADANAND MHALU SHET TANAVADE,RS_SADANAND MHALU SHET TANAVADE,,Elected MP,Construction of community centers and community halls,Normal/Others,Normal/Others,,Construction of Community Hall,Construction of Community Hall,2025-09-23 00:00:00,,,4500000.0,,,,,recommended,missing_parseable_work_id,synthetic,wk_a248300870a7
wk_a26c6fb0f532,,RS,Karnataka,Karnataka,Chikkamagaluru,CHIKKAMAGALURU(DEPUTY COMMISSIONER CHIKMAGALUR),CHIKKAMAGALURU,Shri Jairam Ramesh (2022-28) (2022-2028),JAIRAM RAMESH,RS_JAIRAM RAMESH,,Elected MP,Construction of community centers and community halls,Normal/Others,Normal/Others,,Public community hall at Lakshmipura Bisilehalli Village & Panchayath.(SCP),Public community hall at Lakshmipura Bisilehalli Village & Panchayath.(SCP),2023-09-04 00:00:00,,,2000000.0,,,,,recommended,missing_parseable_work_id,synthetic,wk_a26c6fb0f532
wk_a2af17bc07ba,,RS,Uttar Pradesh,Uttar Pradesh,Lucknow,LUCKNOW(DISTRICT MAGISTRAE LUCKNOW_IDA),LUCKNOW,Dr. Dinesh Sharma (2023-26) (2023-2026),DINESH SHARMA,RS_DINESH SHARMA,,Elected MP,"Construction of roads, link roads, pathways or any other road with or without drainage system",Normal/Others,Normal/Others,,Construction of a road from the main gate of Shri Harivansh Baba Akshay Vat Ashram to the Manjhi Majhwa road corridor in village Rasid Kheda Majra Manjhi Nikrojpur Block Mal District Lucknow,Construction of a road from the main gate of Shri Harivansh Baba Akshay Vat Ashram to the Manjhi Majhwa road corridor in village Rasid Kheda Majra Manjhi Nikrojpur Block Mal District Lucknow,2026-01-10 00:00:00,,,2000000.0,,,,,recommended,missing_parseable_work_id,synthetic,wk_a2af17bc07ba
wk_a2bef2397cd8,,RS,Assam,Assam,Sivasagar,SIVASAGAR(Deputy Commissioner Sivsagar_IDA),SIVASAGAR,Shri Pabitra Margherita (2022-28) (2022-2028),PABITRA MARGHERITA,RS_PABITRA MARGHERITA,,Elected MP,Construction of community centers and community halls,Normal/Others,Normal/Others,,"CONSTRUCTION OF COMMUNITY HALL AT SRIMANTA SANKERDEV SANGHA, NAZIRA ZILA","CONSTRUCTION OF COMMUNITY HALL AT SRIMANTA SANKERDEV SANGHA, NAZIRA ZILA",2026-01-27 00:00:00,,,1000000.0,,,,,recommended,missing_parseable_work_id,synthetic,wk_a2bef2397cd8
wk_a316906eaaab,,RS,Assam,Assam,Sivasagar,SIVASAGAR(Deputy Commissioner Sivsagar_IDA),SIVASAGAR,Shri Pabitra Margherita (2022-28) (2022-2028),PABITRA MARGHERITA,RS_PABITRA MARGHERITA,,Elected MP,Construction of additional rooms and halls in the existing public and community building,Normal/Others,Normal/Others,,"DEVELOPMENT OF DEOPANI CHA BAGISHA RANGA MANCHA, DEOPANI GRANT","DEVELOPMENT OF DEOPANI CHA BAGISHA RANGA MANCHA, DEOPANI GRANT",2025-03-17 00:00:00,,,500000.0,,,,,recommended,missing_parseable_work_id,synthetic,wk_a316906eaaab
wk_a379d469c552,,RS,Assam,Assam,Sivasagar,SIVASAGAR(Deputy Commissioner Sivsagar_IDA),SIVASAGAR,Shri Pabitra Margherita (2022-28) (2022-2028),PABITRA MARGHERITA,RS_PABITRA MARGHERITA,,Elected MP,Construction of community centers and community halls,Normal/Others,Normal/Others,,CONSTRUCTION OF ROMAN SANSKRITIK KENDRA,CONSTRUCTION OF ROMAN SANSKRITIK KENDRA,2026-01-27 00:00:00,,,200000.0,,,,,recommended,missing_parseable_work_id,synthetic,wk_a379d469c552
wk_a394e46993f0,,LS,Assam,Assam,Nagaon,NAGAON(DEPUTY COMMISSIONER NOWGONG_IDA),NAGAON,Pradyut Bordoloi,PRADYUT BORDOLOI,LS_PRADYUT BORDOLOI,NOWGONG,,Construction of community centers and community halls,Normal/Others,Normal/Others,,"Construction of community hall at Teromile near Iman Ali house, Pachim Salpara, Salpara GP","Construction of community hall at Teromile near Iman Ali house, Pachim Salpara, Salpara GP",2024-12-02 00:00:00,,,200000.0,,,,,recommended,missing_parseable_work_id,synthetic,wk_a394e46993f0
wk_a3f3b33c63e1,,RS,Gujarat,Gujarat,Patan,PATAN(DISTRICT COLLECTOR PATAN_IDA),PATAN,Shri Mayankkumar Nayak (2024-30) (2024-2030),MAYANKKUMAR NAYAK,RS_MAYANKKUMAR NAYAK,,Elected MP,Construction of rooms and halls in school and colleges,Normal/Others,Normal/Others,,Construction of room in a secondary school in Der village,Construction of room in a secondary school in Der village,2025-05-29 00:00:00,,,490000.0,,,,,recommended,missing_parseable_work_id,synthetic,wk_a3f3b33c63e1
wk_a4194ad38525,,RS,Odisha,Odisha,Khordha,KHORDHA(DISTRICT COLLECTOR KHORDHA_IDA),KHORDHA,Shri Subhasish Khuntia (2024-30) (2024-2030),SUBHASISH KHUNTIA,RS_SUBHASISH KHUNTIA,,Elected MP,Construction of community centers and community halls,Repair and Renovation,Repair and Renovation,,"Renovation of Trinath Community Center and Mandap, Kalpana Labour Colony.","Renovation of Trinath Community Center and Mandap, Kalpana Labour Colony.",2025-09-15 00:00:00,,,150000.0,,,,,recommended,missing_parseable_work_id,synthetic,wk_a4194ad38525
wk_a486ca80e8c2,,LS,Odisha,Odisha,Khordha,KHORDHA(DISTRICT COLLECTOR KHORDHA_IDA),KHORDHA,Smt Aparajita Sarangi,APARAJITA SARANGI,LS_APARAJITA SARANGI,BHUBANESWAR,,Construction of public libraries and reading rooms,Normal/Others,Normal/Others,,"Block-Bolgarh, Construction of Library Hall of Village-Bolgarh, GP-Bolgarh","Block-Bolgarh, Construction of Library Hall of Village-Bolgarh, GP-Bolgarh",2024-12-17 00:00:00,,,500000.0,,,,,recommended,missing_parseable_work_id,synthetic,wk_a486ca80e8c2
wk_a4926653a5bc,,RS,Maharashtra,Maharashtra,Pune,PUNE(DISTRICT COLLECTOR PUNE_IDA),PUNE,Dr. Medha Vishram Kulkarni (2024-30) (2024-2030),MEDHA VISHRAM KULKARNI,RS_MEDHA VISHRAM KULKARNI,,Elected MP,Construction of water tanks,Normal/Others,Normal/Others,,Ward No.1 Construction of a water tank at Purandar Vasahat.,Ward No.1 Construction of a water tank at Purandar Vasahat.,2025-05-23 00:00:00,,,1000000.0,,,,,recommended,missing_parseable_work_id,synthetic,wk_a4926653a5bc
wk_a4f473a0a19d,,RS,Karnataka,Karnataka,Bengaluru Urban,BENGALURU URBAN(DEPUTY COMMISSIONER BANGALORE URBAN_IDA),BENGALURU URBAN,Shri Lahar Singh Siroya (2022-28) (2022-2028),LAHAR SINGH SIROYA,RS_LAHAR SINGH SIROYA,,Elected MP,"Construction of roads, link roads, pathways or any other road with or without drainage system",Normal/Others,Normal/Others,,Construction of CC Road from the entrance of Kittaganahalli lake to Arali mara,Construction of CC Road from the entrance of Kittaganahalli lake to Arali mara,2025-06-05 00:00:00,,,12000000.0,,,,,recommended,missing_parseable_work_id,synthetic,wk_a4f473a0a19d
wk_a51eb9a9d889,,RS,Kerala,Kerala,Kannur,KANNUR(DISTRICT COLLECTOR KANNUR_IDA),KANNUR,Dr. John Brittas (2021-27) (2021-2027),JOHN BRITTAS,RS_JOHN BRITTAS,,Elected MP,Purchase of books and periodicals for libraries/digitization of library books,Normal/Others,Normal/Others,,"Purchase and distribution of books to Sir Syed College, Taliparamba Municipality, Kannur District","Purchase and distribution of books to Sir Syed College, Taliparamba Municipality, Kannur District",2026-01-01 00:00:00,,,50000.0,,,,,recommended,missing_parseable_work_id,synthetic,wk_a51eb9a9d889
wk_a578b0b340c4,,RS,Assam,Assam,Sivasagar,SIVASAGAR(Deputy Commissioner Sivsagar_IDA),SIVASAGAR,Shri Pabitra Margherita (2022-28) (2022-2028),PABITRA MARGHERITA,RS_PABITRA MARGHERITA,,Elected MP,Construction of community centers and community halls,Normal/Others,Normal/Others,,"CONSTRUCTION OF OFFICE BUILDING OF GAON PRADHAN NAZIRA, WARD NO. 10, NAZIRA","CONSTRUCTION OF OFFICE BUILDING OF GAON PRADHAN NAZIRA, WARD NO. 10, NAZIRA",2025-03-17 00:00:00,,,1200000.0,,,,,recommended,missing_parseable_work_id,synthetic,wk_a578b0b340c4
wk_a57c7a03c0d6,,RS,Odisha,Odisha,Puri,PURI(DISTRICT COLLECTOR PURI_IDA),PURI,Shri Subhasish Khuntia (2024-30) (2024-2030),SUBHASISH KHUNTIA,RS_SUBHASISH KHUNTIA,,Elected MP,Construction of community centers and community halls,Normal/Others,Normal/Others,,"Construction of Community Center at Alikota Jaga, Pathuria Sahi","Construction of Community Center at Alikota Jaga, Pathuria Sahi",2025-08-28 00:00:00,,,500000.0,,,,,recommended,missing_parseable_work_id,synthetic,wk_a57c7a03c0d6
wk_a5ac39eacc05,,RS,Telangana,Telangana,Hyderabad,HYDERABAD(DISTRICT COLLECTOR HYDERABAD_IDA),HYDERABAD,Shri Ravi Chandra Vaddiraju (2024-30) (2024-2030),RAVI CHANDRA VADDIRAJU,RS_RAVI CHANDRA VADDIRAJU,,Elected MP,Installing tube-wells and borewells,Normal/Others,Normal/Others,,"Providing Tubular Well with water supply facilities in Ward No.91 at 2BHK Dignity Housing Colony, Indira Nagar, Khairatabad, Hyderabad District.","Providing Tubular Well with water supply facilities in Ward No.91 at 2BHK Dignity Housing Colony, Indira Nagar, Khairatabad, Hyderabad District.",2025-05-13 00:00:00,,,499000.0,,,,,recommended,missing_parseable_work_id,synthetic,wk_a5ac39eacc05
wk_a5b7ed3a11cb,,LS,Madhya Pradesh,Madhya Pradesh,Burhanpur,BURHANPUR(District Collector Burhanpur_IDA),BURHANPUR,Gyaneshwar Patil,GYANESHWAR PATIL,LS_GYANESHWAR PATIL,KHANDWA,,Construction of community centers and community halls,Normal/Others,Normal/Others,,sabha mandap at ward number 3 near ram bhau narayan chaudhary house,sabha mandap at ward number 3 near ram bhau narayan chaudhary house,2024-10-14 00:00:00,,,500000.0,,,,,recommended,missing_parseable_work_id,synthetic,wk_a5b7ed3a11cb
wk_a5cc4e0bb545,,RS,Assam,Assam,Chirang,CHIRANG(Deputy Commissioner Chirang_IDA),CHIRANG,Shri Rwngwra Narzary (2022-28) (2022-2028),RWNGWRA NARZARY,RS_RWNGWRA NARZARY,,Elected MP,Construction of community centers and community halls,Repair and Renovation,Repair and Renovation,,Renovation of Dhaligaon village community centre.,Renovation of Dhaligaon village community centre.,2025-08-11 00:00:00,,,1000000.0,,,,,recommended,missing_parseable_work_id,synthetic,wk_a5cc4e0bb545
wk_a5ed4b2c436b,,RS,Assam,Assam,Hailakandi,HAILAKANDI(Deputy Commissioner Hailakandi_IDA),HAILAKANDI,Shri Kanad Purkayastha (2025-31) (2025-2031),KANAD PURKAYASTHA,RS_KANAD PURKAYASTHA,,Elected MP,Construction of rooms and halls in school and colleges,Normal/Others,Normal/Others,,"Const. of additional classroom of Sarada Charan Dey College, Kalinagar.","Const. of additional classroom of Sarada Charan Dey College, Kalinagar.",2025-11-20 00:00:00,,,1000000.0,,,,,recommended,missing_parseable_work_id,synthetic,wk_a5ed4b2c436b
wk_a634178fde96,,LS,West Bengal,West Bengal,Darjeeling,DARJEELING(DISTRICT MAGISTRATE DARJEELING_IDA),DARJEELING,Raju Bista,RAJU BISTA,LS_RAJU BISTA,DARJEELING,,"Construction of roads, link roads, pathways or any other road with or without drainage system",Normal/Others,Normal/Others,,Construction of CC road at Nichu Line Lohagarh Tea Estate,Construction of CC road at Nichu Line Lohagarh Tea Estate,2024-08-16 00:00:00,,,500000.0,,,,,recommended,missing_parseable_work_id,synthetic,wk_a634178fde96
wk_a6761e97d308,,LS,Uttar Pradesh,Uttar Pradesh,Auraiya,AURAIYA(DISTRICT MAGISTRATE AURAIYA_IDA),AURAIYA,AKHILESH YADAV,AKHILESH YADAV,LS_AKHILESH YADAV,KANNAUJ,,Lighting of public spaces,Normal/Others,Normal/Others,,Installation work of a solar power light near the house of Shri Ratan Kumar son of Rajendra Singh village Kataiya post Badhin Bidhuna district Auraiya. By-Shri Tyagi Yadav 9457369650,Installation work of a solar power light near the house of Shri Ratan Kumar son of Rajendra Singh village Kataiya post Badhin Bidhuna district Auraiya. By-Shri Tyagi Yadav 9457369650,2024-12-10 00:00:00,,,15500.0,,,,,recommended,missing_parseable_work_id,synthetic,wk_a6761e97d308
wk_a73aca322249,,RS,Kerala,Kerala,Kannur,KANNUR(DISTRICT COLLECTOR KANNUR_IDA),KANNUR,Shri Sandosh Kumar P (2022-28) (2022-2028),SANDOSH KUMAR P,RS_SANDOSH KUMAR P,,Elected MP,Lighting of public spaces,Normal/Others,Normal/Others,,Installation of Mini Mast Street Light near Payam Village office.,Installation of Mini Mast Street Light near Payam Village office.,2025-03-24 00:00:00,,,163723.0,,,,,recommended,missing_parseable_work_id,synthetic,wk_a73aca322249
wk_a73c213e9671,,LS,West Bengal,West Bengal,North 24 Parganas,North 24 Parganas(DISTRICT MAGISTRATE NORTH TWENTY FOUR PARGANAS_IDA),NORTH 24 PARGANAS,SK NURUL ISLAM,SK NURUL ISLAM,LS_SK NURUL ISLAM,BASIRHAT,,Crematoriums/energy efficient crematoriums or structures on burial/cremation ground,Normal/Others,Normal/Others,,Development of Chandipur Samsanghat under Chandipur G.P and Baduria Panchayet Samity (SL. No-36).,Development of Chandipur Samsanghat under Chandipur G.P and Baduria Panchayet Samity (SL. No-36).,2024-09-05 00:00:00,,,500000.0,,,,,recommended,missing_parseable_work_id,synthetic,wk_a73c213e9671
wk_a73f5f9b5885,,RS,Kerala,Kerala,Kozhikode,KOZHIKODE(DISTRICT COLLECTOR KOZHIKODE_IDA),KOZHIKODE,Smt. P. T. Usha (2022-28) (2022-2028),P T USHA,RS_P T USHA,,Nominated MP,"Construction of roads, link roads, pathways or any other road with or without drainage system",Normal/Others,Normal/Others,,"Construction of Kav Road, Valiyaparambil in Ward No. 17 (Concreting)","Construction of Kav Road, Valiyaparambil in Ward No. 17 (Concreting)",2025-09-20 00:00:00,,,1400000.0,,,,,recommended,missing_parseable_work_id,synthetic,wk_a73f5f9b5885
wk_a75ec0c1ed57,,LS,Maharashtra,Maharashtra,Pune,PUNE(DISTRICT COLLECTOR PUNE_IDA),PUNE,Amol Ramsing Kolhe,AMOL RAMSING KOLHE,LS_AMOL RAMSING KOLHE,SHIRUR,,Construction of community centers and community halls,Normal/Others,Normal/Others,,"Construction of hall at Cemetery Koldara Gonawad, Tq. Ambegaon, Dist. Pune","Construction of hall at Cemetery Koldara Gonawad, Tq. Ambegaon, Dist. Pune",2024-10-15 00:00:00,,,1000000.0,,,,,recommended,missing_parseable_work_id,synthetic,wk_a75ec0c1ed57
wk_a76bf7a78025,,RS,Odisha,Odisha,Khordha,KHORDHA(DISTRICT COLLECTOR KHORDHA_IDA),KHORDHA,Dr. Sasmit Patra (2022-28) (2022-2028),SASMIT PATRA,RS_SASMIT PATRA,,Elected MP,Construction of community centers and community halls,Normal/Others,Normal/Others,,Construction of BATABRUKSHYA MANDAP COMMUNITY HALL near Daruchuka Pokhari,Construction of BATABRUKSHYA MANDAP COMMUNITY HALL near Daruchuka Pokhari,2023-12-31 00:00:00,,,1000000.0,,,,,recommended,missing_parseable_work_id,synthetic,wk_a76bf7a78025
wk_a77009be6239,,RS,Kerala,Kerala,Kannur,KANNUR(DISTRICT COLLECTOR KANNUR_IDA),KANNUR,Dr. V. Sivadasan (2021-27) (2021-2027),V SIVADASAN,RS_V SIVADASAN,,Elected MP,Construction of stadiums,Trust and Society,Trust and Society,,Construction of Volley Ball Court for C Anandhan Smaraka Arts and Sports Club at Mudakkozhi in Muzhakkunn Panchayath,Construction of Volley Ball Court for C Anandhan Smaraka Arts and Sports Club at Mudakkozhi in Muzhakkunn Panchayath,2026-01-27 00:00:00,,,9500000.0,,,,,recommended,missing_parseable_work_id,synthetic,wk_a77009be6239
wk_a772379ff955,,RS,Uttar Pradesh,Uttar Pradesh,Ghazipur,GHAZIPUR(DISTRICT MAGISTRAE GHAZIPUR_IDA),GHAZIPUR,Dr. Sangeeta Balwant (2024-30) (2024-2030),SANGEETA BALWANT,RS_SANGEETA BALWANT,,Elected MP,Lighting of public spaces,Normal/Others,Normal/Others,,BLOCK DEOKALI GRAM PANCHAYAT CHILAR ME AMMAPAR PULIYA KE PASS SARWAJANIK STHAL PAR 6 X 200 WATT SEMI HIGH MAST LIGHT ADHISHTHAAPAN KA KARYA,BLOCK DEOKALI GRAM PANCHAYAT CHILAR ME AMMAPAR PULIYA KE PASS SARWAJANIK STHAL PAR 6 X 200 WATT SEMI HIGH MAST LIGHT ADHISHTHAAPAN KA KARYA,2024-09-29 00:00:00,,,21640.0,,,,,recommended,missing_parseable_work_id,synthetic,wk_a772379ff955
wk_a7729a699937,,RS,Rajasthan,Rajasthan,Jaisalmer,JAISALMER(DISTRICT COLLECTOR JAISLAMER_IDA),JAISALMER,Shri Madan Rathore (2024-30) (2024-2030),MADAN RATHORE,RS_MADAN RATHORE,,Elected MP,Construction of public toilets and bathrooms,Normal/Others,Normal/Others,,Construction of Public toilets,Construction of Public toilets,2026-01-08 00:00:00,,,500000.0,,,,,recommended,missing_parseable_work_id,synthetic,wk_a7729a699937
wk_a7adacef6fb0,,RS,Madhya Pradesh,Madhya Pradesh,Ujjain,UJJAIN(DISTRICT COLLECTOR UJJAIN_IDA),UJJAIN,Shri Balyogi Umeshnath (2024-30) (2024-2030),BALYOGI UMESHNATH,RS_BALYOGI UMESHNATH,,Elected MP,Construction of community centers and community halls,Normal/Others,Normal/Others,,Ujjain ward 9 nayapura prachin shree chintaharan siddhi vinayak ganesh mandir ke sameep sabhamandap samudayik bhawan nirman,Ujjain ward 9 nayapura prachin shree chintaharan siddhi vinayak ganesh mandir ke sameep sabhamandap samudayik bhawan nirman,2026-01-08 00:00:00,,,1000000.0,,,,,recommended,missing_parseable_work_id,synthetic,wk_a7adacef6fb0
wk_a7ae018d4d8e,,RS,Kerala,Kerala,Palakkad,PALAKKAD(DISTRICT COLLECTOR PALAKKAD_IDA),PALAKKAD,Smt. P. T. Usha (2022-28) (2022-2028),P T USHA,RS_P T USHA,,Nominated MP,Installing tube-wells and borewells,Repair and Renovation,Repair and Renovation,,"Renovation of Gandhinagar Open well” in Ward No:13- Chuduvalathur, Shornur Municipality, Palakkad District.","Renovation of Gandhinagar Open well” in Ward No:13- Chuduvalathur, Shornur Municipality, Palakkad District.",2024-09-28 00:00:00,,,450000.0,,,,,recommended,missing_parseable_work_id,synthetic,wk_a7ae018d4d8e
wk_a7b094cdcb03,,LS,Bihar,Bihar,Purbi Champaran,PURBI CHAMPARAN(DISTRICT PLANNING OFFICER MOTHIHARI EAST CHAMPARAN_IDA),PURBI CHAMPARAN,Radha Mohan Singh,RADHA MOHAN SINGH,LS_RADHA MOHAN SINGH,PURVI CHAMPARAN,,Development of public parks,Normal/Others,Normal/Others,,MOTIHARI NAGAR KE MAHATMA GANDHI MARG ME CHARKHA PARK KE AAGE CHAURAHE PAR BAPU TOWER EWAM CHABUTARA KA NIRMAN.,MOTIHARI NAGAR KE MAHATMA GANDHI MARG ME CHARKHA PARK KE AAGE CHAURAHE PAR BAPU TOWER EWAM CHABUTARA KA NIRMAN.,2024-08-05 00:00:00,,,1497500.0,,,,,recommended,missing_parseable_work_id,synthetic,wk_a7b094cdcb03
wk_a8076f79e31d,,LS,Maharashtra,Maharashtra,Raigad,RAIGAD(DISTRICT COLLECTOR RAIGAD_IDA),RAIGAD,Shrirang Appa Barne,SHRIRANG APPA BARNE,LS_SHRIRANG APPA BARNE,MAVAL,,Purchase of immovable sports equipment,Normal/Others,Normal/Others,,Provide Open Jim At Kandhroli At Kaloote Grampanchayt Tal Khalapur Dist Raigad,Provide Open Jim At Kandhroli At Kaloote Grampanchayt Tal Khalapur Dist Raigad,2024-12-21 00:00:00,,,500000.0,,,,,recommended,missing_parseable_work_id,synthetic,wk_a8076f79e31d
wk_a87c1e186e09,,RS,Karnataka,Karnataka,Chikkamagaluru,CHIKKAMAGALURU(DEPUTY COMMISSIONER CHIKMAGALUR),CHIKKAMAGALURU,Shri Jairam Ramesh (2022-28) (2022-2028),JAIRAM RAMESH,RS_JAIRAM RAMESH,,Elected MP,Construction of community centers and community halls,Normal/Others,Normal/Others,,"Kadur/General/ Maravanji village, Hochihalli village panchayath","Kadur/General/ Maravanji village, Hochihalli village panchayath",2024-01-04 00:00:00,,,500000.0,,,,,recommended,missing_parseable_work_id,synthetic,wk_a87c1e186e09
wk_a89dc463e756,,RS,Karnataka,Karnataka,Belagavi,BELAGAVI(DEPUTY COMMISSIONER BELGAUM_IDA),BELAGAVI,Shri Jairam Ramesh (2022-28) (2022-2028),JAIRAM RAMESH,RS_JAIRAM RAMESH,,Elected MP,Construction of rooms and halls in school and colleges,Normal/Others,Normal/Others,,School Code. 29301003802,School Code. 29301003802,2025-09-19 00:00:00,,,2900000.0,,,,,recommended,missing_parseable_work_id,synthetic,wk_a89dc463e756
wk_a8cac6981c32,,RS,West Bengal,West Bengal,North 24 Parganas,North 24 Parganas(DISTRICT MAGISTRATE NORTH TWENTY FOUR PARGANAS_IDA),NORTH 24 PARGANAS,Shri Nagendra Ray (2023-29) (2023-2029),NAGENDRA RAY,RS_NAGENDRA RAY,,Elected MP,Improvement of electricity distribution infrastructure,Normal/Others,Normal/Others,,Improvement of electricity distribution and wiring works along with necessary fitting and fixture.,Improvement of electricity distribution and wiring works along with necessary fitting and fixture.,2025-08-19 00:00:00,,,7000000.0,,,,,recommended,missing_parseable_work_id,synthetic,wk_a8cac6981c32
wk_a907bdd0c28d,,RS,Karnataka,Karnataka,Chikkamagaluru,CHIKKAMAGALURU(DEPUTY COMMISSIONER CHIKMAGALUR),CHIKKAMAGALURU,Shri Jairam Ramesh (2022-28) (2022-2028),JAIRAM RAMESH,RS_JAIRAM RAMESH,,Elected MP,Development of playfields and sports grounds,Normal/Others,Normal/Others,,Develop Municipal park in ward No. 5 of Chikkamagaluru CMC Limit,Develop Municipal park in ward No. 5 of Chikkamagaluru CMC Limit,2025-02-28 00:00:00,,,2000000.0,,,,,recommended,missing_parseable_work_id,synthetic,wk_a907bdd0c28d
wk_a994f372dfcb,,RS,Karnataka,Karnataka,Belagavi,BELAGAVI(DEPUTY COMMISSIONER BELGAUM_IDA),BELAGAVI,Shri Jairam Ramesh (2022-28) (2022-2028),JAIRAM RAMESH,RS_JAIRAM RAMESH,,Elected MP,Construction of rooms and halls in school and colleges,Normal/Others,Normal/Others,,School Code. 29301004503,School Code. 29301004503,2025-09-19 00:00:00,,,2900000.0,,,,,recommended,missing_parseable_work_id,synthetic,wk_a994f372dfcb
wk_a9a458917339,,RS,Maharashtra,Maharashtra,Pune,PUNE(DISTRICT COLLECTOR PUNE_IDA),PUNE,Dr. Medha Vishram Kulkarni (2024-30) (2024-2030),MEDHA VISHRAM KULKARNI,RS_MEDHA VISHRAM KULKARNI,,Elected MP,Construction of boundary walls of existing public and community buildings,Normal/Others,Normal/Others,,Construction of a defensive wall at Senapati Bapat Road Public Works Department Pune NCC Branch at Ward No. 14.,Construction of a defensive wall at Senapati Bapat Road Public Works Department Pune NCC Branch at Ward No. 14.,2025-09-15 00:00:00,,,1000000.0,,,,,recommended,missing_parseable_work_id,synthetic,wk_a9a458917339
wk_a9b096ace7e0,,RS,Rajasthan,Rajasthan,Pali,PALI(DISTRICT COLLECTOR PALI_IDA),PALI,Shri Madan Rathore (2024-30) (2024-2030),MADAN RATHORE,RS_MADAN RATHORE,,Elected MP,Construction of bus-sheds or bus-stops,Normal/Others,Normal/Others,,Public Bus Stand Construction Work at Village Korta,Public Bus Stand Construction Work at Village Korta,2025-02-06 00:00:00,,,500000.0,,,,,recommended,missing_parseable_work_id,synthetic,wk_a9b096ace7e0
wk_aa5cf6e762ab,,LS,Rajasthan,Rajasthan,Ajmer,AJMER(DISTRICT COLLECTOR AJMER_IDA),AJMER,Bhagirath Chaudhary,BHAGIRATH CHAUDHARY,LS_BHAGIRATH CHAUDHARY,AJMER,,Construction of common work sheds/ common covered sitting area,Normal/Others,Normal/Others,,"Construction of tin shed NEAR SIDHANATH MAHADEV BAGICHI , Kishangarh","Construction of tin shed NEAR SIDHANATH MAHADEV BAGICHI , Kishangarh",2024-11-08 00:00:00,,,657000.0,,,,,recommended,missing_parseable_work_id,synthetic,wk_aa5cf6e762ab
wk_aa76c9525806,,RS,Uttar Pradesh,Uttar Pradesh,Muzaffarnagar,MUZAFFARNAGAR(DISTRICT MAGISTRATE MUZAFFARNAGAR_IDA),MUZAFFARNAGAR,Shri Kapil Sibal (2022-28) (2022-2028),KAPIL SIBAL,RS_KAPIL SIBAL,,Elected MP,"Construction of roads, link roads, pathways or any other road with or without drainage system",Normal/Others,Normal/Others,,Construction Work of Drain from the House of Ramesh Malik towards ITI,Construction Work of Drain from the House of Ramesh Malik towards ITI,2025-08-01 00:00:00,,,800000.0,,,,,recommended,missing_parseable_work_id,synthetic,wk_aa76c9525806
wk_aa8cb7e6f1e9,,LS,Goa,Goa,North Goa,NORTH GOA(DISTRICT COLLECTOR NORTH GOA_IDA),NORTH GOA,Shripad Yesso Naik,SHRIPAD YESSO NAIK,LS_SHRIPAD YESSO NAIK,NORTH GOA,,Improvement of electricity distribution infrastructure,Normal/Others,Normal/Others,,Installation of High Mask at Ganpati Visarjan Platform at Bandir Vaddo Chapora in ward no 3,Installation of High Mask at Ganpati Visarjan Platform at Bandir Vaddo Chapora in ward no 3,2024-12-14 00:00:00,,,2500000.0,,,,,recommended,missing_parseable_work_id,synthetic,wk_aa8cb7e6f1e9
wk_aaa3c6c562d2,,RS,Kerala,Kerala,Pathanamthitta,PATHANAMTHITTA(DISTRICT COLLECTOR PATHANAMTHITTA_IDA),PATHANAMTHITTA,Shri Haris Beeran (2024-30) (2024-2030),HARIS BEERAN,RS_HARIS BEERAN,,Elected MP,Construction of public libraries and reading rooms,Normal/Others,Normal/Others,,"Library-cum-Shelter at Mundapally SC Centre, Ward No. 3, Peringara Gramapanchayat, Pathanamthitta District.","Library-cum-Shelter at Mundapally SC Centre, Ward No. 3, Peringara Gramapanchayat, Pathanamthitta District.",2025-03-09 00:00:00,,,1000000.0,,,,,recommended,missing_parseable_work_id,synthetic,wk_aaa3c6c562d2
wk_ab12acbe4a32,,RS,Maharashtra,Maharashtra,Pune,PUNE(DISTRICT COLLECTOR PUNE_IDA),PUNE,Dr. Medha Vishram Kulkarni (2024-30) (2024-2030),MEDHA VISHRAM KULKARNI,RS_MEDHA VISHRAM KULKARNI,,Elected MP,"Construction of roads, link roads, pathways or any other road with or without drainage system",Normal/Others,Normal/Others,,Ward No. 9 Wireless Communication (Wireless) Road Development at Pune Police Training Center at Pashan,Ward No. 9 Wireless Communication (Wireless) Road Development at Pune Police Training Center at Pashan,2025-05-23 00:00:00,,,1000000.0,,,,,recommended,missing_parseable_work_id,synthetic,wk_ab12acbe4a32
wk_ab1f9fbd30fb,,RS,Assam,Assam,Sivasagar,SIVASAGAR(Deputy Commissioner Sivsagar_IDA),SIVASAGAR,Shri Pabitra Margherita (2022-28) (2022-2028),PABITRA MARGHERITA,RS_PABITRA MARGHERITA,,Elected MP,Construction of community centers and community halls,Normal/Others,Normal/Others,,Construction of Nayjung Aaithan Sanskritik Kendra,Construction of Nayjung Aaithan Sanskritik Kendra,2026-01-27 00:00:00,,,250000.0,,,,,recommended,missing_parseable_work_id,synthetic,wk_ab1f9fbd30fb
wk_ab51b703ef68,,RS,Odisha,Odisha,Puri,PURI(DISTRICT COLLECTOR PURI_IDA),PURI,Shri Subhasish Khuntia (2024-30) (2024-2030),SUBHASISH KHUNTIA,RS_SUBHASISH KHUNTIA,,Elected MP,Construction of community centers and community halls,Normal/Others,Normal/Others,,"Construction of Laxmi Community Center at Dolamandap Sahi, Near Moochi Sahi Chowk","Construction of Laxmi Community Center at Dolamandap Sahi, Near Moochi Sahi Chowk",2025-09-26 00:00:00,,,500000.0,,,,,recommended,missing_parseable_work_id,synthetic,wk_ab51b703ef68
wk_ab8e55e3a692,,RS,Karnataka,Karnataka,Ballari,BALLARI(DEPUTY COMMISSIONER BELLARY_IDA),BALLARI,Dr. Syed Naseer Hussain (2024-30) (2024-2030),SYED NASEER HUSSAIN,RS_SYED NASEER HUSSAIN,,Elected MP,"Construction of roads, link roads, pathways or any other road with or without drainage system",Normal/Others,Normal/Others,,"Construction of CC Road from Jaffar Sab house to Noor house beside Jannat Firdous Masjid, Guggarahatti, Ballari","Construction of CC Road from Jaffar Sab house to Noor house beside Jannat Firdous Masjid, Guggarahatti, Ballari",2025-11-29 00:00:00,,,500000.0,,,,,recommended,missing_parseable_work_id,synthetic,wk_ab8e55e3a692
wk_abcbe486b7a0,,RS,Kerala,Kerala,Idukki,IDUKKI(DISTRICT COLLECTOR IDUKKI_IDA),IDUKKI,Shri Haris Beeran (2024-30) (2024-2030),HARIS BEERAN,RS_HARIS BEERAN,,Elected MP,Construction of stadiums,Normal/Others,Normal/Others,,"Construction of Kaliyaar Stadium.,Ward 10 Kaliyar, of Vannappuram Panchayat, under Vannappuram Village in the Elamdesam Block, Idukki District.","Construction of Kaliyaar Stadium.,Ward 10 Kaliyar, of Vannappuram Panchayat, under Vannappuram Village in the Elamdesam Block, Idukki District.",2025-06-17 00:00:00,,,500000.0,,,,,recommended,missing_parseable_work_id,synthetic,wk_abcbe486b7a0
wk_abd1f05aff23,,RS,Kerala,Kerala,Alappuzha,ALAPPUZHA(DISTRICT COLLECTOR ALAPPUZHA_IDA),ALAPPUZHA,Shri Jose K. Mani (2024-30) (2024-2030),JOSE K MANI,RS_JOSE K MANI,,Elected MP,"Construction of roads, link roads, pathways or any other road with or without drainage system",Repair and Renovation,Repair and Renovation,,Repair and Renovation of Kunnuvankadu Padasekhara Road,Repair and Renovation of Kunnuvankadu Padasekhara Road,2025-08-16 00:00:00,,,500000.0,,,,,recommended,missing_parseable_work_id,synthetic,wk_abd1f05aff23
wk_abe1b81f7514,,RS,Assam,Assam,Sivasagar,SIVASAGAR(Deputy Commissioner Sivsagar_IDA),SIVASAGAR,Shri Pabitra Margherita (2022-28) (2022-2028),PABITRA MARGHERITA,RS_PABITRA MARGHERITA,,Elected MP,Construction of community centers and community halls,Normal/Others,Normal/Others,,CONSTRUCTION OF BIHUBOR KALI THAN SANSKRITIK KENDRA,CONSTRUCTION OF BIHUBOR KALI THAN SANSKRITIK KENDRA,2026-01-27 00:00:00,,,200000.0,,,,,recommended,missing_parseable_work_id,synthetic,wk_abe1b81f7514
wk_abfa152592c7,,RS,Tamil Nadu,Tamil Nadu,Coimbatore,COIMBATORE(DISTRICT COLLECTOR COIMBATORE_IDA),COIMBATORE,Shri I.S. Inbadurai (2025-31) (2025-2031),I S INBADURAI,RS_I S INBADURAI,,Elected MP,Providing drains and gutters for public drainage,Normal/Others,Normal/Others,,Construction of Concrete platform and upgradation of covered storm water drain at kashi karuppanna gounder street ward no 1 maruthappanagar area vedapatti town panchayat coimbatore district,Construction of Concrete platform and upgradation of covered storm water drain at kashi karuppanna gounder street ward no 1 maruthappanagar area vedapatti town panchayat coimbatore district,2025-11-21 00:00:00,,,1420000.0,,,,,recommended,missing_parseable_work_id,synthetic,wk_abfa152592c7
wk_ac08964e66d4,,RS,Kerala,Kerala,Kannur,KANNUR(DISTRICT COLLECTOR KANNUR_IDA),KANNUR,Shri Sandosh Kumar P (2022-28) (2022-2028),SANDOSH KUMAR P,RS_SANDOSH KUMAR P,,Elected MP,Construction of buildings for crèches and anganwadies,Normal/Others,Normal/Others,,Construction of anganvady Building at edachovva Division 24,Construction of anganvady Building at edachovva Division 24,2025-06-10 00:00:00,,,3000000.0,,,,,recommended,missing_parseable_work_id,synthetic,wk_ac08964e66d4
wk_ac3b3dc8f0e0,,RS,Tamil Nadu,Tamil Nadu,Thoothukkudi,Thoothukkudi(DISTRICT COLLECTOR THOOTHUKUDI_IDA),THOOTHUKKUDI,Dr. M. Dhanapal (2025-31) (2025-2031),M DHANAPAL,RS_M DHANAPAL,,Elected MP,Development of playground,Normal/Others,Normal/Others,,"Laying of Paver block for play ground at Kadambur Hindu Nadar Higher Secondary School, PWD Department","Laying of Paver block for play ground at Kadambur Hindu Nadar Higher Secondary School, PWD Department",2026-01-05 00:00:00,,,1500000.0,,,,,recommended,missing_parseable_work_id,synthetic,wk_ac3b3dc8f0e0
wk_ac57bb954872,,RS,Kerala,Kerala,Alappuzha,ALAPPUZHA(DISTRICT COLLECTOR ALAPPUZHA_IDA),ALAPPUZHA,Shri Haris Beeran (2024-30) (2024-2030),HARIS BEERAN,RS_HARIS BEERAN,,Elected MP,Lighting of public spaces,Normal/Others,Normal/Others,,Installation of mini high-mast lights at near Valiyaparambu Mohiyudheen Palli,Installation of mini high-mast lights at near Valiyaparambu Mohiyudheen Palli,2025-06-01 00:00:00,,,250000.0,,,,,recommended,missing_parseable_work_id,synthetic,wk_ac57bb954872
wk_ac97edf316cd,,RS,Rajasthan,Rajasthan,Bharatpur,BHARATPUR(DISTRICT COLLECTOR BHARATPUR_IDA),BHARATPUR,Shri Mukul Wasnik (2022-28) (2022-2028),MUKUL WASNIK,RS_MUKUL WASNIK,,Elected MP,Construction of public libraries and reading rooms,Normal/Others,Normal/Others,,"Construction of well furnished Library Room in Freedom Fight Late Shri Durga Prasad Sharma Govt. Senior Secondary School at Gram Lahchora Kalan, Sub-District or P.S. Bayana, Dist. Bharatpur","Construction of well furnished Library Room in Freedom Fight Late Shri Durga Prasad Sharma Govt. Senior Secondary School at Gram Lahchora Kalan, Sub-District or P.S. Bayana, Dist. Bharatpur",2025-12-20 00:00:00,,,1000000.0,,,,,recommended,missing_parseable_work_id,synthetic,wk_ac97edf316cd
wk_acbeef6a09c3,,RS,Maharashtra,Maharashtra,Pune,PUNE(DISTRICT COLLECTOR PUNE_IDA),PUNE,Shri Praful Patel (2024-30) (2024-2030),PRAFUL PATEL,RS_PRAFUL PATEL,,Elected MP,Construction of public toilets and bathrooms,Normal/Others,Normal/Others,,"Gram Palasdeo, Ta. Indapur, Dist. Pune me Gita Prasarak Mandal Sanchalit LG Bansude Vidyalaya me Public Toilet and bathrooms.","Gram Palasdeo, Ta. Indapur, Dist. Pune me Gita Prasarak Mandal Sanchalit LG Bansude Vidyalaya me Public Toilet and bathrooms.",2024-10-01 00:00:00,,,2000000.0,,,,,recommended,missing_parseable_work_id,synthetic,wk_acbeef6a09c3
wk_ace9b4f4485d,,RS,Puducherry,Puducherry,Puducherry,Puducherry(PROJECT DIRECTOR RDA PUDUCHERRY_IDA),PUDUCHERRY,Shri S. Selvaganabathy (2021-27) (2021-2027),S SELVAGANABATHY,RS_S SELVAGANABATHY,,Elected MP,"Construction of roads, link roads, pathways or any other road with or without drainage system",Normal/Others,Normal/Others,,"Providing CC pavement approach road to Mukkulam, in Kottuchery commune Panchayat, Karaikal","Providing CC pavement approach road to Mukkulam, in Kottuchery commune Panchayat, Karaikal",2023-12-17 00:00:00,,,850000.0,,,,,recommended,missing_parseable_work_id,synthetic,wk_ace9b4f4485d
wk_ad0ce6d9af3b,,RS,Karnataka,Karnataka,Chikkamagaluru,CHIKKAMAGALURU(DEPUTY COMMISSIONER CHIKMAGALUR),CHIKKAMAGALURU,Shri Jairam Ramesh (2022-28) (2022-2028),JAIRAM RAMESH,RS_JAIRAM RAMESH,,Elected MP,Construction of buildings for community cultural activities,Normal/Others,Normal/Others,,Construction of Shadimahal at Garje village Garje village & Panchayath,Construction of Shadimahal at Garje village Garje village & Panchayath,2023-09-04 00:00:00,,,1000000.0,,,,,recommended,missing_parseable_work_id,synthetic,wk_ad0ce6d9af3b
wk_ad169a72a1ac,,RS,Maharashtra,Maharashtra,Nanded,NANDED(DISTRICT COLLECTOR NANDED_IDA),NANDED,Shri Ashokrao Shankarrao Chavan (2024-30) (2024-2030),ASHOKRAO SHANKARRAO CHAVAN,RS_ASHOKRAO SHANKARRAO CHAVAN,,Elected MP,Construction of rooms and halls in school and colleges,Normal/Others,Normal/Others,,"Construction of Zilla Parishad Primary School Two Rooms at Nizampurwadi Mauje Bamani Gram Panchayat, taluka Ardhapur District nanded","Construction of Zilla Parishad Primary School Two Rooms at Nizampurwadi Mauje Bamani Gram Panchayat, taluka Ardhapur District nanded",2024-12-15 00:00:00,,,2600000.0,,,,,recommended,missing_parseable_work_id,synthetic,wk_ad169a72a1ac
wk_ad1ba63a7232,,RS,Kerala,Kerala,Kottayam,KOTTAYAM(DISTRICT COLLECTOR KOTTAYAM_IDA),KOTTAYAM,Shri Haris Beeran (2024-30) (2024-2030),HARIS BEERAN,RS_HARIS BEERAN,,Elected MP,Lighting of public spaces,Normal/Others,Normal/Others,,Installation of Mini Mast Light at Vakkeparambu Junction,Installation of Mini Mast Light at Vakkeparambu Junction,2025-06-17 00:00:00,,,200000.0,,,,,recommended,missing_parseable_work_id,synthetic,wk_ad1ba63a7232
wk_ad1f9eef60dc,,RS,Uttar Pradesh,Uttar Pradesh,Sultanpur,SULTANPUR(DISTRICT MAGISTRATE SULTANPUR_IDA),SULTANPUR,Shri Kapil Sibal (2022-28) (2022-2028),KAPIL SIBAL,RS_KAPIL SIBAL,,Elected MP,Construction of rooms and halls in school and colleges,Normal/Others,Normal/Others,,"Construction of Girls Hostel at Hubraji Devi Girls Institute, Pandela, Kadipur, District Sultanpur being run by Shankar Institute of Educational Trust","Construction of Girls Hostel at Hubraji Devi Girls Institute, Pandela, Kadipur, District Sultanpur being run by Shankar Institute of Educational Trust",2025-07-22 00:00:00,,,2500000.0,,,,,recommended,missing_parseable_work_id,synthetic,wk_ad1f9eef60dc
wk_ad2d30b3f15e,,RS,Karnataka,Karnataka,Mandya,MANDYA(DEPUTY COMMISSIONER MANDYA_IDA),MANDYA,Shri G.C. Chandrashekhar (2024-30) (2024-2030),G C CHANDRASHEKHAR,RS_G C CHANDRASHEKHAR,,Elected MP,Construction of rooms and halls in school and colleges,Normal/Others,Normal/Others,,"development of junior primary school at Mandya district, mandya taluk, Mayappanahalli village, Basaralu Hobali","development of junior primary school at Mandya district, mandya taluk, Mayappanahalli village, Basaralu Hobali",2025-07-04 00:00:00,,,500000.0,,,,,recommended,missing_parseable_work_id,synthetic,wk_ad2d30b3f15e
wk_ad68848caa0c,,RS,Kerala,Kerala,Ernakulam,ERNAKULAM(DISTRICT COLLECTOR ERNAKULAM_IDA),ERNAKULAM,Shri Abdul Wahab (2021-27) (2021-2027),ABDUL WAHAB,RS_ABDUL WAHAB,,Elected MP,"Construction of roads, link roads, pathways or any other road with or without drainage system",Normal/Others,Normal/Others,,"Construction of Mattakadu XIME College road or pathway, ward no.12, Kalamassery Municipality","Construction of Mattakadu XIME College road or pathway, ward no.12, Kalamassery Municipality",2025-03-16 00:00:00,,,1500000.0,,,,,recommended,missing_parseable_work_id,synthetic,wk_ad68848caa0c
wk_ad79a1bd5465,,LS,West Bengal,West Bengal,Hooghly,HOOGHLY(DISTRICT MAGISTRATE HOOGHLY_IDA),HOOGHLY,RACHNA BANERJEE,RACHNA BANERJEE,LS_RACHNA BANERJEE,HOOGHLY,,"Purchase of ambulances (Four, three and two wheelers)",Normal/Others,Normal/Others,,Purchase Mahindra Neo+ Bolero Ac Ambulance at Sreepur Balagarh Gram Panchayat,Purchase Mahindra Neo+ Bolero Ac Ambulance at Sreepur Balagarh Gram Panchayat,2024-09-03 00:00:00,,,1420000.0,,,,,recommended,missing_parseable_work_id,synthetic,wk_ad79a1bd5465
wk_ad853828a0b0,,RS,Karnataka,Karnataka,Chikkamagaluru,CHIKKAMAGALURU(DEPUTY COMMISSIONER CHIKMAGALUR),CHIKKAMAGALURU,Shri Jairam Ramesh (2022-28) (2022-2028),JAIRAM RAMESH,RS_JAIRAM RAMESH,,Elected MP,Construction of bus-sheds or bus-stops,Normal/Others,Normal/Others,,Construction of Bus stop at Maranakudige of Menase village & panchayath.,Construction of Bus stop at Maranakudige of Menase village & panchayath.,2023-09-04 00:00:00,,,500000.0,,,,,recommended,missing_parseable_work_id,synthetic,wk_ad853828a0b0
wk_ad85658e2123,,RS,Bihar,Bihar,Vaishali,VAISHALI(DISTRICT PLANNING OFFICER VAISHALI_IDA),VAISHALI,Shri Sanjay Yadav (2024-30) (2024-2030),SANJAY YADAV,RS_SANJAY YADAV,,Elected MP,Construction of common work sheds/ common covered sitting area,Normal/Others,Normal/Others,,Construction of a twelve-foot high roofed platform with a hand pump on the available government land in the Pahadpur purvi Panchayat under the Raghopur Block.,Construction of a twelve-foot high roofed platform with a hand pump on the available government land in the Pahadpur purvi Panchayat under the Raghopur Block.,2025-09-02 00:00:00,,,1499000.0,,,,,recommended,missing_parseable_work_id,synthetic,wk_ad85658e2123
wk_ad9b204a45fd,,RS,Kerala,Kerala,Kozhikode,KOZHIKODE(DISTRICT COLLECTOR KOZHIKODE_IDA),KOZHIKODE,Shri Abdul Wahab (2021-27) (2021-2027),ABDUL WAHAB,RS_ABDUL WAHAB,,Elected MP,"Purchase of IT systems, including hardware and software for educational purposes",Normal/Others,Normal/Others,,"Setting up of Multimedia lab at Farook College Autonomous, Feroke. Ramanattukara Municipality.","Setting up of Multimedia lab at Farook College Autonomous, Feroke. Ramanattukara Municipality.",2026-01-22 00:00:00,,,5000000.0,,,,,recommended,missing_parseable_work_id,synthetic,wk_ad9b204a45fd
wk_adc7330cfdc8,,RS,Assam,Assam,Chirang,CHIRANG(Deputy Commissioner Chirang_IDA),CHIRANG,Shri Rwngwra Narzary (2022-28) (2022-2028),RWNGWRA NARZARY,RS_RWNGWRA NARZARY,,Elected MP,"Purchase of IT systems, including hardware and software for educational purposes",Normal/Others,Normal/Others,,"Purchase of IT systems, for education purpose of Basugaon College, Chirang","Purchase of IT systems, for education purpose of Basugaon College, Chirang",2024-06-18 00:00:00,,,1500000.0,,,,,recommended,missing_parseable_work_id,synthetic,wk_adc7330cfdc8
wk_ade888830ae0,,RS,Assam,Assam,Sivasagar,SIVASAGAR(Deputy Commissioner Sivsagar_IDA),SIVASAGAR,Shri Pabitra Margherita (2022-28) (2022-2028),PABITRA MARGHERITA,RS_PABITRA MARGHERITA,,Elected MP,Construction of community centers and community halls,Normal/Others,Normal/Others,,CONSTRUCTION OF BAJARANGBALI SANSKRITIK KENDRA,CONSTRUCTION OF BAJARANGBALI SANSKRITIK KENDRA,2026-01-27 00:00:00,,,300000.0,,,,,recommended,missing_parseable_work_id,synthetic,wk_ade888830ae0
wk_adf1fb8213b6,,RS,Karnataka,Karnataka,Tumakuru,TUMAKURU(DEPUTY COMMISSIONER TUMKUR_IDA),TUMAKURU,Shri G.C. Chandrashekhar (2024-30) (2024-2030),G C CHANDRASHEKHAR,RS_G C CHANDRASHEKHAR,,Elected MP,Construction of toilet blocks,Normal/Others,Normal/Others,,"construction of toilet at Tumkur district, Tiptur talluk, nonavinakere hobali, nellikere grama panchayath, muguthihalli hosuru village government high school","construction of toilet at Tumkur district, Tiptur talluk, nonavinakere hobali, nellikere grama panchayath, muguthihalli hosuru village government high school",2025-10-28 00:00:00,,,200000.0,,,,,recommended,missing_parseable_work_id,synthetic,wk_adf1fb8213b6
wk_ae7d4142dd41,,RS,Bihar,Bihar,Supaul,SUPAUL(DISTRICT PLANNING OFFICER SUPAUL_IDA),SUPAUL,Prof. Manoj Kumar Jha (2024-30) (2024-2030),MANOJ KUMAR JHA,RS_MANOJ KUMAR JHA,,Elected MP,Lighting of public spaces,Normal/Others,Normal/Others,,"Installation work of high mast light Ganesh Prasad house Chauraha located in Chandpipar Panchayat, Ward No 12 under Saraigadh Bhaptiyahi Block.","Installation work of high mast light Ganesh Prasad house Chauraha located in Chandpipar Panchayat, Ward No 12 under Saraigadh Bhaptiyahi Block.",2025-07-02 00:00:00,,,820000.0,,,,,recommended,missing_parseable_work_id,synthetic,wk_ae7d4142dd41
wk_ae8a9f5b7beb,,RS,West Bengal,West Bengal,Jalpaiguri,JALPAIGURI(DISTRICT MAGISTRATE JALPAIGURI_IDA),JALPAIGURI,Shri Samik Bhattacharya (2024-30) (2024-2030),SAMIK BHATTACHARYA,RS_SAMIK BHATTACHARYA,,Elected MP,"Construction of roads, link roads, pathways or any other road with or without drainage system",Repair and Renovation,Repair and Renovation,,"Repairing of Black Top road from Kinkar Ghosh House to Baribhasha Main road at Madhya Shantinagar Under Dabgram-II Gram Panchayat , Rajganj Block","Repairing of Black Top road from Kinkar Ghosh House to Baribhasha Main road at Madhya Shantinagar Under Dabgram-II Gram Panchayat , Rajganj Block",2025-07-18 00:00:00,,,1500000.0,,,,,recommended,missing_parseable_work_id,synthetic,wk_ae8a9f5b7beb
wk_aeb19436852d,,RS,Madhya Pradesh,Madhya Pradesh,Shajapur,SHAJAPUR(District Collector Shajapur_IDA),SHAJAPUR,Shri Vivek K. Tankha (2022-28) (2022-2028),VIVEK K TANKHA,RS_VIVEK K TANKHA,,Elected MP,Construction of common work sheds/ common covered sitting area,Normal/Others,Normal/Others,,"Construction of Shade for Abhibhashak Sangh Kalapipal, Vidhansabha Kalapipal, District Shajapur M.P. (Letter no. 3222/23 at column no. 2)","Construction of Shade for Abhibhashak Sangh Kalapipal, Vidhansabha Kalapipal, District Shajapur M.P. (Letter no. 3222/23 at column no. 2)",2023-09-04 00:00:00,,,500000.0,,,,,recommended,missing_parseable_work_id,synthetic,wk_aeb19436852d
wk_af15d6904418,,RS,Tamil Nadu,Tamil Nadu,Thiruvallur,THIRUVALLUR(DISTRICT COLLECTOR TIRUVALLUR_IDA),THIRUVALLUR,Shri R. Girirajan (2022-28) (2022-2028),R GIRIRAJAN,RS_R GIRIRAJAN,,Elected MP,Lighting of public spaces,Normal/Others,Normal/Others,,"Installation of mini-mast tower lights, 9 m height, 150 W (6 units) at Koodapakkam junction, Poonamallee Union, Poonamallee Assembly Constituency, Thiruvallur District.","Installation of mini-mast tower lights, 9 m height, 150 W (6 units) at Koodapakkam junction, Poonamallee Union, Poonamallee Assembly Constituency, Thiruvallur District.",2026-01-21 00:00:00,,,300000.0,,,,,recommended,missing_parseable_work_id,synthetic,wk_af15d6904418
wk_af731d9ef734,,LS,Telangana,Telangana,Medchal Malkajgiri,MEDCHAL MALKAJGIRI(DISTRICT COLLECTOR MEDCHAL MALKAJGIRI_IDA),MEDCHAL MALKAJGIRI,EATALA RAJENDER,EATALA RAJENDER,LS_EATALA RAJENDER,MALKAJGIRI,,Development of public parks,Normal/Others,Normal/Others,,"Development of Park in Sy.No.21&577 at Greenlands Enclave, Jonnabanda, Alwal, Division No.133, Medchal-Malkajgiri Dist.","Development of Park in Sy.No.21&577 at Greenlands Enclave, Jonnabanda, Alwal, Division No.133, Medchal-Malkajgiri Dist.",2024-12-01 00:00:00,,,1000000.0,,,,,recommended,missing_parseable_work_id,synthetic,wk_af731d9ef734
wk_afcd1d8b1ad2,,RS,Telangana,Telangana,Mahabubabad,MAHABUBABAD(DISTRICT COLLECTOR MAHABUBABAD_IDA),MAHABUBABAD,Shri Ravi Chandra Vaddiraju (2024-30) (2024-2030),RAVI CHANDRA VADDIRAJU,RS_RAVI CHANDRA VADDIRAJU,,Elected MP,"Construction of roads, link roads, pathways or any other road with or without drainage system",Normal/Others,Normal/Others,,Laying of CC road from Kothapally Raju to Malayala Ganesh at Chinna Mupparam,Laying of CC road from Kothapally Raju to Malayala Ganesh at Chinna Mupparam,2025-06-09 00:00:00,,,499000.0,,,,,recommended,missing_parseable_work_id,synthetic,wk_afcd1d8b1ad2
wk_afdf6fe93153,,RS,Maharashtra,Maharashtra,Amravati,AMRAVATI(DISTRICT COLLECTOR AMRAVATI_IDA),AMRAVATI,Dr. Anil Sukhdeorao Bonde (2022-28) (2022-2028),ANIL SUKHDEORAO BONDE,RS_ANIL SUKHDEORAO BONDE,,Elected MP,"Construction of roads, link roads, pathways or any other road with or without drainage system",Normal/Others,Normal/Others,,Construction of 250 mtr link road from Hiwarkhed road to Art commerce junior college Loni,Construction of 250 mtr link road from Hiwarkhed road to Art commerce junior college Loni,2025-08-29 00:00:00,,,1000000.0,,,,,recommended,missing_parseable_work_id,synthetic,wk_afdf6fe93153
wk_afdfcbbf33e2,,RS,Maharashtra,Maharashtra,Amravati,AMRAVATI(DISTRICT COLLECTOR AMRAVATI_IDA),AMRAVATI,Dr. Anil Sukhdeorao Bonde (2022-28) (2022-2028),ANIL SUKHDEORAO BONDE,RS_ANIL SUKHDEORAO BONDE,,Elected MP,Development of public parks,Normal/Others,Normal/Others,,"development of public space at Warkhed, Tiosa","development of public space at Warkhed, Tiosa",2026-02-04 00:00:00,,,1000000.0,,,,,recommended,missing_parseable_work_id,synthetic,wk_afdfcbbf33e2
wk_affceef9b3ef,,RS,Karnataka,Karnataka,Chikkamagaluru,CHIKKAMAGALURU(DEPUTY COMMISSIONER CHIKMAGALUR),CHIKKAMAGALURU,Shri Jairam Ramesh (2022-28) (2022-2028),JAIRAM RAMESH,RS_JAIRAM RAMESH,,Elected MP,Construction of community centers and community halls,Normal/Others,Normal/Others,,Construction of Community Hall at Sri Ranganathaswamy Hill Udeve Village Panchayath Tarikere Tq,Construction of Community Hall at Sri Ranganathaswamy Hill Udeve Village Panchayath Tarikere Tq,2025-02-28 00:00:00,,,500000.0,,,,,recommended,missing_parseable_work_id,synthetic,wk_affceef9b3ef
wk_b00d5b403897,,RS,Assam,Assam,Cachar,CACHAR(DEPUTY COMMISSIONER CACHAR_IDA),CACHAR,Shri Kanad Purkayastha (2025-31) (2025-2031),KANAD PURKAYASTHA,RS_KANAD PURKAYASTHA,,Elected MP,Construction of community centers and community halls,Normal/Others,Normal/Others,,Construction of Community Hall near Lediacherra Bhairab Mandir at Borthol Lediacherra GP,Construction of Community Hall near Lediacherra Bhairab Mandir at Borthol Lediacherra GP,2026-01-04 00:00:00,,,1000000.0,,,,,recommended,missing_parseable_work_id,synthetic,wk_b00d5b403897
wk_b047941f4ffb,,RS,Kerala,Kerala,Kozhikode,KOZHIKODE(DISTRICT COLLECTOR KOZHIKODE_IDA),KOZHIKODE,Shri C. Sadanandan Master (2025-31) (2025-2031),C SADANANDAN MASTER,RS_C SADANANDAN MASTER,,Nominated MP,"Construction of roads, link roads, pathways or any other road with or without drainage system",Normal/Others,Normal/Others,,Construction of Challayil Road (concreting) in Karappakkunnu (13) ward in Azhiyur Gramapanchayath,Construction of Challayil Road (concreting) in Karappakkunnu (13) ward in Azhiyur Gramapanchayath,2025-11-02 00:00:00,,,700000.0,,,,,recommended,missing_parseable_work_id,synthetic,wk_b047941f4ffb
wk_b05d7130969d,,RS,Gujarat,Gujarat,Surendranagar,SURENDRANAGAR(DISTRICT COLLECTOR SURENDRANAGAR_IDA),SURENDRANAGAR,Shri Babubhai Jesangbhai Desai (2023-29) (2023-2029),BABUBHAI JESANGBHAI DESAI,RS_BABUBHAI JESANGBHAI DESAI,,Elected MP,Construction of rooms and halls in school and colleges,Normal/Others,Normal/Others,,Dudhrej Ta.Vadhvan Dist.Surendrnagar T.C.U.Shah Medical Collage Opp. run by Saraswati Education Trust Shri Vadwala Dev Saraswati Secondary and Higher Secondary School in library and room work (2024-25),Dudhrej Ta.Vadhvan Dist.Surendrnagar T.C.U.Shah Medical Collage Opp. run by Saraswati Education Trust Shri Vadwala Dev Saraswati Secondary and Higher Secondary School in library and room work (2024-25),2024-10-07 00:00:00,,,1000000.0,,,,,recommended,missing_parseable_work_id,synthetic,wk_b05d7130969d
wk_b065f3fc902a,,LS,West Bengal,West Bengal,Hooghly,HOOGHLY(DISTRICT MAGISTRATE HOOGHLY_IDA),HOOGHLY,RACHNA BANERJEE,RACHNA BANERJEE,LS_RACHNA BANERJEE,HOOGHLY,,Street lights,Normal/Others,Normal/Others,,"High Mast Street Light (length 10 Mtrs.) at Koipukuriya ICDS Centre, Bonchipota, Under Singur Development Block","High Mast Street Light (length 10 Mtrs.) at Koipukuriya ICDS Centre, Bonchipota, Under Singur Development Block",2024-12-03 00:00:00,,,288000.0,,,,,recommended,missing_parseable_work_id,synthetic,wk_b065f3fc902a
wk_b079d0b606cd,,RS,Maharashtra,Maharashtra,Solapur,SOLAPUR(DISTRICT COLLECTOR SOLAPUR_IDA),SOLAPUR,Shri Dhananjay Bhimrao Mahadik (2022-28) (2022-2028),DHANANJAY BHIMRAO MAHADIK,RS_DHANANJAY BHIMRAO MAHADIK,,Elected MP,Construction of buildings for sports facilities,Normal/Others,Normal/Others,,"Puluj, Tal. Pandharpur, Vyayam Sahala Building Construction","Puluj, Tal. Pandharpur, Vyayam Sahala Building Construction",2024-07-15 00:00:00,,,2500000.0,,,,,recommended,missing_parseable_work_id,synthetic,wk_b079d0b606cd
wk_b0811b0370ac,,RS,Madhya Pradesh,Madhya Pradesh,Sidhi,SIDHI(DISTRICT COLLECTOR SIDHI_IDA),SIDHI,Shri Ashok Singh (2024-30) (2024-2030),ASHOK SINGH,RS_ASHOK SINGH,,Elected MP,Installing hand pumps,Normal/Others,Normal/Others,,Installing hand pumps at sub District Rampur Naikin Disrtrict Sidhi Madhya Pradesh,Installing hand pumps at sub District Rampur Naikin Disrtrict Sidhi Madhya Pradesh,2025-05-06 00:00:00,,,141000.0,,,,,recommended,missing_parseable_work_id,synthetic,wk_b0811b0370ac
wk_b08e820865b2,,RS,Delhi,Delhi,Central,CENTRAL(COMMISSIONER MCD (CENTRAL DISTRICT)),CENTRAL,Ms. Swati Maliwal (2024-30) (2024-2030),SWATI MALIWAL,RS_SWATI MALIWAL,,Elected MP,Construction of public libraries and reading rooms,Normal/Others,Normal/Others,,"Extension of Aarambh Library, Rajender Nagar so as to double its capacity to ensure reading facility for double the number of students.","Extension of Aarambh Library, Rajender Nagar so as to double its capacity to ensure reading facility for double the number of students.",2025-11-08 00:00:00,,,10000000.0,,,,,recommended,missing_parseable_work_id,synthetic,wk_b08e820865b2
wk_b09be980fb15,,RS,Uttarakhand,Uttarakhand,Chamoli,CHAMOLI(DM Chamoli_IDA),CHAMOLI,Shri Mahendra Bhatt (2024-30) (2024-2030),MAHENDRA BHATT,RS_MAHENDRA BHATT,,Elected MP,Construction of common work sheds/ common covered sitting area,Normal/Others,Normal/Others,,Nagar Palika Gopeshwar me Ward No-5 ke ShivShakti Nagar me Bharatghar ka Sondrikaran-ten shed nirman. K.S.- Vikash Khand Adhikari Dasholi,Nagar Palika Gopeshwar me Ward No-5 ke ShivShakti Nagar me Bharatghar ka Sondrikaran-ten shed nirman. K.S.- Vikash Khand Adhikari Dasholi,2025-12-12 00:00:00,,,300000.0,,,,,recommended,missing_parseable_work_id,synthetic,wk_b09be980fb15
wk_b0d77128b8a5,,RS,Rajasthan,Rajasthan,Dungarpur,DUNGARPUR(DISTRICT COLLECTOR DUNGARPUR_IDA),DUNGARPUR,Shri Madan Rathore (2024-30) (2024-2030),MADAN RATHORE,RS_MADAN RATHORE,,Elected MP,Construction of culverts and bridges,Normal/Others,Normal/Others,,Construction of ring wall and culvert from bhairav temple to Pari Amba,Construction of ring wall and culvert from bhairav temple to Pari Amba,2026-01-06 00:00:00,,,750000.0,,,,,recommended,missing_parseable_work_id,synthetic,wk_b0d77128b8a5
wk_b0db27b667db,,RS,Karnataka,Karnataka,Belagavi,BELAGAVI(DEPUTY COMMISSIONER BELGAUM_IDA),BELAGAVI,Shri Jairam Ramesh (2022-28) (2022-2028),JAIRAM RAMESH,RS_JAIRAM RAMESH,,Elected MP,Construction of rooms and halls in school and colleges,Normal/Others,Normal/Others,,School Code. 29301005301,School Code. 29301005301,2025-09-19 00:00:00,,,2900000.0,,,,,recommended,missing_parseable_work_id,synthetic,wk_b0db27b667db
wk_b0e76d7c59e8,,LS,Telangana,Telangana,Nizamabad,NIZAMABAD(DISTRICT COLLECTOR NIZAMABAD_IDA),NIZAMABAD,Arvind Dharmapuri,ARVIND DHARMAPURI,LS_ARVIND DHARMAPURI,NIZAMABAD,,Construction of community centers and community halls,Normal/Others,Normal/Others,,"Construction of Community hall in Takkuri wada near Munnurukapu Sangham , Sunket Road","Construction of Community hall in Takkuri wada near Munnurukapu Sangham , Sunket Road",2024-12-18 00:00:00,,,400000.0,,,,,recommended,missing_parseable_work_id,synthetic,wk_b0e76d7c59e8
wk_b120597f7ccb,,RS,Kerala,Kerala,Thiruvananthapuram,THIRUVANANTHAPURAM(DISTRICT COLLECTOR THIRUVANANTHAPURAM_IDA),THIRUVANANTHAPURAM,Shri P. P. Suneer (2024-30) (2024-2030),P P SUNEER,RS_P P SUNEER,,Elected MP,Lighting of public spaces,Normal/Others,Normal/Others,,"Installation of Solar HighMast Light infront of KINFRA at Ward-2 -Chanthavila ,Thiruvananthapuram Corporation","Installation of Solar HighMast Light infront of KINFRA at Ward-2 -Chanthavila ,Thiruvananthapuram Corporation",2025-01-05 00:00:00,,,450000.0,,,,,recommended,missing_parseable_work_id,synthetic,wk_b120597f7ccb
wk_b13a4fbbfd9b,,RS,Karnataka,Karnataka,Chikkamagaluru,CHIKKAMAGALURU(DEPUTY COMMISSIONER CHIKMAGALUR),CHIKKAMAGALURU,Shri Jairam Ramesh (2022-28) (2022-2028),JAIRAM RAMESH,RS_JAIRAM RAMESH,,Elected MP,Construction of community centers and community halls,Normal/Others,Normal/Others,,Public community hall At Kunkanadu. Kunkanadu village & Panchayath.,Public community hall At Kunkanadu. Kunkanadu village & Panchayath.,2023-09-04 00:00:00,,,2000000.0,,,,,recommended,missing_parseable_work_id,synthetic,wk_b13a4fbbfd9b
wk_b147eb50acaf,,RS,Uttar Pradesh,Uttar Pradesh,Meerut,MEERUT(DISTRICT MAGISTRATE MEERUT_IDA),MEERUT,Dr. Laxmikant Bajpayee (2022-28) (2022-2028),LAXMIKANT BAJPAYEE,RS_LAXMIKANT BAJPAYEE,,Elected MP,"Purchase of prosthetics, wheel chairs, tricycles (manual or motorized), elect scooties, hearing aids",Normal/Others,Normal/Others,,Distribution of Motorized Tricycle,Distribution of Motorized Tricycle,2025-06-16 00:00:00,,,100000.0,,,,,recommended,missing_parseable_work_id,synthetic,wk_b147eb50acaf
wk_b174ae302f06,,LS,Maharashtra,Maharashtra,Pune,PUNE(DISTRICT COLLECTOR PUNE_IDA),PUNE,Amol Ramsing Kolhe,AMOL RAMSING KOLHE,LS_AMOL RAMSING KOLHE,SHIRUR,,Construction of community centers and community halls,Normal/Others,Normal/Others,,"Construction of community hall front of Balutedar temple at Pait, Tq.Khed, Dist Pune","Construction of community hall front of Balutedar temple at Pait, Tq.Khed, Dist Pune",2024-10-15 00:00:00,,,1000000.0,,,,,recommended,missing_parseable_work_id,synthetic,wk_b174ae302f06
wk_b1ac4195c99a,,RS,Uttar Pradesh,Uttar Pradesh,Sultanpur,SULTANPUR(DISTRICT MAGISTRATE SULTANPUR_IDA),SULTANPUR,Shri Kapil Sibal (2022-28) (2022-2028),KAPIL SIBAL,RS_KAPIL SIBAL,,Elected MP,Construction of rooms and halls in school and colleges,Trust and Society,Trust and Society,,"Construction of 4 classrooms in J.B.S. Children Academy, Garwapur, Lambhua","Construction of 4 classrooms in J.B.S. Children Academy, Garwapur, Lambhua",2025-07-21 00:00:00,,,2500000.0,,,,,recommended,missing_parseable_work_id,synthetic,wk_b1ac4195c99a
wk_b1db8126d715,,RS,Bihar,Bihar,Vaishali,VAISHALI(DISTRICT PLANNING OFFICER VAISHALI_IDA),VAISHALI,Shri Sanjay Yadav (2024-30) (2024-2030),SANJAY YADAV,RS_SANJAY YADAV,,Elected MP,Construction of community centers and community halls,Normal/Others,Normal/Others,,"Construction of a community building (large hall) including a borewell hand pump, one toilet, and two urinals on the available government land in the Raghupur purvi Panchayat under the Raghupur block.","Construction of a community building (large hall) including a borewell hand pump, one toilet, and two urinals on the available government land in the Raghupur purvi Panchayat under the Raghupur block.",2025-09-02 00:00:00,,,1499000.0,,,,,recommended,missing_parseable_work_id,synthetic,wk_b1db8126d715
wk_b1e5c6a3d1cb,,RS,Puducherry,Puducherry,Puducherry,Puducherry(PROJECT DIRECTOR RDA PUDUCHERRY_IDA),PUDUCHERRY,Shri S. Selvaganabathy (2021-27) (2021-2027),S SELVAGANABATHY,RS_S SELVAGANABATHY,,Elected MP,Purchase of books and periodicals for libraries/digitization of library books,Normal/Others,Normal/Others,,Appa endrar Arimaa,Appa endrar Arimaa,2026-01-23 00:00:00,,,51000.0,,,,,recommended,missing_parseable_work_id,synthetic,wk_b1e5c6a3d1cb
wk_b219d2af0d05,,RS,Maharashtra,Maharashtra,Amravati,AMRAVATI(DISTRICT COLLECTOR AMRAVATI_IDA),AMRAVATI,Dr. Anil Sukhdeorao Bonde (2022-28) (2022-2028),ANIL SUKHDEORAO BONDE,RS_ANIL SUKHDEORAO BONDE,,Elected MP,Installing tube-wells and borewells,Normal/Others,Normal/Others,,Installing borewell at Usha nagar Amravati,Installing borewell at Usha nagar Amravati,2025-11-24 00:00:00,,,300000.0,,,,,recommended,missing_parseable_work_id,synthetic,wk_b219d2af0d05
wk_b262d7d0ed41,,RS,Assam,Assam,Sivasagar,SIVASAGAR(Deputy Commissioner Sivsagar_IDA),SIVASAGAR,Shri Pabitra Margherita (2022-28) (2022-2028),PABITRA MARGHERITA,RS_PABITRA MARGHERITA,,Elected MP,Construction of community centers and community halls,Normal/Others,Normal/Others,,Construction of Hanuman Sanskritik Kendra 1 No Line,Construction of Hanuman Sanskritik Kendra 1 No Line,2026-01-27 00:00:00,,,200000.0,,,,,recommended,missing_parseable_work_id,synthetic,wk_b262d7d0ed41
wk_b271e41cc032,,RS,Karnataka,Karnataka,Chikkamagaluru,CHIKKAMAGALURU(DEPUTY COMMISSIONER CHIKMAGALUR),CHIKKAMAGALURU,Shri Jairam Ramesh (2022-28) (2022-2028),JAIRAM RAMESH,RS_JAIRAM RAMESH,,Elected MP,Construction of rooms and halls in school and colleges,Normal/Others,Normal/Others,,To build A Hall at Davana Primary School of Kanoor village Panchayath limit of N R Pura Tq,To build A Hall at Davana Primary School of Kanoor village Panchayath limit of N R Pura Tq,2025-02-28 00:00:00,,,1000000.0,,,,,recommended,missing_parseable_work_id,synthetic,wk_b271e41cc032
wk_b2940b1619d3,,RS,Bihar,Bihar,Vaishali,VAISHALI(DISTRICT PLANNING OFFICER VAISHALI_IDA),VAISHALI,Shri Sanjay Yadav (2024-30) (2024-2030),SANJAY YADAV,RS_SANJAY YADAV,,Elected MP,Construction of community centers and community halls,Normal/Others,Normal/Others,,"Construction of a community building on the available land in Chakathkursi Kushiyaari Panchayat under Bidupur block, including one borewell with hand pump, one toilet, two urinals, one room (12 x 10), and one large hall.","Construction of a community building on the available land in Chakathkursi Kushiyaari Panchayat under Bidupur block, including one borewell with hand pump, one toilet, two urinals, one room (12 x 10), and one large hall.",2025-09-27 00:00:00,,,1499000.0,,,,,recommended,missing_parseable_work_id,synthetic,wk_b2940b1619d3
wk_b2c1c049e059,,RS,Kerala,Kerala,Idukki,IDUKKI(DISTRICT COLLECTOR IDUKKI_IDA),IDUKKI,Shri Haris Beeran (2024-30) (2024-2030),HARIS BEERAN,RS_HARIS BEERAN,,Elected MP,"Construction of roads, link roads, pathways or any other road with or without drainage system",Normal/Others,Normal/Others,,"Construction of 12 Mile mezhukumchal palam Road,Ward 18 Mezhukumchal of Adimali Panchayat, under Mannamkandam Village in the Adimali Block, Idukki District.","Construction of 12 Mile mezhukumchal palam Road,Ward 18 Mezhukumchal of Adimali Panchayat, under Mannamkandam Village in the Adimali Block, Idukki District.",2025-06-17 00:00:00,,,1000000.0,,,,,recommended,missing_parseable_work_id,synthetic,wk_b2c1c049e059
wk_b2e1e39cafa2,,RS,Maharashtra,Maharashtra,Pune,PUNE(DISTRICT COLLECTOR PUNE_IDA),PUNE,Dr. Medha Vishram Kulkarni (2024-30) (2024-2030),MEDHA VISHRAM KULKARNI,RS_MEDHA VISHRAM KULKARNI,,Elected MP,Construction of footpaths and pedestrian ways,Normal/Others,Normal/Others,,"Construction of Pathway at Pashan Lake,Pune New Ward No 14, Old Ward No 09","Construction of Pathway at Pashan Lake,Pune New Ward No 14, Old Ward No 09",2025-01-28 00:00:00,,,1000000.0,,,,,recommended,missing_parseable_work_id,synthetic,wk_b2e1e39cafa2
wk_b2edd0f5c592,,RS,Rajasthan,Rajasthan,Jaisalmer,JAISALMER(DISTRICT COLLECTOR JAISLAMER_IDA),JAISALMER,Shri Madan Rathore (2024-30) (2024-2030),MADAN RATHORE,RS_MADAN RATHORE,,Elected MP,Construction of bus-sheds or bus-stops,Normal/Others,Normal/Others,,Public Bus Stand Construction Work Ashapurna Pole Main Road Khinvsar Phanta,Public Bus Stand Construction Work Ashapurna Pole Main Road Khinvsar Phanta,2025-04-25 00:00:00,,,500000.0,,,,,recommended,missing_parseable_work_id,synthetic,wk_b2edd0f5c592
wk_b38217704584,,RS,Karnataka,Karnataka,Belagavi,BELAGAVI(DEPUTY COMMISSIONER BELGAUM_IDA),BELAGAVI,Shri Jairam Ramesh (2022-28) (2022-2028),JAIRAM RAMESH,RS_JAIRAM RAMESH,,Elected MP,Construction of rooms and halls in school and colleges,Normal/Others,Normal/Others,,Village Kotabagi Tahashil. Kittur,Village Kotabagi Tahashil. Kittur,2025-09-19 00:00:00,,,1700000.0,,,,,recommended,missing_parseable_work_id,synthetic,wk_b38217704584
wk_b3a45918bfab,,RS,Maharashtra,Maharashtra,Nanded,NANDED(DISTRICT COLLECTOR NANDED_IDA),NANDED,Shri Ashokrao Shankarrao Chavan (2024-30) (2024-2030),ASHOKRAO SHANKARRAO CHAVAN,RS_ASHOKRAO SHANKARRAO CHAVAN,,Elected MP,Construction of public toilets and bathrooms,Normal/Others,Normal/Others,,Construction of public toilets at Mudkhed Nagar Parishad Property No. 105 Taluka Mudkhed District Nanded,Construction of public toilets at Mudkhed Nagar Parishad Property No. 105 Taluka Mudkhed District Nanded,2024-12-15 00:00:00,,,1000000.0,,,,,recommended,missing_parseable_work_id,synthetic,wk_b3a45918bfab
wk_b3b9b04940c5,,RS,Madhya Pradesh,Madhya Pradesh,Bhind,BHIND(DISTRICT COLLECTOR BHIND_IDA),BHIND,Shri Vivek K. Tankha (2022-28) (2022-2028),VIVEK K TANKHA,RS_VIVEK K TANKHA,,Elected MP,"Construction of roads, link roads, pathways or any other road with or without drainage system",Normal/Others,Normal/Others,,"Banipur Road se Ramswaroop ke khet ke pas Khanba ki aor DevSingh ka Pura tak CC Road Nirman Kary, Bhind (Mention in letter no. 3066 at column no.1)","Banipur Road se Ramswaroop ke khet ke pas Khanba ki aor DevSingh ka Pura tak CC Road Nirman Kary, Bhind (Mention in letter no. 3066 at column no.1)",2023-06-25 00:00:00,,,250000.0,,,,,recommended,missing_parseable_work_id,synthetic,wk_b3b9b04940c5
wk_b3e3525584db,,RS,Karnataka,Karnataka,Tumakuru,TUMAKURU(DEPUTY COMMISSIONER TUMKUR_IDA),TUMAKURU,Shri Jaggesh (2022-28) (2022-2028),JAGGESH,RS_JAGGESH,,Elected MP,"Construction of flood control embankments/ protection walls along riverbanks, hilltops, roadsides",Normal/Others,Normal/Others,,"Construction of Barrier, Mayasandra Village, Mayasandra Gram Panchayat, Turuvekere Taluk, Tumakuru District.","Construction of Barrier, Mayasandra Village, Mayasandra Gram Panchayat, Turuvekere Taluk, Tumakuru District.",2024-07-24 00:00:00,,,500000.0,,,,,recommended,missing_parseable_work_id,synthetic,wk_b3e3525584db
wk_b3e7a8057c62,,RS,Maharashtra,Maharashtra,Kolhapur,KOLHAPUR(DISTRICT COLLECTOR KOLHAPUR_IDA),KOLHAPUR,Shri Praful Patel (2024-30) (2024-2030),PRAFUL PATEL,RS_PRAFUL PATEL,,Elected MP,Construction of buildings for community cultural activities,Normal/Others,Normal/Others,,"Gram Jattewadi, Ta. Chandgad, Dist. Kolhapur me Cultural Hall","Gram Jattewadi, Ta. Chandgad, Dist. Kolhapur me Cultural Hall",2024-10-01 00:00:00,,,1500000.0,,,,,recommended,missing_parseable_work_id,synthetic,wk_b3e7a8057c62
wk_b3fe2b2ff678,,RS,Uttar Pradesh,Uttar Pradesh,Sambhal,SAMBHAL(DISTRICT MAGISTRAE BHIMNAGAR SAMBHAL_IDA),SAMBHAL,Shri Javed Ali Khan (2022-28) (2022-2028),JAVED ALI KHAN,RS_JAVED ALI KHAN,,Elected MP,Construction of rooms and halls in school and colleges,Normal/Others,Normal/Others,,"MADARASA MAUZZAM FAZAIN ACEDEMY GRAM PANTYA MAFI TEHSIL SAMBHAL MEIN BHAWAN NIRMAN HETU, COST 5 LAKH.","MADARASA MAUZZAM FAZAIN ACEDEMY GRAM PANTYA MAFI TEHSIL SAMBHAL MEIN BHAWAN NIRMAN HETU, COST 5 LAKH.",2025-12-03 00:00:00,,,500000.0,,,,,recommended,missing_parseable_work_id,synthetic,wk_b3fe2b2ff678
wk_b439b1ecabb2,,RS,Tamil Nadu,Tamil Nadu,Chengalpattu,CHENGALPATTU(District Collector Chengalpattu_IDA),CHENGALPATTU,Dr. M. Dhanapal (2025-31) (2025-2031),M DHANAPAL,RS_M DHANAPAL,,Elected MP,Construction of rainwater harvesting structures,Normal/Others,Normal/Others,,Construction of Storm Water Drainage on the side of Old East Coast Road at Pudupattinam Panchayat 350 Mtr,Construction of Storm Water Drainage on the side of Old East Coast Road at Pudupattinam Panchayat 350 Mtr,2025-10-23 00:00:00,,,3500000.0,,,,,recommended,missing_parseable_work_id,synthetic,wk_b439b1ecabb2
wk_b43d5401f6b7,,RS,Kerala,Kerala,Ernakulam,ERNAKULAM(DISTRICT COLLECTOR ERNAKULAM_IDA),ERNAKULAM,Shri Haris Beeran (2024-30) (2024-2030),HARIS BEERAN,RS_HARIS BEERAN,,Elected MP,Lighting of public spaces,Normal/Others,Normal/Others,,Installation of minimast at Thrikkakara Temple,Installation of minimast at Thrikkakara Temple,2025-06-01 00:00:00,,,200000.0,,,,,recommended,missing_parseable_work_id,synthetic,wk_b43d5401f6b7
wk_b4421678d022,,RS,Maharashtra,Maharashtra,Washim,WASHIM(DISTRICT COLLECTOR WASHIM_IDA),WASHIM,Shri Imran Pratapgarhi (2022-28) (2022-2028),IMRAN PRATAPGARHI,RS_IMRAN PRATAPGARHI,,Elected MP,Purchase of furniture and fixtures for educational purposes,Normal/Others,Normal/Others,,"Desk-Benches to recognized Syed Mohsin Urdu Primary High School, Washim","Desk-Benches to recognized Syed Mohsin Urdu Primary High School, Washim",2025-08-05 00:00:00,,,1000000.0,,,,,recommended,missing_parseable_work_id,synthetic,wk_b4421678d022
wk_b4458b0eeadd,,LS,Maharashtra,Maharashtra,Raigad,RAIGAD(DISTRICT COLLECTOR RAIGAD_IDA),RAIGAD,Shrirang Appa Barne,SHRIRANG APPA BARNE,LS_SHRIRANG APPA BARNE,MAVAL,,Crematoriums/energy efficient crematoriums or structures on burial/cremation ground,Normal/Others,Normal/Others,,Construct A Niwara Shed in Kumbhavli Cremation Kumbhivali Grampanchayt Tal Khalapur Dist Raigad,Construct A Niwara Shed in Kumbhavli Cremation Kumbhivali Grampanchayt Tal Khalapur Dist Raigad,2024-12-18 00:00:00,,,500000.0,,,,,recommended,missing_parseable_work_id,synthetic,wk_b4458b0eeadd
wk_b47908708b83,,RS,Karnataka,Karnataka,Chikkamagaluru,CHIKKAMAGALURU(DEPUTY COMMISSIONER CHIKMAGALUR),CHIKKAMAGALURU,Shri Jairam Ramesh (2022-28) (2022-2028),JAIRAM RAMESH,RS_JAIRAM RAMESH,,Elected MP,Providing drains and gutters for public drainage,Normal/Others,Normal/Others,,Development of road Box drain at Tarikere town From KEB Prakash house to Vijay kumar house.,Development of road Box drain at Tarikere town From KEB Prakash house to Vijay kumar house.,2023-09-04 00:00:00,,,1000000.0,,,,,recommended,missing_parseable_work_id,synthetic,wk_b47908708b83
wk_b4e5228d2c60,,RS,Gujarat,Gujarat,Junagadh,JUNAGADH(DISTRICT COLLECTOR JUNAGADH_IDA),JUNAGADH,Shri Kesridevsinh Jhala (2023-29) (2023-2029),KESRIDEVSINH JHALA,RS_KESRIDEVSINH JHALA,,Elected MP,Construction of community centers and community halls,Normal/Others,Normal/Others,,Community hall work in a public space on Sasan Road in Maliya Hati village of Junagadh district.,Community hall work in a public space on Sasan Road in Maliya Hati village of Junagadh district.,2025-06-18 00:00:00,,,2500000.0,,,,,recommended,missing_parseable_work_id,synthetic,wk_b4e5228d2c60
wk_b5282feba699,,RS,Assam,Assam,Hailakandi,HAILAKANDI(Deputy Commissioner Hailakandi_IDA),HAILAKANDI,Shri Kanad Purkayastha (2025-31) (2025-2031),KANAD PURKAYASTHA,RS_KANAD PURKAYASTHA,,Elected MP,Construction of community centers and community halls,Normal/Others,Normal/Others,,Const. of Community Hall near Uttar Mohonpur Sarbojonin Kalibar at Mohonpur Pt IV,Const. of Community Hall near Uttar Mohonpur Sarbojonin Kalibar at Mohonpur Pt IV,2025-11-20 00:00:00,,,500000.0,,,,,recommended,missing_parseable_work_id,synthetic,wk_b5282feba699
wk_b56bfbc8f396,,RS,Kerala,Kerala,Kannur,KANNUR(DISTRICT COLLECTOR KANNUR_IDA),KANNUR,Shri Sandosh Kumar P (2022-28) (2022-2028),SANDOSH KUMAR P,RS_SANDOSH KUMAR P,,Elected MP,Construction of rooms and halls in school and colleges,Normal/Others,Normal/Others,,Construction of Stage and Open Auditorium In Muzhakkunnu Goverment U.P. School In. Muzhakkunnu Grama Panchayath,Construction of Stage and Open Auditorium In Muzhakkunnu Goverment U.P. School In. Muzhakkunnu Grama Panchayath,2025-06-10 00:00:00,,,3200000.0,,,,,recommended,missing_parseable_work_id,synthetic,wk_b56bfbc8f396
wk_b577ac753e28,,RS,Jammu And Kashmir,Jammu And Kashmir,Jammu,JAMMU(DEPUTY COMMISSIONER JAMMU_IDA),JAMMU,Shri Gulam Ali (2022-28) (2022-2028),GULAM ALI,RS_GULAM ALI,,Nominated MP,Construction of community centers and community halls,Normal/Others,Normal/Others,,"Construction of community hall near jagti migrant quarters,ward-2,panchayat jagti,block-nag rota Jammu","Construction of community hall near jagti migrant quarters,ward-2,panchayat jagti,block-nag rota Jammu",2025-12-04 00:00:00,,,500000.0,,,,,recommended,missing_parseable_work_id,synthetic,wk_b577ac753e28
wk_b58ed8826541,,LS,Telangana,Telangana,Nizamabad,NIZAMABAD(DISTRICT COLLECTOR NIZAMABAD_IDA),NIZAMABAD,Arvind Dharmapuri,ARVIND DHARMAPURI,LS_ARVIND DHARMAPURI,NIZAMABAD,,Construction of community centers and community halls,Normal/Others,Normal/Others,,Construction of Community hall near Gonekapu Sangham,Construction of Community hall near Gonekapu Sangham,2024-12-18 00:00:00,,,350000.0,,,,,recommended,missing_parseable_work_id,synthetic,wk_b58ed8826541
wk_b5a17be10461,,RS,Maharashtra,Maharashtra,Gondia,GONDIA(DISTRICT COLLECTOR GONDIA_IDA),GONDIA,Shri Praful Patel (2024-30) (2024-2030),PRAFUL PATEL,RS_PRAFUL PATEL,,Elected MP,Installing tube-wells and borewells,Normal/Others,Normal/Others,,KATI KE SANT KABIR ASHRAM KE PASS ONE BORWELL,KATI KE SANT KABIR ASHRAM KE PASS ONE BORWELL,2025-02-24 00:00:00,,,135000.0,,,,,recommended,missing_parseable_work_id,synthetic,wk_b5a17be10461
wk_b5eac2c818b0,,RS,Maharashtra,Maharashtra,Yavatmal,YAVATMAL(DISTRICT COLLECTOR YAVATMAL_IDA),YAVATMAL,Dr. Anil Sukhdeorao Bonde (2022-28) (2022-2028),ANIL SUKHDEORAO BONDE,RS_ANIL SUKHDEORAO BONDE,,Elected MP,"Purchase of IT systems, including hardware and software for educational purposes",Normal/Others,Normal/Others,,purchase of Scanner and printers at Sanket Mahavidyalay sarati Maregaon,purchase of Scanner and printers at Sanket Mahavidyalay sarati Maregaon,2025-11-03 00:00:00,,,80000.0,,,,,recommended,missing_parseable_work_id,synthetic,wk_b5eac2c818b0
wk_b62297b232f4,,RS,Maharashtra,Maharashtra,Nanded,NANDED(DISTRICT COLLECTOR NANDED_IDA),NANDED,Shri Ashokrao Shankarrao Chavan (2024-30) (2024-2030),ASHOKRAO SHANKARRAO CHAVAN,RS_ASHOKRAO SHANKARRAO CHAVAN,,Elected MP,"Construction of roads, link roads, pathways or any other road with or without drainage system",Normal/Others,Normal/Others,,"Construction of Internal CC Road at Mauje Daregaonwadi, Taluka Mudkhed, District Nanded","Construction of Internal CC Road at Mauje Daregaonwadi, Taluka Mudkhed, District Nanded",2025-03-31 00:00:00,,,2500000.0,,,,,recommended,missing_parseable_work_id,synthetic,wk_b62297b232f4
wk_b63c3992cfbd,,RS,Assam,Assam,Sivasagar,SIVASAGAR(Deputy Commissioner Sivsagar_IDA),SIVASAGAR,Shri Pabitra Margherita (2022-28) (2022-2028),PABITRA MARGHERITA,RS_PABITRA MARGHERITA,,Elected MP,Construction of community centers and community halls,Normal/Others,Normal/Others,,DEVELOPMENT OF BORSILLAH TEA GARDEN SWARASWATI SANSKRITIK KENDRA,DEVELOPMENT OF BORSILLAH TEA GARDEN SWARASWATI SANSKRITIK KENDRA,2026-01-27 00:00:00,,,200000.0,,,,,recommended,missing_parseable_work_id,synthetic,wk_b63c3992cfbd
wk_b689690153d1,,RS,Bihar,Bihar,Vaishali,VAISHALI(DISTRICT PLANNING OFFICER VAISHALI_IDA),VAISHALI,Shri Sanjay Yadav (2024-30) (2024-2030),SANJAY YADAV,RS_SANJAY YADAV,,Elected MP,Construction of common work sheds/ common covered sitting area,Normal/Others,Normal/Others,,Construction of a twelve-foot high roofed platform with a hand pump on the available government land in the Jafrabad Panchayat under the Raghopur block.,Construction of a twelve-foot high roofed platform with a hand pump on the available government land in the Jafrabad Panchayat under the Raghopur block.,2025-09-02 00:00:00,,,1499000.0,,,,,recommended,missing_parseable_work_id,synthetic,wk_b689690153d1
wk_b68ccc8279ab,,RS,Maharashtra,Maharashtra,Kolhapur,KOLHAPUR(DISTRICT COLLECTOR KOLHAPUR_IDA),KOLHAPUR,Dr. Medha Vishram Kulkarni (2024-30) (2024-2030),MEDHA VISHRAM KULKARNI,RS_MEDHA VISHRAM KULKARNI,,Elected MP,"Purchase of IT systems, including hardware and software for educational purposes",Normal/Others,Normal/Others,,"Providing Computer(1),Printer(1) and Sanitary Machine(1) to Antarbharti Vidyalaya At Ichalkaranji","Providing Computer(1),Printer(1) and Sanitary Machine(1) to Antarbharti Vidyalaya At Ichalkaranji",2025-07-15 00:00:00,,,152000.0,,,,,recommended,missing_parseable_work_id,synthetic,wk_b68ccc8279ab
wk_b6ad6cbd98e6,,RS,Kerala,Kerala,Kottayam,KOTTAYAM(DISTRICT COLLECTOR KOTTAYAM_IDA),KOTTAYAM,Shri Haris Beeran (2024-30) (2024-2030),HARIS BEERAN,RS_HARIS BEERAN,,Elected MP,Lighting of public spaces,Normal/Others,Normal/Others,,Installation of High Mast Light at Vanchankal Junction,Installation of High Mast Light at Vanchankal Junction,2025-06-17 00:00:00,,,500000.0,,,,,recommended,missing_parseable_work_id,synthetic,wk_b6ad6cbd98e6
wk_b6d1defbdc44,,RS,Odisha,Odisha,Khordha,KHORDHA(DISTRICT COLLECTOR KHORDHA_IDA),KHORDHA,Shri Subhasish Khuntia (2024-30) (2024-2030),SUBHASISH KHUNTIA,RS_SUBHASISH KHUNTIA,,Elected MP,Construction of community centers and community halls,Normal/Others,Normal/Others,,"Construction of Community Hall near Hanuman Temple, Aurobinda Colony.","Construction of Community Hall near Hanuman Temple, Aurobinda Colony.",2025-09-15 00:00:00,,,200000.0,,,,,recommended,missing_parseable_work_id,synthetic,wk_b6d1defbdc44
wk_b6fc2f76d5c5,,RS,Maharashtra,Maharashtra,Beed,BEED(DISTRICT COLLECTOR BEED_IDA),BEED,Dr. Ajeet Madhavrao Gopchade (2024-30) (2024-2030),AJEET MADHAVRAO GOPCHADE,RS_AJEET MADHAVRAO GOPCHADE,,Elected MP,Construction of community centers and community halls,Normal/Others,Normal/Others,,Construction of Sabhamandap in the area of Nagarpalika Majalgaon near Basweshwar Bhavan.,Construction of Sabhamandap in the area of Nagarpalika Majalgaon near Basweshwar Bhavan.,2025-09-25 00:00:00,,,1000000.0,,,,,recommended,missing_parseable_work_id,synthetic,wk_b6fc2f76d5c5
wk_b7015fef1bc7,,LS,Goa,Goa,North Goa,NORTH GOA(DISTRICT COLLECTOR NORTH GOA_IDA),NORTH GOA,Shripad Yesso Naik,SHRIPAD YESSO NAIK,LS_SHRIPAD YESSO NAIK,NORTH GOA,,Providing garbage collection and disposal systems,Normal/Others,Normal/Others,,Garbage van to V.P Moira,Garbage van to V.P Moira,2024-12-06 00:00:00,,,1689000.0,,,,,recommended,missing_parseable_work_id,synthetic,wk_b7015fef1bc7
wk_b72b5ce5beaa,,LS,Andhra Pradesh,Andhra Pradesh,Y.S.R. Kadapa,Y.S.R. Kadapa(DISTRICT COLLECTOR CUDDAPAH_IDA),Y.S.R. KADAPA,Y S Avinash Reddy,Y S AVINASH REDDY,LS_Y S AVINASH REDDY,KADAPA,,Installing community drinking water plants,Normal/Others,Normal/Others,,"Provision for Borewell, Submersible pumpset and RO Plant in Chinnayapalli habitation of Mudumala GP in B.Mattam Mandal","Provision for Borewell, Submersible pumpset and RO Plant in Chinnayapalli habitation of Mudumala GP in B.Mattam Mandal",2024-12-14 00:00:00,,,495000.0,,,,,recommended,missing_parseable_work_id,synthetic,wk_b72b5ce5beaa
wk_b7329f6f74bf,,RS,Uttar Pradesh,Uttar Pradesh,Lucknow,LUCKNOW(DISTRICT MAGISTRAE LUCKNOW_IDA),LUCKNOW,Shri B.L. Verma (2020-26) (2020-2026),B L VERMA,RS_B L VERMA,,Elected MP,Construction of additional rooms and halls in the existing public and community building,Trust and Society,Trust and Society,,For room construction in K R OPNE HEART INTER COLLEGE,For room construction in K R OPNE HEART INTER COLLEGE,2026-01-22 00:00:00,,,1000000.0,,,,,recommended,missing_parseable_work_id,synthetic,wk_b7329f6f74bf
wk_b770a6557f02,,LS,Maharashtra,Maharashtra,Beed,BEED(DISTRICT COLLECTOR BEED_IDA),BEED,BAJRANG MANOHAR SONWANE,BAJRANG MANOHAR SONWANE,LS_BAJRANG MANOHAR SONWANE,BEED,,Construction of community centers and community halls,Normal/Others,Normal/Others,,Construction of Sabhamandap on Gram Panchayat land near Sri Kshetra Khandoba Temple.,Construction of Sabhamandap on Gram Panchayat land near Sri Kshetra Khandoba Temple.,2024-12-09 00:00:00,,,1000000.0,,,,,recommended,missing_parseable_work_id,synthetic,wk_b770a6557f02
wk_b775007581df,,RS,Bihar,Bihar,Vaishali,VAISHALI(DISTRICT PLANNING OFFICER VAISHALI_IDA),VAISHALI,Shri Sanjay Yadav (2024-30) (2024-2030),SANJAY YADAV,RS_SANJAY YADAV,,Elected MP,Construction of community centers and community halls,Normal/Others,Normal/Others,,"Construction of a community building (large hall) with a borewell hand pump, one toilet, and two urinals on the available government land in the Jafrabadi Panchayat of the Raghopur block.","Construction of a community building (large hall) with a borewell hand pump, one toilet, and two urinals on the available government land in the Jafrabadi Panchayat of the Raghopur block.",2025-09-02 00:00:00,,,1499000.0,,,,,recommended,missing_parseable_work_id,synthetic,wk_b775007581df
wk_b79b00f30b0e,,LS,Bihar,Bihar,Vaishali,VAISHALI(DISTRICT PLANNING OFFICER VAISHALI_IDA),VAISHALI,Nityanand Rai,NITYANAND RAI,LS_NITYANAND RAI,UJJARPUR,,Construction of water tanks,Normal/Others,Normal/Others,,PRAKHAND PATEPUR PANCHAYAT BAHUARA KE ATIRIKAT PRATHMIK SWASTHAY KENDRA BAHUARA ME SAMUDAYIK PEYJAL PANI TANKI (WATER ATM) BHAWAN KE SATH NIRMAN,PRAKHAND PATEPUR PANCHAYAT BAHUARA KE ATIRIKAT PRATHMIK SWASTHAY KENDRA BAHUARA ME SAMUDAYIK PEYJAL PANI TANKI (WATER ATM) BHAWAN KE SATH NIRMAN,2024-11-27 00:00:00,,,325000.0,,,,,recommended,missing_parseable_work_id,synthetic,wk_b79b00f30b0e
wk_b7d35df683eb,,RS,Kerala,Kerala,Ernakulam,ERNAKULAM(DISTRICT COLLECTOR ERNAKULAM_IDA),ERNAKULAM,Shri Abdul Wahab (2021-27) (2021-2027),ABDUL WAHAB,RS_ABDUL WAHAB,,Elected MP,Setting up of laboratories,Normal/Others,Normal/Others,,"Construction of Science Laboratory at little flower high school, Panayikulam, ward no.14, Alangad Panchayath","Construction of Science Laboratory at little flower high school, Panayikulam, ward no.14, Alangad Panchayath",2025-03-16 00:00:00,,,1700000.0,,,,,recommended,missing_parseable_work_id,synthetic,wk_b7d35df683eb
wk_b885ce0a6e7a,,RS,Maharashtra,Maharashtra,Nanded,NANDED(DISTRICT COLLECTOR NANDED_IDA),NANDED,Shri Ashokrao Shankarrao Chavan (2024-30) (2024-2030),ASHOKRAO SHANKARRAO CHAVAN,RS_ASHOKRAO SHANKARRAO CHAVAN,,Elected MP,Installation of fixed garden gym equipment,Normal/Others,Normal/Others,,"Installation of Exercise Equipment (Open Gym) at Mauje Kolha, Taluka Mudkhed, District Nanded","Installation of Exercise Equipment (Open Gym) at Mauje Kolha, Taluka Mudkhed, District Nanded",2024-12-15 00:00:00,,,700000.0,,,,,recommended,missing_parseable_work_id,synthetic,wk_b885ce0a6e7a
wk_b88ae01dee5d,,RS,Maharashtra,Maharashtra,Bhandara,BHANDARA(DISTRICT COLLECTOR BHANDARA_IDA),BHANDARA,Shri Praful Patel (2024-30) (2024-2030),PRAFUL PATEL,RS_PRAFUL PATEL,,Elected MP,"Construction of roads, link roads, pathways or any other road with or without drainage system",Normal/Others,Normal/Others,,BHOJAPUR ME DASHRATH BEHERE KE NIVAS SE SHITLA MATA MANDIR TAK CEMENT ROAD NIRMAN,BHOJAPUR ME DASHRATH BEHERE KE NIVAS SE SHITLA MATA MANDIR TAK CEMENT ROAD NIRMAN,2026-01-01 00:00:00,,,1000000.0,,,,,recommended,missing_parseable_work_id,synthetic,wk_b88ae01dee5d
wk_b88c208bb570,,RS,Kerala,Kerala,Kottayam,KOTTAYAM(DISTRICT COLLECTOR KOTTAYAM_IDA),KOTTAYAM,Shri Jose K. Mani (2024-30) (2024-2030),JOSE K MANI,RS_JOSE K MANI,,Elected MP,Construction of community centers and community halls,Normal/Others,Normal/Others,,Construction of Amenity Centre at Kanan Nadu Junction Cat ST,Construction of Amenity Centre at Kanan Nadu Junction Cat ST,2025-10-22 00:00:00,,,2500000.0,,,,,recommended,missing_parseable_work_id,synthetic,wk_b88c208bb570
wk_b8aa78ce3a08,,RS,Uttar Pradesh,Uttar Pradesh,Gorakhpur,GORAKHPUR(DISTRICT MAGISTRATE GORAKHPUR_IDA),GORAKHPUR,Smt. Sangeeta Yadav (2022-28) (2022-2028),SANGEETA YADAV,RS_SANGEETA YADAV,,Elected MP,Providing CCTV camera system for security of public areas,Normal/Others,Normal/Others,,Insatallation of cctv at various location in Gorakhpur under the trinetra operation with cost 1000000 (ten lakh),Insatallation of cctv at various location in Gorakhpur under the trinetra operation with cost 1000000 (ten lakh),2023-10-30 00:00:00,,,1000000.0,,,,,recommended,missing_parseable_work_id,synthetic,wk_b8aa78ce3a08
wk_b8fa7295f2f6,,RS,Kerala,Kerala,Pathanamthitta,PATHANAMTHITTA(DISTRICT COLLECTOR PATHANAMTHITTA_IDA),PATHANAMTHITTA,Smt. Jebi Mather Hisham (2022-28) (2022-2028),JEBI MATHER HISHAM,RS_JEBI MATHER HISHAM,,Elected MP,Construction of buildings for crèches and anganwadies,Normal/Others,Normal/Others,,"Construction of building for Anganwadi, Ward 18, Pallickal Grama Panchayath","Construction of building for Anganwadi, Ward 18, Pallickal Grama Panchayath",2025-07-29 00:00:00,,,2000000.0,,,,,recommended,missing_parseable_work_id,synthetic,wk_b8fa7295f2f6
wk_b93192657747,,RS,Odisha,Odisha,Rayagada,RAYAGADA(DISTRICT COLLECTOR RAYAGADA_IDA),RAYAGADA,Dr. Sasmit Patra (2022-28) (2022-2028),SASMIT PATRA,RS_SASMIT PATRA,,Elected MP,Purchase of books and periodicals for libraries/digitization of library books,Normal/Others,Normal/Others,,"To establish the library infrastructure and procure books, digital resources, etc at New town puja committee community hall, Girls High School Road, Agriculture office Chouk, Rayagada","To establish the library infrastructure and procure books, digital resources, etc at New town puja committee community hall, Girls High School Road, Agriculture office Chouk, Rayagada",2025-08-06 00:00:00,,,500000.0,,,,,recommended,missing_parseable_work_id,synthetic,wk_b93192657747
wk_b967e560295f,,LS,Maharashtra,Maharashtra,Dharashiv,Dharashiv(DISTRICT COLLECTOR OSMANABAD_IDA),DHARASHIV,Omprakash Bhupalsinh Alias Pawan Rajenimbalkar,OMPRAKASH BHUPALSINH ALIAS PAWAN RAJENIMBALKAR,LS_OMPRAKASH BHUPALSINH ALIAS PAWAN RAJENIMBALKAR,OSMANABAD,,Development of public parks,Normal/Others,Normal/Others,,Development of public parks Mahatma Basaveshwar Chowk.,Development of public parks Mahatma Basaveshwar Chowk.,2024-10-05 00:00:00,,,250000.0,,,,,recommended,missing_parseable_work_id,synthetic,wk_b967e560295f
wk_b977cf5baf99,,LS,Delhi,Delhi,South,SOUTH(COMMISSIONER SOUTH),SOUTH,Bansuri Swaraj,BANSURI SWARAJ,LS_BANSURI SWARAJ,NEW DELHI,,Development of playfields and sports grounds,Normal/Others,Normal/Others,,Provision of Kids Playing Equipment,Provision of Kids Playing Equipment,2024-11-16 00:00:00,,,120000.0,,,,,recommended,missing_parseable_work_id,synthetic,wk_b977cf5baf99
wk_b981568e82fe,,RS,Kerala,Kerala,Kottayam,KOTTAYAM(DISTRICT COLLECTOR KOTTAYAM_IDA),KOTTAYAM,Dr. John Brittas (2021-27) (2021-2027),JOHN BRITTAS,RS_JOHN BRITTAS,,Elected MP,"Construction of rooms and facilities for hospitals, FWC , PHC Centers and ANM centers",Normal/Others,Normal/Others,,"Construction of a dedicated dormitory at Government Medical College, Kottayam for the bystanders of patients belonging to the Scheduled Castes (SC)","Construction of a dedicated dormitory at Government Medical College, Kottayam for the bystanders of patients belonging to the Scheduled Castes (SC)",2025-10-15 00:00:00,,,2250000.0,,,,,recommended,missing_parseable_work_id,synthetic,wk_b981568e82fe
wk_b9f7c14a140b,,RS,Maharashtra,Maharashtra,Nanded,NANDED(DISTRICT COLLECTOR NANDED_IDA),NANDED,Shri Ashokrao Shankarrao Chavan (2024-30) (2024-2030),ASHOKRAO SHANKARRAO CHAVAN,RS_ASHOKRAO SHANKARRAO CHAVAN,,Elected MP,Construction of community centers and community halls,Normal/Others,Normal/Others,,"Construction of a community hall in the Adivasi locality at Mouza Kolgaon (Bk.), Taluka Bhokar, District Nanded.","Construction of a community hall in the Adivasi locality at Mouza Kolgaon (Bk.), Taluka Bhokar, District Nanded.",2024-12-15 00:00:00,,,1500000.0,,,,,recommended,missing_parseable_work_id,synthetic,wk_b9f7c14a140b
wk_ba1f62657878,,RS,Kerala,Kerala,Kannur,KANNUR(DISTRICT COLLECTOR KANNUR_IDA),KANNUR,Dr. John Brittas (2021-27) (2021-2027),JOHN BRITTAS,RS_JOHN BRITTAS,,Elected MP,Development of playground,Trust and Society,Trust and Society,,"Construction of play ground in the campus of Sir Syed College, Taliparamba Municipality, Kannur District","Construction of play ground in the campus of Sir Syed College, Taliparamba Municipality, Kannur District",2026-01-01 00:00:00,,,600000.0,,,,,recommended,missing_parseable_work_id,synthetic,wk_ba1f62657878
wk_ba22062e13f8,,LS,Gujarat,Gujarat,Ahmedabad,Ahmedabad(DISTRICT COLLECTOR AHMADABAD_IDA),AHMEDABAD,Hasmukh Bhai Soma Bhai Patel,HASMUKH BHAI SOMA BHAI PATEL,LS_HASMUKH BHAI SOMA BHAI PATEL,AHMEDABAD EAST,,Setting up public non-conventional energy plants,Normal/Others,Normal/Others,,For remaining solar system plant at Gujarat Vidyapith,For remaining solar system plant at Gujarat Vidyapith,2024-11-06 00:00:00,,,1000000.0,,,,,recommended,missing_parseable_work_id,synthetic,wk_ba22062e13f8
wk_ba32121e7383,,RS,Odisha,Odisha,Khordha,KHORDHA(DISTRICT COLLECTOR KHORDHA_IDA),KHORDHA,Shri Manas Ranjan Mangaraj (2022-28) (2022-2028),MANAS RANJAN MANGARAJ,RS_MANAS RANJAN MANGARAJ,,Elected MP,Construction of rooms and halls in school and colleges,Normal/Others,Normal/Others,,Construction of Class rooms in Sri Jagannath College.,Construction of Class rooms in Sri Jagannath College.,2025-09-15 00:00:00,,,500000.0,,,,,recommended,missing_parseable_work_id,synthetic,wk_ba32121e7383
wk_badeb384e78b,,LS,Goa,Goa,North Goa,NORTH GOA(DISTRICT COLLECTOR NORTH GOA_IDA),NORTH GOA,Shripad Yesso Naik,SHRIPAD YESSO NAIK,LS_SHRIPAD YESSO NAIK,NORTH GOA,,Construction of boundary walls of existing public and community buildings,Repair and Renovation,Repair and Renovation,,"Construction of retaining wall on both side of the exiting nallah on east and west side of nallah of 165mts in V.P Veling Priol, Cuncolim, Mardol, Ponda-Goa.","Construction of retaining wall on both side of the exiting nallah on east and west side of nallah of 165mts in V.P Veling Priol, Cuncolim, Mardol, Ponda-Goa.",2024-12-11 00:00:00,,,2500000.0,,,,,recommended,missing_parseable_work_id,synthetic,wk_badeb384e78b
wk_bb3a98ddf8db,,RS,Maharashtra,Maharashtra,Nanded,NANDED(DISTRICT COLLECTOR NANDED_IDA),NANDED,Dr. Ajeet Madhavrao Gopchade (2024-30) (2024-2030),AJEET MADHAVRAO GOPCHADE,RS_AJEET MADHAVRAO GOPCHADE,,Elected MP,Construction of community centers and community halls,Normal/Others,Normal/Others,,"Construction of Sabhagruha at Kureshi Galli, Osmannagar, Tq. Kandhar, Dist. Nanded","Construction of Sabhagruha at Kureshi Galli, Osmannagar, Tq. Kandhar, Dist. Nanded",2025-11-29 00:00:00,,,700000.0,,,,,recommended,missing_parseable_work_id,synthetic,wk_bb3a98ddf8db
wk_bb7e909cb582,,RS,Bihar,Bihar,Madhubani,MADHUBANI(DISTRICT PLANNING OFFICER MADHUBANI_IDA),MADHUBANI,Dr. Faiyaz Ahmad (2022-28) (2022-2028),FAIYAZ AHMAD,RS_FAIYAZ AHMAD,,Elected MP,"Construction of roads, link roads, pathways or any other road with or without drainage system",Normal/Others,Normal/Others,,Bisfi Prakhand ke Tisi Narsam Dakshni Panchayat ke gram Kathaila me Kirpal Yadav ke ghar se Anwar Bhai ke ghar tak PCC Sadak Nirman.,Bisfi Prakhand ke Tisi Narsam Dakshni Panchayat ke gram Kathaila me Kirpal Yadav ke ghar se Anwar Bhai ke ghar tak PCC Sadak Nirman.,2026-01-23 00:00:00,,,600000.0,,,,,recommended,missing_parseable_work_id,synthetic,wk_bb7e909cb582
wk_bbbd9cd3ed0a,,RS,Maharashtra,Maharashtra,Mumbai,MUMBAI(DISTRICT COLLECTOR MUMBAI CITY_IDA),MUMBAI,Shri Milind Murli Deora (2024-30) (2024-2030),MILIND MURLI DEORA,RS_MILIND MURLI DEORA,,Elected MP,Construction of footpaths and pedestrian ways,Normal/Others,Normal/Others,,"Construction of drainage line, pathway and entrance beautification near Praman Residency V.P. Road Girgaon","Construction of drainage line, pathway and entrance beautification near Praman Residency V.P. Road Girgaon",2025-05-16 00:00:00,,,980000.0,,,,,recommended,missing_parseable_work_id,synthetic,wk_bbbd9cd3ed0a
wk_bc158a09fffa,,RS,Bihar,Bihar,Purbi Champaran,PURBI CHAMPARAN(DISTRICT PLANNING OFFICER MOTHIHARI EAST CHAMPARAN_IDA),PURBI CHAMPARAN,Shri Manan Kumar Mishra (2024-28) (2024-2028),MANAN KUMAR MISHRA,RS_MANAN KUMAR MISHRA,,Elected MP,Construction of boundary walls of existing public and community buildings,Normal/Others,Normal/Others,,Construction work of boundary and grill of Jhakhra Maiya Baba temple,Construction work of boundary and grill of Jhakhra Maiya Baba temple,2025-07-31 00:00:00,,,400000.0,,,,,recommended,missing_parseable_work_id,synthetic,wk_bc158a09fffa
wk_bc735c8870c9,,RS,Odisha,Odisha,Puri,PURI(DISTRICT COLLECTOR PURI_IDA),PURI,Shri Subhasish Khuntia (2024-30) (2024-2030),SUBHASISH KHUNTIA,RS_SUBHASISH KHUNTIA,,Elected MP,Construction of community centers and community halls,Normal/Others,Normal/Others,,"Construction of Abhyahasta Community Center at CT Road, NuaSahi","Construction of Abhyahasta Community Center at CT Road, NuaSahi",2025-08-28 00:00:00,,,500000.0,,,,,recommended,missing_parseable_work_id,synthetic,wk_bc735c8870c9
wk_bcc0d60c8537,,RS,Kerala,Kerala,Kannur,KANNUR(DISTRICT COLLECTOR KANNUR_IDA),KANNUR,Dr. John Brittas (2021-27) (2021-2027),JOHN BRITTAS,RS_JOHN BRITTAS,,Elected MP,Construction of footpaths and pedestrian ways,Normal/Others,Normal/Others,,"Construction of various footpaths at Vengara Kuthirummal SC Colony, Ward No. III, Madayi Grama Panchayat, Madayi Village, Payyanur Taluk, Kannur District (SC)","Construction of various footpaths at Vengara Kuthirummal SC Colony, Ward No. III, Madayi Grama Panchayat, Madayi Village, Payyanur Taluk, Kannur District (SC)",2025-04-25 00:00:00,,,3900000.0,,,,,recommended,missing_parseable_work_id,synthetic,wk_bcc0d60c8537
wk_bcc71ee3dadb,,LS,Andhra Pradesh,Andhra Pradesh,Y.S.R. Kadapa,Y.S.R. Kadapa(DISTRICT COLLECTOR CUDDAPAH_IDA),Y.S.R. KADAPA,Y S Avinash Reddy,Y S AVINASH REDDY,LS_Y S AVINASH REDDY,KADAPA,,Construction of bus-sheds or bus-stops,Normal/Others,Normal/Others,,"Construction of Bus Shelter at ZPHS High School at Nallapureddypalli Village, Erraballi GP of Pulivendula Mandal","Construction of Bus Shelter at ZPHS High School at Nallapureddypalli Village, Erraballi GP of Pulivendula Mandal",2024-12-14 00:00:00,,,300000.0,,,,,recommended,missing_parseable_work_id,synthetic,wk_bcc71ee3dadb
wk_bcdf6c38665b,,RS,Puducherry,Puducherry,Puducherry,Puducherry(PROJECT DIRECTOR RDA PUDUCHERRY_IDA),PUDUCHERRY,Shri S. Selvaganabathy (2021-27) (2021-2027),S SELVAGANABATHY,RS_S SELVAGANABATHY,,Elected MP,Purchase of books and periodicals for libraries/digitization of library books,Normal/Others,Normal/Others,,Puducheriyin adaiyaalangal,Puducheriyin adaiyaalangal,2025-09-26 00:00:00,,,180000.0,,,,,recommended,missing_parseable_work_id,synthetic,wk_bcdf6c38665b
wk_bd00529c1859,,RS,Maharashtra,Maharashtra,Pune,PUNE(DISTRICT COLLECTOR PUNE_IDA),PUNE,Dr. Medha Vishram Kulkarni (2024-30) (2024-2030),MEDHA VISHRAM KULKARNI,RS_MEDHA VISHRAM KULKARNI,,Elected MP,Construction of bus-sheds or bus-stops,Normal/Others,Normal/Others,,Ward 32 Establishment of a bus stop at N.D.A. Gate No. 10 Down,Ward 32 Establishment of a bus stop at N.D.A. Gate No. 10 Down,2025-11-26 00:00:00,,,1000000.0,,,,,recommended,missing_parseable_work_id,synthetic,wk_bd00529c1859
wk_bd0549b20110,,RS,Uttar Pradesh,Uttar Pradesh,Lucknow,LUCKNOW(DISTRICT MAGISTRAE LUCKNOW_IDA),LUCKNOW,Shri Brij Lal (2020-26) (2020-2026),BRIJ LAL,RS_BRIJ LAL,,Elected MP,Construction of rooms and halls in school and colleges,Normal/Others,Normal/Others,,Construction of rooms and halls in school and colleges.,Construction of rooms and halls in school and colleges.,2025-01-24 00:00:00,,,5000000.0,,,,,recommended,missing_parseable_work_id,synthetic,wk_bd0549b20110
wk_bd153e3ac889,,RS,West Bengal,West Bengal,Jalpaiguri,JALPAIGURI(DISTRICT MAGISTRATE JALPAIGURI_IDA),JALPAIGURI,Ms. Dola Sen (2023-29) (2023-2029),DOLA SEN,RS_DOLA SEN,,Elected MP,Construction of rooms and halls in school and colleges,Normal/Others,Normal/Others,,"Development work of Jalpaiguri Zilla School (Govt. of West Bengal) at Hakimpara in Jalpaiguri District, West Bengal.","Development work of Jalpaiguri Zilla School (Govt. of West Bengal) at Hakimpara in Jalpaiguri District, West Bengal.",2026-01-15 00:00:00,,,1000000.0,,,,,recommended,missing_parseable_work_id,synthetic,wk_bd153e3ac889
wk_bd19f47d8297,,RS,Karnataka,Karnataka,Mumbai,MUMBAI(DISTRICT COLLECTOR MUMBAI CITY_IDA),MUMBAI,Dr. Dharmasthala Veerendra Heggade (2022-28) (2022-2028),DHARMASTHALA VEERENDRA HEGGADE,RS_DHARMASTHALA VEERENDRA HEGGADE,,Nominated MP,Construction of buildings for community cultural activities,Normal/Others,Normal/Others,,Construction of a Cultural Hall,Construction of a Cultural Hall,2025-05-08 00:00:00,,,500000.0,,,,,recommended,missing_parseable_work_id,synthetic,wk_bd19f47d8297
wk_bd3206cb9fba,,LS,Tamil Nadu,Tamil Nadu,Tiruppur,TIRUPPUR(DISTRICT COLLECTOR TIRUPPUR_IDA),TIRUPPUR,K E PRAKASH,K E PRAKASH,LS_K E PRAKASH,ERODE,,Installing tube-wells and borewells,Normal/Others,Normal/Others,,"Providing a bore well and installation of electric motor to supply drinking water at Veeranampalayam, vadachinnaripalayam panchayat, Kangeyam panchayat union (2024-25)","Providing a bore well and installation of electric motor to supply drinking water at Veeranampalayam, vadachinnaripalayam panchayat, Kangeyam panchayat union (2024-25)",2024-12-04 00:00:00,,,470000.0,,,,,recommended,missing_parseable_work_id,synthetic,wk_bd3206cb9fba
wk_bd3d0a9e8293,,LS,Tamil Nadu,Tamil Nadu,Thiruvallur,THIRUVALLUR(DISTRICT COLLECTOR TIRUVALLUR_IDA),THIRUVALLUR,Sasikanth Senthil,SASIKANTH SENTHIL,LS_SASIKANTH SENTHIL,TIRUVALLUR(SC),,Construction of community centers and community halls,Normal/Others,Normal/Others,,Construction of Ration Shop Building in Avadi Assembly Constituency Thiruvekadu Municipality Ward No. 14,Construction of Ration Shop Building in Avadi Assembly Constituency Thiruvekadu Municipality Ward No. 14,2024-10-23 00:00:00,,,1800000.0,,,,,recommended,missing_parseable_work_id,synthetic,wk_bd3d0a9e8293
wk_bd4df247da5c,,RS,Maharashtra,Maharashtra,Yavatmal,YAVATMAL(DISTRICT COLLECTOR YAVATMAL_IDA),YAVATMAL,Dr. Anil Sukhdeorao Bonde (2022-28) (2022-2028),ANIL SUKHDEORAO BONDE,RS_ANIL SUKHDEORAO BONDE,,Elected MP,"Purchase of IT systems, including hardware and software for educational purposes",Normal/Others,Normal/Others,,purchase of Scanner and printers at Girijabai vidyalay pisgaon,purchase of Scanner and printers at Girijabai vidyalay pisgaon,2025-11-03 00:00:00,,,80000.0,,,,,recommended,missing_parseable_work_id,synthetic,wk_bd4df247da5c
wk_be10a59affe2,,RS,Tamil Nadu,Tamil Nadu,Salem,SALEM(DISTRICT COLLECTOR SALEM_IDA),SALEM,Shri S.R. Sivalingam (2025-31) (2025-2031),S R SIVALINGAM,RS_S R SIVALINGAM,,Elected MP,Construction of rooms and halls in school and colleges,Normal/Others,Normal/Others,,Construction of single class room Building in PUE School at Kallur H O P K Hiils Keelnadu,Construction of single class room Building in PUE School at Kallur H O P K Hiils Keelnadu,2025-12-30 00:00:00,,,2270000.0,,,,,recommended,missing_parseable_work_id,synthetic,wk_be10a59affe2
wk_be26d3a8bf33,,LS,Uttar Pradesh,Uttar Pradesh,Kushinagar,Kushinagar(DISTRICT MAGISTRATE KUSHINAGAR PADRAUNA_IDA),KUSHINAGAR,Vijay Kumar Dubey,VIJAY KUMAR DUBEY,LS_VIJAY KUMAR DUBEY,KUSHI NAGAR,,Construction of buildings for community cultural activities,Normal/Others,Normal/Others,,GP PARWARPAR BLOCK RAMKOLA ME MALLAH TOLA ME SAMUDAYIK BHAWAN NIRMAN KARRY,GP PARWARPAR BLOCK RAMKOLA ME MALLAH TOLA ME SAMUDAYIK BHAWAN NIRMAN KARRY,2024-10-15 00:00:00,,,900000.0,,,,,recommended,missing_parseable_work_id,synthetic,wk_be26d3a8bf33
wk_be2b7c6861e5,,RS,Maharashtra,Maharashtra,Amravati,AMRAVATI(DISTRICT COLLECTOR AMRAVATI_IDA),AMRAVATI,Dr. Anil Sukhdeorao Bonde (2022-28) (2022-2028),ANIL SUKHDEORAO BONDE,RS_ANIL SUKHDEORAO BONDE,,Elected MP,Development of public parks,Normal/Others,Normal/Others,,Development of public park at tembhurkheda tq Warud Amravati,Development of public park at tembhurkheda tq Warud Amravati,2025-11-24 00:00:00,,,1000000.0,,,,,recommended,missing_parseable_work_id,synthetic,wk_be2b7c6861e5
wk_be8f0ff1f62f,,RS,Odisha,Odisha,Khordha,KHORDHA(DISTRICT COLLECTOR KHORDHA_IDA),KHORDHA,Shri Manas Ranjan Mangaraj (2022-28) (2022-2028),MANAS RANJAN MANGARAJ,RS_MANAS RANJAN MANGARAJ,,Elected MP,"Construction of roads, link roads, pathways or any other road with or without drainage system",Normal/Others,Normal/Others,,Construction of road from Main road to Jagannath Temple (Labangiri),Construction of road from Main road to Jagannath Temple (Labangiri),2025-06-09 00:00:00,,,1000000.0,,,,,recommended,missing_parseable_work_id,synthetic,wk_be8f0ff1f62f
wk_bec9e40515b1,,RS,Kerala,Kerala,Palakkad,PALAKKAD(DISTRICT COLLECTOR PALAKKAD_IDA),PALAKKAD,Shri Abdul Wahab (2021-27) (2021-2027),ABDUL WAHAB,RS_ABDUL WAHAB,,Elected MP,Lighting of public spaces,Normal/Others,Normal/Others,,"Setting up of Mini mast light at Kulathumpad SC nagar, Ward No.15, Koppam Panchayat","Setting up of Mini mast light at Kulathumpad SC nagar, Ward No.15, Koppam Panchayat",2025-10-21 00:00:00,,,250000.0,,,,,recommended,missing_parseable_work_id,synthetic,wk_bec9e40515b1
wk_bed065366c6d,,RS,Odisha,Odisha,Khordha,KHORDHA(DISTRICT COLLECTOR KHORDHA_IDA),KHORDHA,Shri Subhasish Khuntia (2024-30) (2024-2030),SUBHASISH KHUNTIA,RS_SUBHASISH KHUNTIA,,Elected MP,Development of public parks,Normal/Others,Normal/Others,,Development of Pragyan Bihar Park at Ward No. 49.,Development of Pragyan Bihar Park at Ward No. 49.,2025-09-15 00:00:00,,,200000.0,,,,,recommended,missing_parseable_work_id,synthetic,wk_bed065366c6d
wk_bedc57ae3d64,,LS,Bihar,Bihar,Vaishali,VAISHALI(DISTRICT PLANNING OFFICER VAISHALI_IDA),VAISHALI,Nityanand Rai,NITYANAND RAI,LS_NITYANAND RAI,UJJARPUR,,Construction of water tanks,Normal/Others,Normal/Others,,"PRAKHAND PATEPUR PANCHAYAT NIRPUR KE NIRPUR PANCHAYAT ANTARGAT GRAM, DHANKAUL KE SHIV MANDIR KE NIKAT SARVJANIK STHAN PAR SAMUDAYIK PEYJAL PANI TANKI (WATER ATM) BHAWAN KE SATH NIRMAN","PRAKHAND PATEPUR PANCHAYAT NIRPUR KE NIRPUR PANCHAYAT ANTARGAT GRAM, DHANKAUL KE SHIV MANDIR KE NIKAT SARVJANIK STHAN PAR SAMUDAYIK PEYJAL PANI TANKI (WATER ATM) BHAWAN KE SATH NIRMAN",2024-11-27 00:00:00,,,325000.0,,,,,recommended,missing_parseable_work_id,synthetic,wk_bedc57ae3d64
wk_bee3121c53db,,RS,Bihar,Bihar,Madhubani,MADHUBANI(DISTRICT PLANNING OFFICER MADHUBANI_IDA),MADHUBANI,Shri Sanjay Kumar Jha (2024-30) (2024-2030),SANJAY KUMAR JHA,RS_SANJAY KUMAR JHA,,Elected MP,Renovation of ponds and lakes,Normal/Others,Normal/Others,,"Construction of ghat in th pond located next to the Utkramit School, Parsa, Vill.and Panchayat-Parsa, Ward no.-05, block-Jhanjharpur, under Madhubani District.","Construction of ghat in th pond located next to the Utkramit School, Parsa, Vill.and Panchayat-Parsa, Ward no.-05, block-Jhanjharpur, under Madhubani District.",2025-07-12 00:00:00,,,900000.0,,,,,recommended,missing_parseable_work_id,synthetic,wk_bee3121c53db
wk_bf063f5ce51f,,RS,Assam,Assam,Sivasagar,SIVASAGAR(Deputy Commissioner Sivsagar_IDA),SIVASAGAR,Shri Pabitra Margherita (2022-28) (2022-2028),PABITRA MARGHERITA,RS_PABITRA MARGHERITA,,Elected MP,Construction of community centers and community halls,Normal/Others,Normal/Others,,CONSTRUCTION OF TOMTOMTALA SANSKRITIK KENDRA,CONSTRUCTION OF TOMTOMTALA SANSKRITIK KENDRA,2026-01-27 00:00:00,,,200000.0,,,,,recommended,missing_parseable_work_id,synthetic,wk_bf063f5ce51f
wk_bf323f105e71,,LS,Uttar Pradesh,Uttar Pradesh,Amethi,Amethi(DISTRICT MAGISTRAE AMETHI_IDA),AMETHI,KISHORI LAL,KISHORI LAL,LS_KISHORI LAL,AMETHI,,Construction of rooms and halls in school and colleges,Normal/Others,Normal/Others,,"Release a total amount of Rs. 6,25,000 (Six Lakh Twenty Five Thousands Only) from the MPLADS Fund as a contribution for the renovation, repair, reconstruction, and infrastructure facilities for Shri Gopal Inter College, Pandri, Block Gauriganj, selected under Project Alankar.","Release a total amount of Rs. 6,25,000 (Six Lakh Twenty Five Thousands Only) from the MPLADS Fund as a contribution for the renovation, repair, reconstruction, and infrastructure facilities for Shri Gopal Inter College, Pandri, Block Gauriganj, selected under Project Alankar.",2024-10-08 00:00:00,,,625000.0,,,,,recommended,missing_parseable_work_id,synthetic,wk_bf323f105e71
wk_bf360efee6f5,,RS,Kerala,Kerala,Idukki,IDUKKI(DISTRICT COLLECTOR IDUKKI_IDA),IDUKKI,Smt. Jebi Mather Hisham (2022-28) (2022-2028),JEBI MATHER HISHAM,RS_JEBI MATHER HISHAM,,Elected MP,"Construction of roads, link roads, pathways or any other road with or without drainage system",Normal/Others,Normal/Others,,"Concreting of Sulthankada-Padayappa pady-Anakkara road, Ward 5, Chakkupallam Grama Panchayath","Concreting of Sulthankada-Padayappa pady-Anakkara road, Ward 5, Chakkupallam Grama Panchayath",2025-07-22 00:00:00,,,2000000.0,,,,,recommended,missing_parseable_work_id,synthetic,wk_bf360efee6f5
wk_bf428ac88e01,,RS,Madhya Pradesh,Madhya Pradesh,Bhind,BHIND(DISTRICT COLLECTOR BHIND_IDA),BHIND,Shri Ashok Singh (2024-30) (2024-2030),ASHOK SINGH,RS_ASHOK SINGH,,Elected MP,Construction of common work sheds/ common covered sitting area,Normal/Others,Normal/Others,,"Construction Teenshed at Trimurti dham, Gram Panchayat Umri, Dist. Bhind, M.P.","Construction Teenshed at Trimurti dham, Gram Panchayat Umri, Dist. Bhind, M.P.",2025-03-04 00:00:00,,,995000.0,,,,,recommended,missing_parseable_work_id,synthetic,wk_bf428ac88e01
wk_bfa8c77e7d2d,,RS,Maharashtra,Maharashtra,Beed,BEED(DISTRICT COLLECTOR BEED_IDA),BEED,Shri Imran Pratapgarhi (2022-28) (2022-2028),IMRAN PRATAPGARHI,RS_IMRAN PRATAPGARHI,,Elected MP,"Construction of roads, link roads, pathways or any other road with or without drainage system",Normal/Others,Normal/Others,,As per letter attached,As per letter attached,2025-03-20 00:00:00,,,1000000.0,,,,,recommended,missing_parseable_work_id,synthetic,wk_bfa8c77e7d2d
wk_bfe520a35729,,LS,Kerala,Kerala,Kannur,KANNUR(DISTRICT COLLECTOR KANNUR_IDA),KANNUR,Shri Kumbakudi Sudhakaran,KUMBAKUDI SUDHAKARAN,LS_KUMBAKUDI SUDHAKARAN,KANNUR,,Street lights,Normal/Others,Normal/Others,,Installation of Mini Mast lights at Karinkkayam Temple Premises in Chapparapadavu Grama Panchayath –(08 Meter High Mast With 5x150 Watts -Flood LIGHT),Installation of Mini Mast lights at Karinkkayam Temple Premises in Chapparapadavu Grama Panchayath –(08 Meter High Mast With 5x150 Watts -Flood LIGHT),2024-12-05 00:00:00,,,300000.0,,,,,recommended,missing_parseable_work_id,synthetic,wk_bfe520a35729
wk_c0116938ac4f,,LS,Goa,Goa,North Goa,NORTH GOA(DISTRICT COLLECTOR NORTH GOA_IDA),NORTH GOA,Shripad Yesso Naik,SHRIPAD YESSO NAIK,LS_SHRIPAD YESSO NAIK,NORTH GOA,,"Purchase of prosthetics, wheel chairs, tricycles (manual or motorized), elect scooties, hearing aids",Normal/Others,Normal/Others,,Provide artificial limb left and right side to Fulrani Shankar Kinlekar,Provide artificial limb left and right side to Fulrani Shankar Kinlekar,2024-12-06 00:00:00,,,260650.0,,,,,recommended,missing_parseable_work_id,synthetic,wk_c0116938ac4f
wk_c011b673b19e,,RS,Assam,Assam,Cachar,CACHAR(DEPUTY COMMISSIONER CACHAR_IDA),CACHAR,Shri Kanad Purkayastha (2025-31) (2025-2031),KANAD PURKAYASTHA,RS_KANAD PURKAYASTHA,,Elected MP,"Purchase of ambulances (Four, three and two wheelers)",Normal/Others,Normal/Others,,"Purchase of Medical van for Governing Body Kalpataru Institute of Entrepreneurs (NGO), Silchar at Silchar","Purchase of Medical van for Governing Body Kalpataru Institute of Entrepreneurs (NGO), Silchar at Silchar",2026-01-04 00:00:00,,,2000000.0,,,,,recommended,missing_parseable_work_id,synthetic,wk_c011b673b19e
wk_c025b14577ed,,RS,Tamil Nadu,Tamil Nadu,Tiruppur,TIRUPPUR(DISTRICT COLLECTOR TIRUPPUR_IDA),TIRUPPUR,Shri Ilaiyaraaja (2022-28) (2022-2028),ILAIYARAAJA,RS_ILAIYARAAJA,,Nominated MP,Construction of water tanks,Normal/Others,Normal/Others,,10000 Lts Over Head Water Tank in Kurukkupanai Area of Veeracholapuram Panchayat,10000 Lts Over Head Water Tank in Kurukkupanai Area of Veeracholapuram Panchayat,2025-12-25 00:00:00,,,850000.0,,,,,recommended,missing_parseable_work_id,synthetic,wk_c025b14577ed
wk_c02b1de3e667,,RS,Rajasthan,Rajasthan,Dungarpur,DUNGARPUR(DISTRICT COLLECTOR DUNGARPUR_IDA),DUNGARPUR,Shri Madan Rathore (2024-30) (2024-2030),MADAN RATHORE,RS_MADAN RATHORE,,Elected MP,Construction of culverts and bridges,Normal/Others,Normal/Others,,Construction of a culvert with a ring wall from Raman Mogji s well to the main road.,Construction of a culvert with a ring wall from Raman Mogji s well to the main road.,2026-01-06 00:00:00,,,750000.0,,,,,recommended,missing_parseable_work_id,synthetic,wk_c02b1de3e667
wk_c03e41b35647,,RS,Andhra Pradesh,Andhra Pradesh,Krishna,KRISHNA(DISTRICT COLLECTOR KRISHNA_IDA),KRISHNA,Shri Ryaga Krishnaiah (2024-28) (2024-2028),RYAGA KRISHNAIAH,RS_RYAGA KRISHNAIAH,,Elected MP,Construction of toilet blocks,Trust and Society,Trust and Society,,"Construction of a wash rooms for boys and girls on a 3000 square feet by our Sri Jayarama Vijnana Vihara, Unguturu School, Krishna District","Construction of a wash rooms for boys and girls on a 3000 square feet by our Sri Jayarama Vijnana Vihara, Unguturu School, Krishna District",2025-08-28 00:00:00,,,2500000.0,,,,,recommended,missing_parseable_work_id,synthetic,wk_c03e41b35647
wk_c0b98320a730,,LS,Delhi,Delhi,Central,CENTRAL(COMMISSIONER MCD (CENTRAL DISTRICT)),CENTRAL,Bansuri Swaraj,BANSURI SWARAJ,LS_BANSURI SWARAJ,NEW DELHI,,"Providing sports equipment, except consumable items",Normal/Others,Normal/Others,,Provision of Children Playing Equipment in park,Provision of Children Playing Equipment in park,2024-11-16 00:00:00,,,150000.0,,,,,recommended,missing_parseable_work_id,synthetic,wk_c0b98320a730
wk_c169d335f20b,,RS,Kerala,Kerala,Kozhikode,KOZHIKODE(DISTRICT COLLECTOR KOZHIKODE_IDA),KOZHIKODE,Smt. P. T. Usha (2022-28) (2022-2028),P T USHA,RS_P T USHA,,Nominated MP,"Construction of roads, link roads, pathways or any other road with or without drainage system",Normal/Others,Normal/Others,,Construction of Keezhpalliyali Drainage cum Road in Divishion 31 Pootholam,Construction of Keezhpalliyali Drainage cum Road in Divishion 31 Pootholam,2025-07-04 00:00:00,,,1500000.0,,,,,recommended,missing_parseable_work_id,synthetic,wk_c169d335f20b
wk_c18a430522f1,,RS,Kerala,Kerala,Kozhikode,KOZHIKODE(DISTRICT COLLECTOR KOZHIKODE_IDA),KOZHIKODE,Smt. P. T. Usha (2022-28) (2022-2028),P T USHA,RS_P T USHA,,Nominated MP,Construction of footpaths and pedestrian ways,Normal/Others,Normal/Others,,Construction of Perumalpuram Mujahid Palli Pathway Concreting Payyoli Town Payyoli Municipality Kozhikode,Construction of Perumalpuram Mujahid Palli Pathway Concreting Payyoli Town Payyoli Municipality Kozhikode,2025-01-25 00:00:00,,,1000000.0,,,,,recommended,missing_parseable_work_id,synthetic,wk_c18a430522f1
wk_c23666aec7bd,,RS,Jharkhand,Jharkhand,Giridih,GIRIDIH(Deputy Commissioner Giridh_IDA),GIRIDIH,Dr. Sarfraz Ahmad (2024-30) (2024-2030),SARFRAZ AHMAD,RS_SARFRAZ AHMAD,,Elected MP,"Construction of roads, link roads, pathways or any other road with or without drainage system",Normal/Others,Normal/Others,,"Construction of a guard wall alongside the road in Village-Dhawatand, Badgundakhurd Panchayat, Giridih Block.","Construction of a guard wall alongside the road in Village-Dhawatand, Badgundakhurd Panchayat, Giridih Block.",2025-05-07 00:00:00,,,600000.0,,,,,recommended,missing_parseable_work_id,synthetic,wk_c23666aec7bd
wk_c2420a7323c6,,RS,Bihar,Bihar,Madhepura,MADHEPURA(DISTRICT PLANNING OFFICER MADHEPURA_IDA),MADHEPURA,Prof. Manoj Kumar Jha (2024-30) (2024-2030),MANOJ KUMAR JHA,RS_MANOJ KUMAR JHA,,Elected MP,Lighting of public spaces,Normal/Others,Normal/Others,,Installation work of high mast light Near Samt Awadh Inter College Pathraha located in Pathraha Panchayat Ward No 04 under Madhepura block,Installation work of high mast light Near Samt Awadh Inter College Pathraha located in Pathraha Panchayat Ward No 04 under Madhepura block,2025-09-11 00:00:00,,,921000.0,,,,,recommended,missing_parseable_work_id,synthetic,wk_c2420a7323c6
wk_c2462f5f8c3d,,LS,Kerala,Kerala,Kannur,KANNUR(DISTRICT COLLECTOR KANNUR_IDA),KANNUR,Shri Kumbakudi Sudhakaran,KUMBAKUDI SUDHAKARAN,LS_KUMBAKUDI SUDHAKARAN,KANNUR,,Construction of bus-sheds or bus-stops,Normal/Others,Normal/Others,,"Construction Of Hi-Tech Bus Shelter in front of Sree Koorumba Bhagavathi Temple Gate,Muzhappilangad .(kannur- Thalassery Road Side)","Construction Of Hi-Tech Bus Shelter in front of Sree Koorumba Bhagavathi Temple Gate,Muzhappilangad .(kannur- Thalassery Road Side)",2024-12-13 00:00:00,,,500000.0,,,,,recommended,missing_parseable_work_id,synthetic,wk_c2462f5f8c3d
wk_c27358231c9f,,RS,Karnataka,Karnataka,Chikkamagaluru,CHIKKAMAGALURU(DEPUTY COMMISSIONER CHIKMAGALUR),CHIKKAMAGALURU,Shri Jairam Ramesh (2022-28) (2022-2028),JAIRAM RAMESH,RS_JAIRAM RAMESH,,Elected MP,Construction of toilet blocks,Normal/Others,Normal/Others,,Construction of Girls Toilet at Primary school of Machagondanahalli Village of Sattihalli Village Panchayath Chikkamagaluru Tq,Construction of Girls Toilet at Primary school of Machagondanahalli Village of Sattihalli Village Panchayath Chikkamagaluru Tq,2025-02-28 00:00:00,,,2800000.0,,,,,recommended,missing_parseable_work_id,synthetic,wk_c27358231c9f
wk_c2a1aaff5df6,,RS,Madhya Pradesh,Madhya Pradesh,Narsimhapur,Narsimhapur(DISTRICT COLLECTOR NARSINGHPUR_IDA),NARSIMHAPUR,Shri Vivek K. Tankha (2022-28) (2022-2028),VIVEK K TANKHA,RS_VIVEK K TANKHA,,Elected MP,Construction of community centers and community halls,Normal/Others,Normal/Others,,"Gram panchayat Khapa, Janpad Panchyat Narsinghpur ke gram Khapa me Sanskratik Gatividhiyo hetu Samudayik Bhawan nirman, Narsinghpur","Gram panchayat Khapa, Janpad Panchyat Narsinghpur ke gram Khapa me Sanskratik Gatividhiyo hetu Samudayik Bhawan nirman, Narsinghpur",2026-01-18 00:00:00,,,500000.0,,,,,recommended,missing_parseable_work_id,synthetic,wk_c2a1aaff5df6
wk_c2cfab99e9b1,,RS,Andhra Pradesh,Andhra Pradesh,Y.S.R. Kadapa,Y.S.R. Kadapa(DISTRICT COLLECTOR CUDDAPAH_IDA),Y.S.R. KADAPA,Shri Yerram Venkata Subba Reddy (2024-30) (2024-2030),YERRAM VENKATA SUBBA REDDY,RS_YERRAM VENKATA SUBBA REDDY,,Elected MP,Construction of additional rooms and halls in the existing public and community building,Normal/Others,Normal/Others,,"Providing additional amenities for Community Hall, Ward No.32, Pulivendula Municipality, YSR Kadapa District","Providing additional amenities for Community Hall, Ward No.32, Pulivendula Municipality, YSR Kadapa District",2025-10-04 00:00:00,,,10000000.0,,,,,recommended,missing_parseable_work_id,synthetic,wk_c2cfab99e9b1
wk_c2d9cca96897,,RS,Chhattisgarh,Chhattisgarh,Durg,DURG(DISTRICT COLLECTOR DURG_IDA),DURG,Shri Rajeev Shukla (2022-28) (2022-2028),RAJEEV SHUKLA,RS_RAJEEV SHUKLA,,Elected MP,Construction of boundary walls of existing public and community buildings,Normal/Others,Normal/Others,,"Construction of C.C. Road in Minimata District Centre, Village - Demar, Gram Panchayat - Demar,","Construction of C.C. Road in Minimata District Centre, Village - Demar, Gram Panchayat - Demar,",2025-10-24 00:00:00,,,1000000.0,,,,,recommended,missing_parseable_work_id,synthetic,wk_c2d9cca96897
wk_c2f15c4a92fd,,RS,Karnataka,Karnataka,Chikkamagaluru,CHIKKAMAGALURU(DEPUTY COMMISSIONER CHIKMAGALUR),CHIKKAMAGALURU,Shri Jairam Ramesh (2022-28) (2022-2028),JAIRAM RAMESH,RS_JAIRAM RAMESH,,Elected MP,"Construction of roads, link roads, pathways or any other road with or without drainage system",Normal/Others,Normal/Others,,Development of Ammanni road (Old OHT) and Development of Park. (TSP),Development of Ammanni road (Old OHT) and Development of Park. (TSP),2023-09-04 00:00:00,,,750000.0,,,,,recommended,missing_parseable_work_id,synthetic,wk_c2f15c4a92fd
wk_c2fabf18f5dc,,LS,Kerala,Kerala,Pathanamthitta,PATHANAMTHITTA(DISTRICT COLLECTOR PATHANAMTHITTA_IDA),PATHANAMTHITTA,Anto Antony,ANTO ANTONY,LS_ANTO ANTONY,PATHANAMTHITTA,,Construction of bus-sheds or bus-stops,Normal/Others,Normal/Others,,Construction of Bus Waiting Shed at Marthoma Youth Center Junction in Adoor Municipality.,Construction of Bus Waiting Shed at Marthoma Youth Center Junction in Adoor Municipality.,2024-09-24 00:00:00,,,500000.0,,,,,recommended,missing_parseable_work_id,synthetic,wk_c2fabf18f5dc
wk_c313266aa546,,RS,Maharashtra,Maharashtra,Pune,PUNE(DISTRICT COLLECTOR PUNE_IDA),PUNE,Dr. Medha Vishram Kulkarni (2024-30) (2024-2030),MEDHA VISHRAM KULKARNI,RS_MEDHA VISHRAM KULKARNI,,Elected MP,Construction of bus-sheds or bus-stops,Normal/Others,Normal/Others,,At Ward 9 Establishment of a bus stop at Rajyog Society Down Side,At Ward 9 Establishment of a bus stop at Rajyog Society Down Side,2025-11-26 00:00:00,,,1000000.0,,,,,recommended,missing_parseable_work_id,synthetic,wk_c313266aa546
wk_c3149f7a6e6a,,RS,Assam,Assam,Sivasagar,SIVASAGAR(Deputy Commissioner Sivsagar_IDA),SIVASAGAR,Shri Pabitra Margherita (2022-28) (2022-2028),PABITRA MARGHERITA,RS_PABITRA MARGHERITA,,Elected MP,Construction of additional rooms and halls in the existing public and community building,Normal/Others,Normal/Others,,"DEVELOPMENT OF HALWATING BAZAR PUBLIC HALL, LADOIGARH GRANT","DEVELOPMENT OF HALWATING BAZAR PUBLIC HALL, LADOIGARH GRANT",2025-03-17 00:00:00,,,500000.0,,,,,recommended,missing_parseable_work_id,synthetic,wk_c3149f7a6e6a
wk_c36d00223a49,,RS,Assam,Assam,Sivasagar,SIVASAGAR(Deputy Commissioner Sivsagar_IDA),SIVASAGAR,Shri Pabitra Margherita (2022-28) (2022-2028),PABITRA MARGHERITA,RS_PABITRA MARGHERITA,,Elected MP,Construction of community centers and community halls,Normal/Others,Normal/Others,,CONSTRUCTION OF GAHORICHOWABARI 2 NO SANSKRITIK BIKASH KENDRA,CONSTRUCTION OF GAHORICHOWABARI 2 NO SANSKRITIK BIKASH KENDRA,2026-01-27 00:00:00,,,250000.0,,,,,recommended,missing_parseable_work_id,synthetic,wk_c36d00223a49
wk_c3bb2f18230e,,LS,Uttar Pradesh,Uttar Pradesh,Auraiya,AURAIYA(DISTRICT MAGISTRATE AURAIYA_IDA),AURAIYA,AKHILESH YADAV,AKHILESH YADAV,LS_AKHILESH YADAV,KANNAUJ,,Lighting of public spaces,Normal/Others,Normal/Others,,"Installation work of a solar power light near the house of Shri Netrapal son Zorawar Singh village Kataiya Post Badin Bidhuna, District Auraiya. By-Shri Tyagi Yadav 9457369650","Installation work of a solar power light near the house of Shri Netrapal son Zorawar Singh village Kataiya Post Badin Bidhuna, District Auraiya. By-Shri Tyagi Yadav 9457369650",2024-12-10 00:00:00,,,15500.0,,,,,recommended,missing_parseable_work_id,synthetic,wk_c3bb2f18230e
wk_c3d5b995b902,,RS,Maharashtra,Maharashtra,Pune,PUNE(DISTRICT COLLECTOR PUNE_IDA),PUNE,Dr. Medha Vishram Kulkarni (2024-30) (2024-2030),MEDHA VISHRAM KULKARNI,RS_MEDHA VISHRAM KULKARNI,,Elected MP,Renovation of ponds and lakes,Normal/Others,Normal/Others,,Beautification of the stone pond waterfall fountain and stone construction,Beautification of the stone pond waterfall fountain and stone construction,2025-01-28 00:00:00,,,1000000.0,,,,,recommended,missing_parseable_work_id,synthetic,wk_c3d5b995b902
wk_c3f65e844784,,RS,Assam,Assam,Sivasagar,SIVASAGAR(Deputy Commissioner Sivsagar_IDA),SIVASAGAR,Shri Pabitra Margherita (2022-28) (2022-2028),PABITRA MARGHERITA,RS_PABITRA MARGHERITA,,Elected MP,Construction of community centers and community halls,Normal/Others,Normal/Others,,CONSTRUCTION OF PODUM PUKHURI SANSKRITIK KENDRA,CONSTRUCTION OF PODUM PUKHURI SANSKRITIK KENDRA,2026-01-27 00:00:00,,,200000.0,,,,,recommended,missing_parseable_work_id,synthetic,wk_c3f65e844784
wk_c400928c5df7,,RS,Bihar,Bihar,Vaishali,VAISHALI(DISTRICT PLANNING OFFICER VAISHALI_IDA),VAISHALI,Shri Sanjay Yadav (2024-30) (2024-2030),SANJAY YADAV,RS_SANJAY YADAV,,Elected MP,Construction of community centers and community halls,Normal/Others,Normal/Others,,"Construction of a community building (large hall) with a hand pump, toilets, and two urinals for the use of the disabled and the general public on the available government land around Mohanpur Referral Hospital in the Raghopur block.","Construction of a community building (large hall) with a hand pump, toilets, and two urinals for the use of the disabled and the general public on the available government land around Mohanpur Referral Hospital in the Raghopur block.",2025-09-02 00:00:00,,,1499000.0,,,,,recommended,missing_parseable_work_id,synthetic,wk_c400928c5df7
wk_c43feb5c3644,,RS,Jharkhand,Jharkhand,Giridih,GIRIDIH(Deputy Commissioner Giridh_IDA),GIRIDIH,Dr. Sarfraz Ahmad (2024-30) (2024-2030),SARFRAZ AHMAD,RS_SARFRAZ AHMAD,,Elected MP,"Construction of roads, link roads, pathways or any other road with or without drainage system",Normal/Others,Normal/Others,,"Construction of paver blocks in the school premises in Tinkonia village, Maheshlundi Panchayat, Giridih block.","Construction of paver blocks in the school premises in Tinkonia village, Maheshlundi Panchayat, Giridih block.",2026-01-16 00:00:00,,,250000.0,,,,,recommended,missing_parseable_work_id,synthetic,wk_c43feb5c3644
wk_c4480899ba0e,,RS,Rajasthan,Rajasthan,Jaisalmer,JAISALMER(DISTRICT COLLECTOR JAISLAMER_IDA),JAISALMER,Shri Madan Rathore (2024-30) (2024-2030),MADAN RATHORE,RS_MADAN RATHORE,,Elected MP,Construction of bus-sheds or bus-stops,Normal/Others,Normal/Others,,public bus stand construction work in Ramnagar village,public bus stand construction work in Ramnagar village,2025-03-20 00:00:00,,,500000.0,,,,,recommended,missing_parseable_work_id,synthetic,wk_c4480899ba0e
wk_c44c336dbb94,,RS,Chandigarh,Chandigarh,Pulwama,PULWAMA(Deputy Commissioner Pulwama_IDA),PULWAMA,Shri Satnam Singh Sandhu (2024-30) (2024-2030),SATNAM SINGH SANDHU,RS_SATNAM SINGH SANDHU,,Nominated MP,Construction of rooms and halls in school and colleges,Normal/Others,Normal/Others,,"Construction of Rooms in Guru Nanak Public School Tral, Pulwama, Recognition No. RECO000897184EDUOF2017, through Guru Harkrishan Jeevanjot Society (Regd.) 7398","Construction of Rooms in Guru Nanak Public School Tral, Pulwama, Recognition No. RECO000897184EDUOF2017, through Guru Harkrishan Jeevanjot Society (Regd.) 7398",2025-11-19 00:00:00,,,1000000.0,,,,,recommended,missing_parseable_work_id,synthetic,wk_c44c336dbb94
wk_c462b2c9fca0,,RS,Maharashtra,Maharashtra,Nanded,NANDED(DISTRICT COLLECTOR NANDED_IDA),NANDED,Dr. Ajeet Madhavrao Gopchade (2024-30) (2024-2030),AJEET MADHAVRAO GOPCHADE,RS_AJEET MADHAVRAO GOPCHADE,,Elected MP,Construction of community centers and community halls,Normal/Others,Normal/Others,,Construction of Sabhamandap in the area of Grampanchayat Near Datta Mandir at Chirali Tq. Biloli Dist. Nanded,Construction of Sabhamandap in the area of Grampanchayat Near Datta Mandir at Chirali Tq. Biloli Dist. Nanded,2025-10-24 00:00:00,,,700000.0,,,,,recommended,missing_parseable_work_id,synthetic,wk_c462b2c9fca0
wk_c4c4730c3e40,,LS,Goa,Goa,North Goa,NORTH GOA(DISTRICT COLLECTOR NORTH GOA_IDA),NORTH GOA,Shripad Yesso Naik,SHRIPAD YESSO NAIK,LS_SHRIPAD YESSO NAIK,NORTH GOA,,"Purchase of prosthetics, wheel chairs, tricycles (manual or motorized), elect scooties, hearing aids",Normal/Others,Normal/Others,,Providing three wheeler bike to Shri Pascol Mendonca,Providing three wheeler bike to Shri Pascol Mendonca,2024-12-04 00:00:00,,,130000.0,,,,,recommended,missing_parseable_work_id,synthetic,wk_c4c4730c3e40
wk_c4f22fb7e36c,,RS,Tamil Nadu,Tamil Nadu,Thoothukkudi,Thoothukkudi(DISTRICT COLLECTOR THOOTHUKUDI_IDA),THOOTHUKKUDI,Shri I.S. Inbadurai (2025-31) (2025-2031),I S INBADURAI,RS_I S INBADURAI,,Elected MP,Crematoriums/energy efficient crematoriums or structures on burial/cremation ground,Normal/Others,Normal/Others,,Construction of a cremation stage at the burial cremation ground and installation of an electric motor to the existing borewell along with setting up a water tank in Vagaithavoor village in Sivagnanapuram Panchayat at Kayathar Panchayat union Union.,Construction of a cremation stage at the burial cremation ground and installation of an electric motor to the existing borewell along with setting up a water tank in Vagaithavoor village in Sivagnanapuram Panchayat at Kayathar Panchayat union Union.,2025-12-23 00:00:00,,,691000.0,,,,,recommended,missing_parseable_work_id,synthetic,wk_c4f22fb7e36c
wk_c51bd852a2ef,,RS,Uttarakhand,Uttarakhand,Haridwar,HARIDWAR(DISTRICT MAGISTRATE HARIDWAR_IDA),HARIDWAR,Dr. Kalpana Saini (2022-28) (2022-2028),KALPANA SAINI,RS_KALPANA SAINI,,Elected MP,"Providing sports equipment, except consumable items",Normal/Others,Normal/Others,,"Purchase Wrestling Mats for practice of players in Village Libbarhedi, block Narsan, District Haridwar","Purchase Wrestling Mats for practice of players in Village Libbarhedi, block Narsan, District Haridwar",2026-01-03 00:00:00,,,500000.0,,,,,recommended,missing_parseable_work_id,synthetic,wk_c51bd852a2ef
wk_c58e403daeea,,LS,Madhya Pradesh,Madhya Pradesh,Narmadapuram,NARMADAPURAM(DISTRICT COLLECTOR NARMADAPURAM_IDA),NARMADAPURAM,DARSHAN SINGH CHOUDHARY,DARSHAN SINGH CHOUDHARY,LS_DARSHAN SINGH CHOUDHARY,HOSHANGABAD,,Construction of buildings for multi-gym,Normal/Others,Normal/Others,,"this fund is for jay shree krishna vyayam shala and sports club situated at gwaltoili narmdapuram, near kali mandir. contact person sh. narendra patel 9827786503","this fund is for jay shree krishna vyayam shala and sports club situated at gwaltoili narmdapuram, near kali mandir. contact person sh. narendra patel 9827786503",2024-12-19 00:00:00,,,100000.0,,,,,recommended,missing_parseable_work_id,synthetic,wk_c58e403daeea
wk_c5c06e174f78,,RS,Gujarat,Gujarat,Morbi,MORBI(District collector Morbi_IDA),MORBI,Shri Kesridevsinh Jhala (2023-29) (2023-2029),KESRIDEVSINH JHALA,RS_KESRIDEVSINH JHALA,,Elected MP,Construction of public toilets and bathrooms,Normal/Others,Normal/Others,,Construction of paver blocks and bathing ghats in the cemetery of the Dalit community in Amreli village of Morbi taluka,Construction of paver blocks and bathing ghats in the cemetery of the Dalit community in Amreli village of Morbi taluka,2025-03-05 00:00:00,,,500000.0,,,,,recommended,missing_parseable_work_id,synthetic,wk_c5c06e174f78
wk_c5d1dd8e43fc,,RS,Uttar Pradesh,Uttar Pradesh,Sultanpur,SULTANPUR(DISTRICT MAGISTRATE SULTANPUR_IDA),SULTANPUR,Smt. Seema Dwivedi (2020-26) (2020-2026),SEEMA DWIVEDI,RS_SEEMA DWIVEDI,,Elected MP,Construction of rooms and halls in school and colleges,Normal/Others,Normal/Others,,HUBRAJI DEVI GIRLS INSTITUTE PANDELA KADIPUR SULTANPUR ME BRAMDA SAHIT KAKSHA BHAWAN NIRMAN KARYA,HUBRAJI DEVI GIRLS INSTITUTE PANDELA KADIPUR SULTANPUR ME BRAMDA SAHIT KAKSHA BHAWAN NIRMAN KARYA,2025-04-19 00:00:00,,,2000000.0,,,,,recommended,missing_parseable_work_id,synthetic,wk_c5d1dd8e43fc
wk_c5d41cdb1562,,RS,Madhya Pradesh,Madhya Pradesh,Bhind,BHIND(DISTRICT COLLECTOR BHIND_IDA),BHIND,Shri Vivek K. Tankha (2022-28) (2022-2028),VIVEK K TANKHA,RS_VIVEK K TANKHA,,Elected MP,"Construction of roads, link roads, pathways or any other road with or without drainage system",Normal/Others,Normal/Others,,"Jagdish ke khet se Yogendra ki baithak ki aur Dev singh ka pura me CC road Nirman, Vidhasabha 13-Gohad, District Bhind (letter no. 3066/23, Column no. 2)","Jagdish ke khet se Yogendra ki baithak ki aur Dev singh ka pura me CC road Nirman, Vidhasabha 13-Gohad, District Bhind (letter no. 3066/23, Column no. 2)",2023-06-25 00:00:00,,,250000.0,,,,,recommended,missing_parseable_work_id,synthetic,wk_c5d41cdb1562
wk_c61e64ad50f3,,RS,Maharashtra,Maharashtra,Pune,PUNE(DISTRICT COLLECTOR PUNE_IDA),PUNE,Dr. Medha Vishram Kulkarni (2024-30) (2024-2030),MEDHA VISHRAM KULKARNI,RS_MEDHA VISHRAM KULKARNI,,Elected MP,Construction of community centers and community halls,Normal/Others,Normal/Others,,"Construction of community hall near kalubai temple, Jalgaon Kadepathar Baramati Dist Pune","Construction of community hall near kalubai temple, Jalgaon Kadepathar Baramati Dist Pune",2025-03-31 00:00:00,,,1000000.0,,,,,recommended,missing_parseable_work_id,synthetic,wk_c61e64ad50f3
wk_c69dd4e21c52,,RS,Tripura,Tripura,West Tripura,West Tripura(DISTRICT MAGISTRATE WEST TRIPURA_IDA),WEST TRIPURA,Shri Rajib Bhattacharjee (2024-28) (2024-2028),RAJIB BHATTACHARJEE,RS_RAJIB BHATTACHARJEE,,Elected MP,"Purchase of ambulances (Four, three and two wheelers)",Normal/Others,Normal/Others,,"Additional fund for providing one Mahindra Bolero Pioneer Youth Club at Amtila, Borgul, Kadamtala North Tripura (To be registered in favour of Secretary for Pioneer Youth Club at Amtila, Borgul, Kadamtala North Tripura.","Additional fund for providing one Mahindra Bolero Pioneer Youth Club at Amtila, Borgul, Kadamtala North Tripura (To be registered in favour of Secretary for Pioneer Youth Club at Amtila, Borgul, Kadamtala North Tripura.",2025-02-20 00:00:00,,,48500.0,,,,,recommended,missing_parseable_work_id,synthetic,wk_c69dd4e21c52
wk_c6ee53708ea0,,RS,Odisha,Odisha,Khordha,KHORDHA(DISTRICT COLLECTOR KHORDHA_IDA),KHORDHA,Smt. Sulata Deo (2022-28) (2022-2028),SULATA DEO,RS_SULATA DEO,,Elected MP,"Purchase of ambulances (Four, three and two wheelers)",Normal/Others,Normal/Others,,"Purchase of Ambulance for emergency medicals needs of the people across the out skirts of Bhubaneswar in favor of Samarpita Social Foundation Trust Add: Plot No. 3634/4 Palasuni, Bhubaneswar-25 Distt Khordha, BMC Ward No 18, Vide Regd No. 41081711011, mob: 9583463595, email: teamsamarpita@gmail.com","Purchase of Ambulance for emergency medicals needs of the people across the out skirts of Bhubaneswar in favor of Samarpita Social Foundation Trust Add: Plot No. 3634/4 Palasuni, Bhubaneswar-25 Distt Khordha, BMC Ward No 18, Vide Regd No. 41081711011, mob: 9583463595, email: teamsamarpita@gmail.com",2023-12-16 00:00:00,,,1000000.0,,,,,recommended,missing_parseable_work_id,synthetic,wk_c6ee53708ea0
wk_c6f47eb64bfe,,RS,Gujarat,Gujarat,Panch Mahals,PANCH MAHALS(DISTRICT COLLECTOR PANCHMAHALS_IDA),PANCH MAHALS,Dr. Parmar Jashvantsinh Salamsinh (2024-30) (2024-2030),PARMAR JASHVANTSINH SALAMSINH,RS_PARMAR JASHVANTSINH SALAMSINH,,Elected MP,Construction of common work sheds/ common covered sitting area,Normal/Others,Normal/Others,,construction of shed at The navchetan english school bahi,construction of shed at The navchetan english school bahi,2025-12-30 00:00:00,,,1000000.0,,,,,recommended,missing_parseable_work_id,synthetic,wk_c6f47eb64bfe
wk_c732bc0a98c3,,RS,Maharashtra,Maharashtra,Raigad,RAIGAD(DISTRICT COLLECTOR RAIGAD_IDA),RAIGAD,Shri Praful Patel (2024-30) (2024-2030),PRAFUL PATEL,RS_PRAFUL PATEL,,Elected MP,Construction of community centers and community halls,Normal/Others,Normal/Others,,Talegaon Vibhag Loner me kunbi Samaj Mandal Imarat Nirman,Talegaon Vibhag Loner me kunbi Samaj Mandal Imarat Nirman,2025-11-11 00:00:00,,,2500000.0,,,,,recommended,missing_parseable_work_id,synthetic,wk_c732bc0a98c3
wk_c74a770d8a38,,RS,Kerala,Kerala,Thiruvananthapuram,THIRUVANANTHAPURAM(DISTRICT COLLECTOR THIRUVANANTHAPURAM_IDA),THIRUVANANTHAPURAM,Shri Jose K. Mani (2024-30) (2024-2030),JOSE K MANI,RS_JOSE K MANI,,Elected MP,"Construction of roads, link roads, pathways or any other road with or without drainage system",Normal/Others,Normal/Others,,Construction of Interlock work at Vayalikkada Road Cat SC,Construction of Interlock work at Vayalikkada Road Cat SC,2026-01-08 00:00:00,,,1000000.0,,,,,recommended,missing_parseable_work_id,synthetic,wk_c74a770d8a38
wk_c757ce9bc083,,RS,Uttar Pradesh,Uttar Pradesh,Ayodhya,AYODHYA(DISTRICT MAGISTRAE FAIZABAD_IDA),AYODHYA,Shri Javed Ali Khan (2022-28) (2022-2028),JAVED ALI KHAN,RS_JAVED ALI KHAN,,Elected MP,"Construction of roads, link roads, pathways or any other road with or without drainage system",Repair and Renovation,Repair and Renovation,,"GRAM PARWAR PARA, TEHSIL BIKAPUR MEIN RAMCHANDRA KE MAKAN SE SITARAM KE MAKAN TAK CC ROAD KA MARAMMAT KARYA (Repair work) Length 100 Mtrs","GRAM PARWAR PARA, TEHSIL BIKAPUR MEIN RAMCHANDRA KE MAKAN SE SITARAM KE MAKAN TAK CC ROAD KA MARAMMAT KARYA (Repair work) Length 100 Mtrs",2025-06-16 00:00:00,,,311000.0,,,,,recommended,missing_parseable_work_id,synthetic,wk_c757ce9bc083
wk_c75c1c4ae382,,LS,West Bengal,West Bengal,North 24 Parganas,North 24 Parganas(DISTRICT MAGISTRATE NORTH TWENTY FOUR PARGANAS_IDA),NORTH 24 PARGANAS,SK NURUL ISLAM,SK NURUL ISLAM,LS_SK NURUL ISLAM,BASIRHAT,,Construction of water tanks,Normal/Others,Normal/Others,,Installation of 2 nos. Arsenic Free Water Tank and Light at different places under Sonapukur sankarpur G.P and Haroa Block (SL.No. 16 to 17),Installation of 2 nos. Arsenic Free Water Tank and Light at different places under Sonapukur sankarpur G.P and Haroa Block (SL.No. 16 to 17),2024-09-05 00:00:00,,,570000.0,,,,,recommended,missing_parseable_work_id,synthetic,wk_c75c1c4ae382
wk_c78673fafdd4,,RS,Rajasthan,Rajasthan,Karauli,KARAULI(DISTRICT COLLECTOR KARAULI_IDA),KARAULI,Shri Madan Rathore (2024-30) (2024-2030),MADAN RATHORE,RS_MADAN RATHORE,,Elected MP,Installing tube-wells and borewells,Normal/Others,Normal/Others,,Tube well construction work near public crematorium,Tube well construction work near public crematorium,2025-08-20 00:00:00,,,500000.0,,,,,recommended,missing_parseable_work_id,synthetic,wk_c78673fafdd4
wk_c806f449a51f,,LS,Odisha,Odisha,Rayagada,RAYAGADA(DISTRICT COLLECTOR RAYAGADA_IDA),RAYAGADA,Saptagiri Sankar Ulaka,SAPTAGIRI SANKAR ULAKA,LS_SAPTAGIRI SANKAR ULAKA,KORAPUT(ST),,Construction of additional rooms and halls in the existing public and community building,Normal/Others,Normal/Others,,"Construction of Additional Hostel Building at Loknathpur High School, Sanahuma GP under Gudari Block","Construction of Additional Hostel Building at Loknathpur High School, Sanahuma GP under Gudari Block",2024-11-22 00:00:00,,,500000.0,,,,,recommended,missing_parseable_work_id,synthetic,wk_c806f449a51f
wk_c80b12655086,,LS,Maharashtra,Maharashtra,Latur,LATUR(DISTRICT COLLECTOR LATUR_IDA),LATUR,DR KALGE SHIVAJI BANDAPPA,KALGE SHIVAJI BANDAPPA,LS_KALGE SHIVAJI BANDAPPA,LATUR(SC),,Construction of community centers and community halls,Normal/Others,Normal/Others,,"Construction of Community centre Hall in Gram Panchayat / Govt owned open space at Bitargaon, Ta.Renapur","Construction of Community centre Hall in Gram Panchayat / Govt owned open space at Bitargaon, Ta.Renapur",2024-09-27 00:00:00,,,1000000.0,,,,,recommended,missing_parseable_work_id,synthetic,wk_c80b12655086
wk_c84e2e8fe30d,,LS,Uttar Pradesh,Uttar Pradesh,Ghazipur,GHAZIPUR(DISTRICT MAGISTRAE GHAZIPUR_IDA),GHAZIPUR,AFZAL ANSARI,AFZAL ANSARI,LS_AFZAL ANSARI,GHAZIPUR,,Construction of boundary walls of existing public and community buildings,Normal/Others,Normal/Others,,"Construction of Boundary wall and beautification: Kshetr Panchayat Zamania, Gram Panchayat Umarganj, Dr. Bhimrao Ambedkar Park, Development Agency - RES Ghazipur","Construction of Boundary wall and beautification: Kshetr Panchayat Zamania, Gram Panchayat Umarganj, Dr. Bhimrao Ambedkar Park, Development Agency - RES Ghazipur",2024-10-21 00:00:00,,,500000.0,,,,,recommended,missing_parseable_work_id,synthetic,wk_c84e2e8fe30d
wk_c8b502711a88,,LS,Uttar Pradesh,Uttar Pradesh,Ghazipur,GHAZIPUR(DISTRICT MAGISTRAE GHAZIPUR_IDA),GHAZIPUR,AFZAL ANSARI,AFZAL ANSARI,LS_AFZAL ANSARI,GHAZIPUR,,Construction of boundary walls of existing public and community buildings,Normal/Others,Normal/Others,,"Construction of Boundary wall and beautification: Kshetr Panchayat Sadar, Gram Panchayat Pahadpur urf Langarpur, Dr. Bhimrao Ambedkar Park, Development Agency - RES Ghazipur","Construction of Boundary wall and beautification: Kshetr Panchayat Sadar, Gram Panchayat Pahadpur urf Langarpur, Dr. Bhimrao Ambedkar Park, Development Agency - RES Ghazipur",2024-10-21 00:00:00,,,500000.0,,,,,recommended,missing_parseable_work_id,synthetic,wk_c8b502711a88
wk_c8ef3d479e90,,RS,Jharkhand,Jharkhand,Giridih,GIRIDIH(Deputy Commissioner Giridh_IDA),GIRIDIH,Dr. Sarfraz Ahmad (2024-30) (2024-2030),SARFRAZ AHMAD,RS_SARFRAZ AHMAD,,Elected MP,Construction of public toilets and bathrooms,Normal/Others,Normal/Others,,Construction of a toilet near Jabbar s house in Saharpura village of Fuljori Tola village of Fuljori Panchayat under Gandey Block.,Construction of a toilet near Jabbar s house in Saharpura village of Fuljori Tola village of Fuljori Panchayat under Gandey Block.,2025-09-18 00:00:00,,,100000.0,,,,,recommended,missing_parseable_work_id,synthetic,wk_c8ef3d479e90
wk_c9264d1d0484,,LS,Tamil Nadu,Tamil Nadu,Tiruppur,TIRUPPUR(DISTRICT COLLECTOR TIRUPPUR_IDA),TIRUPPUR,K Subbarayan,K SUBBARAYAN,LS_K SUBBARAYAN,TIRUPPUR,,Installing tube-wells and borewells,Normal/Others,Normal/Others,,"Providing new borewell and water supply facilities at ward no-21, Tiruppur corporation","Providing new borewell and water supply facilities at ward no-21, Tiruppur corporation",2024-09-03 00:00:00,,,800000.0,,,,,recommended,missing_parseable_work_id,synthetic,wk_c9264d1d0484
wk_c94d9ff28c9b,,RS,Kerala,Kerala,Malappuram,MALAPPURAM(DISTRICT COLLECTOR MALAPPURAM_IDA),MALAPPURAM,Shri Abdul Wahab (2021-27) (2021-2027),ABDUL WAHAB,RS_ABDUL WAHAB,,Elected MP,Installation of multi-gym equipment,Normal/Others,Normal/Others,,"Setting up of Gym at IGMR, Nilambur, Nilambur Municipality","Setting up of Gym at IGMR, Nilambur, Nilambur Municipality",2025-09-25 00:00:00,,,570000.0,,,,,recommended,missing_parseable_work_id,synthetic,wk_c94d9ff28c9b
wk_c9518661d8b9,,LS,Bihar,Bihar,Vaishali,VAISHALI(DISTRICT PLANNING OFFICER VAISHALI_IDA),VAISHALI,Nityanand Rai,NITYANAND RAI,LS_NITYANAND RAI,UJJARPUR,,Construction of water tanks,Normal/Others,Normal/Others,,PRAKHAND PATEPUR PANCHAYAT AKHTIYARPUR DOGHARA WARD NO.-7 CHAK DOHARI SCHOOL ME SAMUDAYIK PEYJAL PANI TANKI (WATER ATM) BHAWAN KE SATH NIRMAN,PRAKHAND PATEPUR PANCHAYAT AKHTIYARPUR DOGHARA WARD NO.-7 CHAK DOHARI SCHOOL ME SAMUDAYIK PEYJAL PANI TANKI (WATER ATM) BHAWAN KE SATH NIRMAN,2024-11-28 00:00:00,,,325000.0,,,,,recommended,missing_parseable_work_id,synthetic,wk_c9518661d8b9
wk_c99752431469,,RS,Karnataka,Karnataka,Yadgir,YADGIR(Deputy Commsioner Yadgir_ida),YADGIR,Shri Jairam Ramesh (2022-28) (2022-2028),JAIRAM RAMESH,RS_JAIRAM RAMESH,,Elected MP,Construction of public irrigation facilities,Normal/Others,Normal/Others,,Irrigation Facilities through Borewell,Irrigation Facilities through Borewell,2025-09-19 00:00:00,,,800000.0,,,,,recommended,missing_parseable_work_id,synthetic,wk_c99752431469
wk_c9af197b459b,,RS,Telangana,Telangana,Rajanna Sircilla,RAJANNA SIRCILLA(DISTRICT COLLECTOR RAJANNA SIRCILLA_IDA),RAJANNA SIRCILLA,Shri Anil Kumar Yadav Mandadi (2024-30) (2024-2030),ANIL KUMAR YADAV MANDADI,RS_ANIL KUMAR YADAV MANDADI,,Elected MP,"Construction of Government office buildings (Post office, Police station, Police chauki, etc.)",Normal/Others,Normal/Others,,G.P Complex-2 at Manala Village Rudrangi Mandal Rajanna Siricilla District.,G.P Complex-2 at Manala Village Rudrangi Mandal Rajanna Siricilla District.,2025-07-02 00:00:00,,,500000.0,,,,,recommended,missing_parseable_work_id,synthetic,wk_c9af197b459b
wk_c9cf9975d503,,RS,Karnataka,Karnataka,Bagalkote,BAGALKOTE(DEPUTY COMMISSIONER BAGALKOT_IDA),BAGALKOTE,Shri Narayanasa K. Bhandage (2024-30) (2024-2030),NARAYANASA K BHANDAGE,RS_NARAYANASA K BHANDAGE,,Elected MP,Construction of rooms and halls in school and colleges,Repair and Renovation,Repair and Renovation,,Repair and renovation work of government school building.,Repair and renovation work of government school building.,2025-05-19 00:00:00,,,1500000.0,,,,,recommended,missing_parseable_work_id,synthetic,wk_c9cf9975d503
wk_c9ed4b6891b5,,RS,Assam,Assam,Chirang,CHIRANG(Deputy Commissioner Chirang_IDA),CHIRANG,Shri Rwngwra Narzary (2022-28) (2022-2028),RWNGWRA NARZARY,RS_RWNGWRA NARZARY,,Elected MP,Construction of public libraries and reading rooms,Normal/Others,Normal/Others,,"construction of study centre at Rourwthwn literary trust near Chirang Dist. Bodo Sahitya Sabha, kajalgaon, chirang.","construction of study centre at Rourwthwn literary trust near Chirang Dist. Bodo Sahitya Sabha, kajalgaon, chirang.",2025-12-22 00:00:00,,,1500000.0,,,,,recommended,missing_parseable_work_id,synthetic,wk_c9ed4b6891b5
wk_ca2e1d9767f4,,RS,Rajasthan,Rajasthan,Jhunjhunu,JHUNJHUNU(DISTRICT COLLECTOR JHUNJHUNU_IDA),JHUNJHUNU,Shri Randeep Singh Surjewala (2022-28) (2022-2028),RANDEEP SINGH SURJEWALA,RS_RANDEEP SINGH SURJEWALA,,Elected MP,Installing tube-wells and borewells,Normal/Others,Normal/Others,,"Construction work of public drinking water tube well with pump set, pipe starter with electric connection in the settlement near the graveyard at Ward No. - 9, village - Makhar","Construction work of public drinking water tube well with pump set, pipe starter with electric connection in the settlement near the graveyard at Ward No. - 9, village - Makhar",2024-08-20 00:00:00,,,850000.0,,,,,recommended,missing_parseable_work_id,synthetic,wk_ca2e1d9767f4
wk_ca702f67888f,,RS,Maharashtra,Maharashtra,Gondia,GONDIA(DISTRICT COLLECTOR GONDIA_IDA),GONDIA,Shri Praful Patel (2024-30) (2024-2030),PRAFUL PATEL,RS_PRAFUL PATEL,,Elected MP,"Construction of roads, link roads, pathways or any other road with or without drainage system",Normal/Others,Normal/Others,,DUNDA ME SHRI RAMESH BRAMHANKAR KE KHET SE SMASHAN BHOOMI KI OR JANE WALE RASTE PAR CEMENT ROAD BANDHAKAM,DUNDA ME SHRI RAMESH BRAMHANKAR KE KHET SE SMASHAN BHOOMI KI OR JANE WALE RASTE PAR CEMENT ROAD BANDHAKAM,2025-06-24 00:00:00,,,500000.0,,,,,recommended,missing_parseable_work_id,synthetic,wk_ca702f67888f
wk_ca73286eb14b,,RS,Odisha,Odisha,Kataka,Kataka(DISTRICT COLLECTOR CUTTACK_IDA),KATAKA,Dr. Sasmit Patra (2022-28) (2022-2028),SASMIT PATRA,RS_SASMIT PATRA,,Elected MP,Construction of public irrigation facilities,Normal/Others,Normal/Others,,"Extension of pipeline for public irrigation facility. Location - Madala Pani Panchayat, Village - Patapur, Gram Panchayat - Gopalpur, Block - Banki-Dampara, District - Cuttack","Extension of pipeline for public irrigation facility. Location - Madala Pani Panchayat, Village - Patapur, Gram Panchayat - Gopalpur, Block - Banki-Dampara, District - Cuttack",2025-09-10 00:00:00,,,950000.0,,,,,recommended,missing_parseable_work_id,synthetic,wk_ca73286eb14b
wk_ca86b601ca20,,RS,Bihar,Bihar,Supaul,SUPAUL(DISTRICT PLANNING OFFICER SUPAUL_IDA),SUPAUL,Dr. Bhim Singh (2024-30) (2024-2030),BHIM SINGH,RS_BHIM SINGH,,Elected MP,Construction of common work sheds/ common covered sitting area,Normal/Others,Normal/Others,,Construction work of 20 x feet 15 feet covered community Chaupal,Construction work of 20 x feet 15 feet covered community Chaupal,2025-02-04 00:00:00,,,530000.0,,,,,recommended,missing_parseable_work_id,synthetic,wk_ca86b601ca20
wk_caa13b3cf4cb,,LS,Maharashtra,Maharashtra,Jalna,JALNA(DISTRICT COLLECTOR JALNA_IDA),JALNA,Sanjay Haribhau Jadhav,SANJAY HARIBHAU JADHAV,LS_SANJAY HARIBHAU JADHAV,PARBHANI,,Construction of community centers and community halls,Normal/Others,Normal/Others,,"Construction of auditorium at Helas, tal.mantha.","Construction of auditorium at Helas, tal.mantha.",2024-10-03 00:00:00,,,700000.0,,,,,recommended,missing_parseable_work_id,synthetic,wk_caa13b3cf4cb
wk_caba8216a113,,RS,Gujarat,Gujarat,Banas Kantha,BANAS KANTHA(DISTRICT COLLECTOR BANAS KANTHA_IDA),BANAS KANTHA,Shri Mayankkumar Nayak (2024-30) (2024-2030),MAYANKKUMAR NAYAK,RS_MAYANKKUMAR NAYAK,,Elected MP,"Construction of Government office buildings (Post office, Police station, Police chauki, etc.)",Normal/Others,Normal/Others,,For the renovation work of the District Planning Building Banaskantha,For the renovation work of the District Planning Building Banaskantha,2025-08-14 00:00:00,,,500000.0,,,,,recommended,missing_parseable_work_id,synthetic,wk_caba8216a113
wk_cb53064df9bc,,LS,Maharashtra,Maharashtra,Dharashiv,Dharashiv(DISTRICT COLLECTOR OSMANABAD_IDA),DHARASHIV,Omprakash Bhupalsinh Alias Pawan Rajenimbalkar,OMPRAKASH BHUPALSINH ALIAS PAWAN RAJENIMBALKAR,LS_OMPRAKASH BHUPALSINH ALIAS PAWAN RAJENIMBALKAR,OSMANABAD,,Construction of community centers and community halls,Normal/Others,Normal/Others,,community centers Gopalwadi ta. Dharashiv,community centers Gopalwadi ta. Dharashiv,2024-10-11 00:00:00,,,1000000.0,,,,,recommended,missing_parseable_work_id,synthetic,wk_cb53064df9bc
wk_cbd163c289ca,,RS,Maharashtra,Maharashtra,Nanded,NANDED(DISTRICT COLLECTOR NANDED_IDA),NANDED,Dr. Ajeet Madhavrao Gopchade (2024-30) (2024-2030),AJEET MADHAVRAO GOPCHADE,RS_AJEET MADHAVRAO GOPCHADE,,Elected MP,"Construction of roads, link roads, pathways or any other road with or without drainage system",Normal/Others,Normal/Others,,kolheborgaon ta.biloli dis.nanded construction of CC road in Scheduled Caste area from annabhau sathe chowk to ganpati mandir.,kolheborgaon ta.biloli dis.nanded construction of CC road in Scheduled Caste area from annabhau sathe chowk to ganpati mandir.,2025-01-14 00:00:00,,,3000000.0,,,,,recommended,missing_parseable_work_id,synthetic,wk_cbd163c289ca
wk_cbe164d18c7d,,LS,Puducherry,Puducherry,Puducherry,Puducherry(PROJECT DIRECTOR RDA PUDUCHERRY_IDA),PUDUCHERRY,Vaithilingam Ve,VAITHILINGAM VE,LS_VAITHILINGAM VE,Puducherry,,Construction of buildings for crèches and anganwadies,Normal/Others,Normal/Others,,"Demolition of existing Anganwadi building and construction of new Anganwadi building at Ambedkar Nagar, Attupatti, Uppalam Constituency, Puducherry.","Demolition of existing Anganwadi building and construction of new Anganwadi building at Ambedkar Nagar, Attupatti, Uppalam Constituency, Puducherry.",2024-10-29 00:00:00,,,2000000.0,,,,,recommended,missing_parseable_work_id,synthetic,wk_cbe164d18c7d
wk_cbf050106110,,LS,Uttarakhand,Uttarakhand,Tehri Garhwal,TEHRI GARHWAL(DISTRICT MAGISTRATE TEHRI GARHWAL_IDA),TEHRI GARHWAL,Mala Rajya Laxmi Shah,MALA RAJYA LAXMI SHAH,LS_MALA RAJYA LAXMI SHAH,TEHRI GARHWAL,,Improvement of electricity distribution infrastructure,Normal/Others,Normal/Others,,"Chmaba block me mussoorie road, chamba me parking ke pass vidhut line sift karne hetu,","Chmaba block me mussoorie road, chamba me parking ke pass vidhut line sift karne hetu,",2024-11-24 00:00:00,,,250000.0,,,,,recommended,missing_parseable_work_id,synthetic,wk_cbf050106110
wk_cc0c1fe65722,,RS,Jharkhand,Jharkhand,Giridih,GIRIDIH(Deputy Commissioner Giridh_IDA),GIRIDIH,Shri Aditya Prasad (2022-28) (2022-2028),ADITYA PRASAD,RS_ADITYA PRASAD,,Elected MP,Construction of community centers and community halls,Normal/Others,Normal/Others,,"Construction of shoundik dharmshala in mandal walfare socity, FCI road saria, ward no 7, giridih","Construction of shoundik dharmshala in mandal walfare socity, FCI road saria, ward no 7, giridih",2025-07-15 00:00:00,,,1000000.0,,,,,recommended,missing_parseable_work_id,synthetic,wk_cc0c1fe65722
wk_cc1b15b0d838,,RS,Madhya Pradesh,Madhya Pradesh,Bhopal,BHOPAL(DISTRICT COLLECTOR BHOPAL_IDA),BHOPAL,Dr. L. Murugan (2024-30) (2024-2030),L MURUGAN,RS_L MURUGAN,,Elected MP,Construction of buildings for community cultural activities,Normal/Others,Normal/Others,,Construction of 05 additional rooms near premises of Sant Ravidas Mandir,Construction of 05 additional rooms near premises of Sant Ravidas Mandir,2025-06-11 00:00:00,,,2500000.0,,,,,recommended,missing_parseable_work_id,synthetic,wk_cc1b15b0d838
wk_cc45d32d651b,,LS,Jammu And Kashmir,Jammu And Kashmir,Udhampur,UDHAMPUR(Deputy Commissioner Udhampur_IDA),UDHAMPUR,Jitendra Singh,JITENDRA SINGH,LS_JITENDRA SINGH,UDHAMPUR,,Construction of culverts and bridges,Normal/Others,Normal/Others,,"Construction of pulli (culvert) near the house of Shiv Kumar Gupta to the house of Jagat Ram , Jasbir Singh , Daya Bagh, Pyt. Sountha , Village – Sountha , Dhar Road ,Tehsil- Udhampur, Udhampur, Udhampur","Construction of pulli (culvert) near the house of Shiv Kumar Gupta to the house of Jagat Ram , Jasbir Singh , Daya Bagh, Pyt. Sountha , Village – Sountha , Dhar Road ,Tehsil- Udhampur, Udhampur, Udhampur",2024-12-19 00:00:00,,,250000.0,,,,,recommended,missing_parseable_work_id,synthetic,wk_cc45d32d651b
wk_cc60e8c95ff7,,RS,Bihar,Bihar,Vaishali,VAISHALI(DISTRICT PLANNING OFFICER VAISHALI_IDA),VAISHALI,Shri Sanjay Yadav (2024-30) (2024-2030),SANJAY YADAV,RS_SANJAY YADAV,,Elected MP,Construction of common work sheds/ common covered sitting area,Normal/Others,Normal/Others,,Construction of a twelve feet high roofed platform with a hand pump on the available government land in the Pahadpur pashchimi Panchayat under the Raghopur Block.,Construction of a twelve feet high roofed platform with a hand pump on the available government land in the Pahadpur pashchimi Panchayat under the Raghopur Block.,2025-09-02 00:00:00,,,1499000.0,,,,,recommended,missing_parseable_work_id,synthetic,wk_cc60e8c95ff7
wk_cc837d2f91da,,LS,Puducherry,Puducherry,Puducherry,Puducherry(PROJECT DIRECTOR RDA PUDUCHERRY_IDA),PUDUCHERRY,Vaithilingam Ve,VAITHILINGAM VE,LS_VAITHILINGAM VE,Puducherry,,"Construction of roads, link roads, pathways or any other road with or without drainage system",Normal/Others,Normal/Others,,"Providing road facilities to the internal roads at Cooperative Society Nagar, Keezhakasakudy in Karaikal","Providing road facilities to the internal roads at Cooperative Society Nagar, Keezhakasakudy in Karaikal",2024-11-14 00:00:00,,,4967000.0,,,,,recommended,missing_parseable_work_id,synthetic,wk_cc837d2f91da
wk_ccd9888972e5,,RS,Odisha,Odisha,Puri,PURI(DISTRICT COLLECTOR PURI_IDA),PURI,Shri Subhasish Khuntia (2024-30) (2024-2030),SUBHASISH KHUNTIA,RS_SUBHASISH KHUNTIA,,Elected MP,Construction of community centers and community halls,Normal/Others,Normal/Others,,Construction of Trinath Community Center at Goudagada Sahi.,Construction of Trinath Community Center at Goudagada Sahi.,2025-08-28 00:00:00,,,300000.0,,,,,recommended,missing_parseable_work_id,synthetic,wk_ccd9888972e5
wk_cd13f0c6101f,,RS,Kerala,Kerala,Kannur,KANNUR(DISTRICT COLLECTOR KANNUR_IDA),KANNUR,Shri Sandosh Kumar P (2022-28) (2022-2028),SANDOSH KUMAR P,RS_SANDOSH KUMAR P,,Elected MP,"Purchase of IT systems, including hardware and software for educational purposes",Normal/Others,Normal/Others,,Purchase and Installation of 10 Laptop Computers for Nedunghome Govt. HSS,Purchase and Installation of 10 Laptop Computers for Nedunghome Govt. HSS,2025-09-25 00:00:00,,,600000.0,,,,,recommended,missing_parseable_work_id,synthetic,wk_cd13f0c6101f
wk_cd2a83519181,,RS,Maharashtra,Maharashtra,Pune,PUNE(DISTRICT COLLECTOR PUNE_IDA),PUNE,Dr. Medha Vishram Kulkarni (2024-30) (2024-2030),MEDHA VISHRAM KULKARNI,RS_MEDHA VISHRAM KULKARNI,,Elected MP,"Construction of roads, link roads, pathways or any other road with or without drainage system",Normal/Others,Normal/Others,,Ward No. 9 CID Pashan Road Development at Pune.,Ward No. 9 CID Pashan Road Development at Pune.,2025-05-23 00:00:00,,,1000000.0,,,,,recommended,missing_parseable_work_id,synthetic,wk_cd2a83519181
wk_cd359d14306a,,RS,Assam,Assam,Sivasagar,SIVASAGAR(Deputy Commissioner Sivsagar_IDA),SIVASAGAR,Shri Pabitra Margherita (2022-28) (2022-2028),PABITRA MARGHERITA,RS_PABITRA MARGHERITA,,Elected MP,Construction of community centers and community halls,Normal/Others,Normal/Others,,CONSTRUCTION OF 4 NO BAKUPUKHURI HABI SANSKRITIK KENDRA,CONSTRUCTION OF 4 NO BAKUPUKHURI HABI SANSKRITIK KENDRA,2026-01-27 00:00:00,,,200000.0,,,,,recommended,missing_parseable_work_id,synthetic,wk_cd359d14306a
wk_cd38680c6e8f,,RS,Odisha,Odisha,Khordha,KHORDHA(DISTRICT COLLECTOR KHORDHA_IDA),KHORDHA,Shri Manas Ranjan Mangaraj (2022-28) (2022-2028),MANAS RANJAN MANGARAJ,RS_MANAS RANJAN MANGARAJ,,Elected MP,Construction of community centers and community halls,Normal/Others,Normal/Others,,"Construction of Community Center in Alisibindha Village, Block: Balipatana, Dist: Khordha","Construction of Community Center in Alisibindha Village, Block: Balipatana, Dist: Khordha",2024-10-04 00:00:00,,,1000000.0,,,,,recommended,missing_parseable_work_id,synthetic,wk_cd38680c6e8f
wk_cdcbbf130bc4,,RS,Maharashtra,Maharashtra,Pune,PUNE(DISTRICT COLLECTOR PUNE_IDA),PUNE,Dr. Medha Vishram Kulkarni (2024-30) (2024-2030),MEDHA VISHRAM KULKARNI,RS_MEDHA VISHRAM KULKARNI,,Elected MP,Construction of bus-sheds or bus-stops,Normal/Others,Normal/Others,,"At Ward number 12 Establishment of a bus stop at Modern High School, Pune University UP side","At Ward number 12 Establishment of a bus stop at Modern High School, Pune University UP side",2025-11-26 00:00:00,,,1000000.0,,,,,recommended,missing_parseable_work_id,synthetic,wk_cdcbbf130bc4
wk_cdd6c46b5f0e,,LS,Maharashtra,Maharashtra,Raigad,RAIGAD(DISTRICT COLLECTOR RAIGAD_IDA),RAIGAD,Shrirang Appa Barne,SHRIRANG APPA BARNE,LS_SHRIRANG APPA BARNE,MAVAL,,"Construction of roads, link roads, pathways or any other road with or without drainage system",Normal/Others,Normal/Others,,Construction of raoad in Ghodavali at vyama shala to Farat aali in Grampanchayt Navahande Tal Khalapur Dist Raigad,Construction of raoad in Ghodavali at vyama shala to Farat aali in Grampanchayt Navahande Tal Khalapur Dist Raigad,2024-12-18 00:00:00,,,500000.0,,,,,recommended,missing_parseable_work_id,synthetic,wk_cdd6c46b5f0e
wk_cdd6cf63f9db,,RS,Tripura,Tripura,West Tripura,West Tripura(DISTRICT MAGISTRATE WEST TRIPURA_IDA),WEST TRIPURA,Shri Rajib Bhattacharjee (2024-28) (2024-2028),RAJIB BHATTACHARJEE,RS_RAJIB BHATTACHARJEE,,Elected MP,Development of public parks,Repair and Renovation,Repair and Renovation,,"Cafeteria development work at Rabindra Kanan Amusement Park, Agartala under Horticulture Directorate, Govt. of Tripura.","Cafeteria development work at Rabindra Kanan Amusement Park, Agartala under Horticulture Directorate, Govt. of Tripura.",2026-01-07 00:00:00,,,2100000.0,,,,,recommended,missing_parseable_work_id,synthetic,wk_cdd6cf63f9db
wk_cde9343c3a1a,,RS,Tamil Nadu,Tamil Nadu,Thiruvallur,THIRUVALLUR(DISTRICT COLLECTOR TIRUVALLUR_IDA),THIRUVALLUR,Shri R. Girirajan (2022-28) (2022-2028),R GIRIRAJAN,RS_R GIRIRAJAN,,Elected MP,Lighting of public spaces,Normal/Others,Normal/Others,,"Installation of mini-mast tower lights, 9 m height, 150 W (6 units) at the Sri Ram College junction, Perumalapattu, Tiruvallur Union, Poovirundavalli Assembly Constituency, Tiruvallur District.","Installation of mini-mast tower lights, 9 m height, 150 W (6 units) at the Sri Ram College junction, Perumalapattu, Tiruvallur Union, Poovirundavalli Assembly Constituency, Tiruvallur District.",2026-01-21 00:00:00,,,300000.0,,,,,recommended,missing_parseable_work_id,synthetic,wk_cde9343c3a1a
wk_ce2c7ee89e82,,RS,Kerala,Kerala,Kasaragod,KASARAGOD(DISTRICT COLLECTOR KASARAGOD_IDA),KASARAGOD,Shri Abdul Wahab (2021-27) (2021-2027),ABDUL WAHAB,RS_ABDUL WAHAB,,Elected MP,"Construction of roads, link roads, pathways or any other road with or without drainage system",Normal/Others,Normal/Others,,"Construction of Deshamangalam S C Unnati Shangaranarayana Temple road or pathway, Ward no.03, Mogralputhur Panchayat","Construction of Deshamangalam S C Unnati Shangaranarayana Temple road or pathway, Ward no.03, Mogralputhur Panchayat",2025-09-22 00:00:00,,,1000000.0,,,,,recommended,missing_parseable_work_id,synthetic,wk_ce2c7ee89e82
wk_ce4a7d82f9bd,,RS,Kerala,Kerala,Kannur,KANNUR(DISTRICT COLLECTOR KANNUR_IDA),KANNUR,Dr. John Brittas (2021-27) (2021-2027),JOHN BRITTAS,RS_JOHN BRITTAS,,Elected MP,Lighting of public spaces,Normal/Others,Normal/Others,,"Purchase and installation of one Mini Mast Light at SNDP Kavala, Naduvil Grama Panchayat, XII Ward, Kannur District","Purchase and installation of one Mini Mast Light at SNDP Kavala, Naduvil Grama Panchayat, XII Ward, Kannur District",2025-10-15 00:00:00,,,175000.0,,,,,recommended,missing_parseable_work_id,synthetic,wk_ce4a7d82f9bd
wk_ce516b0d31eb,,RS,West Bengal,West Bengal,North 24 Parganas,North 24 Parganas(DISTRICT MAGISTRATE NORTH TWENTY FOUR PARGANAS_IDA),NORTH 24 PARGANAS,Shri Samik Bhattacharya (2024-30) (2024-2030),SAMIK BHATTACHARYA,RS_SAMIK BHATTACHARYA,,Elected MP,Construction of public libraries and reading rooms,Trust and Society,Trust and Society,,"Construction of Library Building at Pally Mangal Yubak Samity , Baksa, Bagdah, North 24 Parganas, West Bengal- 743232","Construction of Library Building at Pally Mangal Yubak Samity , Baksa, Bagdah, North 24 Parganas, West Bengal- 743232",2026-01-05 00:00:00,,,500000.0,,,,,recommended,missing_parseable_work_id,synthetic,wk_ce516b0d31eb
wk_ce6ac17e679a,,RS,Karnataka,Karnataka,Dakshina Kannada,DAKSHINA KANNADA(DEPUTY COMMISSIONER DAKSHIN KANNAD MANGALORE_IDA),DAKSHINA KANNADA,Dr. Dharmasthala Veerendra Heggade (2022-28) (2022-2028),DHARMASTHALA VEERENDRA HEGGADE,RS_DHARMASTHALA VEERENDRA HEGGADE,,Nominated MP,Construction of rooms and halls in school and colleges,Normal/Others,Normal/Others,,"To construct two school classrooms for the learning of students studying at Jnana Ratna Education and Charitable Trust (Regd.), located at Ratnagiri, Niddodi Village, within the limits of Mangaluru Taluk, Dakshina Kannada District","To construct two school classrooms for the learning of students studying at Jnana Ratna Education and Charitable Trust (Regd.), located at Ratnagiri, Niddodi Village, within the limits of Mangaluru Taluk, Dakshina Kannada District",2025-12-30 00:00:00,,,499000.0,,,,,recommended,missing_parseable_work_id,synthetic,wk_ce6ac17e679a
wk_ce7a24c9781e,,LS,Kerala,Kerala,Kannur,KANNUR(DISTRICT COLLECTOR KANNUR_IDA),KANNUR,Shri Kumbakudi Sudhakaran,KUMBAKUDI SUDHAKARAN,LS_KUMBAKUDI SUDHAKARAN,KANNUR,,Construction of bus-sheds or bus-stops,Normal/Others,Normal/Others,,Construction Of Hi-Tech Bus Shelter in front of Mamanikunnu Sree Mahadevi Temple at Irikkur,Construction Of Hi-Tech Bus Shelter in front of Mamanikunnu Sree Mahadevi Temple at Irikkur,2024-10-22 00:00:00,,,643000.0,,,,,recommended,missing_parseable_work_id,synthetic,wk_ce7a24c9781e
wk_ceb3415930ad,,LS,Kerala,Kerala,Pathanamthitta,PATHANAMTHITTA(DISTRICT COLLECTOR PATHANAMTHITTA_IDA),PATHANAMTHITTA,Anto Antony,ANTO ANTONY,LS_ANTO ANTONY,PATHANAMTHITTA,,Lighting of public spaces,Normal/Others,Normal/Others,,Providing 8 Meter LED Mini Mast Light at Kottooppara SC Colony in Ranni-Perunadu Grama Panchayat (SC),Providing 8 Meter LED Mini Mast Light at Kottooppara SC Colony in Ranni-Perunadu Grama Panchayat (SC),2024-09-24 00:00:00,,,250000.0,,,,,recommended,missing_parseable_work_id,synthetic,wk_ceb3415930ad
wk_cf22f95abff4,,RS,Maharashtra,Maharashtra,Pune,PUNE(DISTRICT COLLECTOR PUNE_IDA),PUNE,Dr. Medha Vishram Kulkarni (2024-30) (2024-2030),MEDHA VISHRAM KULKARNI,RS_MEDHA VISHRAM KULKARNI,,Elected MP,"Construction of Government office buildings (Post office, Police station, Police chauki, etc.)",Normal/Others,Normal/Others,,"Construction of a meeting Hall at Gram Panchayat Paud, Pune","Construction of a meeting Hall at Gram Panchayat Paud, Pune",2025-09-27 00:00:00,,,2500000.0,,,,,recommended,missing_parseable_work_id,synthetic,wk_cf22f95abff4
wk_cf26b6346496,,RS,Kerala,Kerala,Kannur,KANNUR(DISTRICT COLLECTOR KANNUR_IDA),KANNUR,Shri C. Sadanandan Master (2025-31) (2025-2031),C SADANANDAN MASTER,RS_C SADANANDAN MASTER,,Nominated MP,Street lights,Normal/Others,Normal/Others,,Electricity Line Extention and Street Light from Pallichal Transformer to Poyiloor Sri Muthappan Madappura,Electricity Line Extention and Street Light from Pallichal Transformer to Poyiloor Sri Muthappan Madappura,2025-11-06 00:00:00,,,500000.0,,,,,recommended,missing_parseable_work_id,synthetic,wk_cf26b6346496
wk_cf3165a0a73d,,RS,Maharashtra,Maharashtra,Nanded,NANDED(DISTRICT COLLECTOR NANDED_IDA),NANDED,Shri Ashokrao Shankarrao Chavan (2024-30) (2024-2030),ASHOKRAO SHANKARRAO CHAVAN,RS_ASHOKRAO SHANKARRAO CHAVAN,,Elected MP,Installing tube-wells and borewells,Normal/Others,Normal/Others,,"Digging and Electrification of Wells for New Water Supply at Mauje Devapur, Taluka Mudkhed, District Nanded","Digging and Electrification of Wells for New Water Supply at Mauje Devapur, Taluka Mudkhed, District Nanded",2024-12-15 00:00:00,,,1000000.0,,,,,recommended,missing_parseable_work_id,synthetic,wk_cf3165a0a73d
wk_cf3865b802e2,,RS,Jharkhand,Jharkhand,Ranchi,RANCHI(DEPUTY COMMISSIONER RANCHI_IDA),RANCHI,Smt. Mahua Maji (2022-28) (2022-2028),MAHUA MAJI,RS_MAHUA MAJI,,Elected MP,Installing tube-wells and borewells,Normal/Others,Normal/Others,,"Boring , Construction of Platform , Installation of Water Tank , Submersible Pump etc in front of Oxford Hospital Ward No.-34 Sahdeo Nagar Ratu Road under Ranchi urban area","Boring , Construction of Platform , Installation of Water Tank , Submersible Pump etc in front of Oxford Hospital Ward No.-34 Sahdeo Nagar Ratu Road under Ranchi urban area",2024-07-12 00:00:00,,,484000.0,,,,,recommended,missing_parseable_work_id,synthetic,wk_cf3865b802e2
wk_cf74f7c99fbb,,RS,Telangana,Telangana,Rajanna Sircilla,RAJANNA SIRCILLA(DISTRICT COLLECTOR RAJANNA SIRCILLA_IDA),RAJANNA SIRCILLA,Shri Anil Kumar Yadav Mandadi (2024-30) (2024-2030),ANIL KUMAR YADAV MANDADI,RS_ANIL KUMAR YADAV MANDADI,,Elected MP,"Construction of Government office buildings (Post office, Police station, Police chauki, etc.)",Normal/Others,Normal/Others,,GP Complex-1 at Manala Village Rudrangi Mandal Rajanna Siricilla District.,GP Complex-1 at Manala Village Rudrangi Mandal Rajanna Siricilla District.,2025-07-02 00:00:00,,,500000.0,,,,,recommended,missing_parseable_work_id,synthetic,wk_cf74f7c99fbb
wk_cf84b2461e9e,,RS,Uttar Pradesh,Uttar Pradesh,Pratapgarh,PRATAPGARH(DISTRICT MAGISTRAE PRATAPGARH_IDA),PRATAPGARH,Shri Amar Pal Maurya (2024-30) (2024-2030),AMAR PAL MAURYA,RS_AMAR PAL MAURYA,,Elected MP,"Construction of roads, link roads, pathways or any other road with or without drainage system",Normal/Others,Normal/Others,,"250 meter-long CC road from Patna Devi Dham contact road, via the old kiln of Shivram Bricks Field, up to the house of Lal Mani Dwivedi in Gram Sabha Chitamanpur Patna, Block Babaganj, District Pratapgarh, Uttar Pradesh.","250 meter-long CC road from Patna Devi Dham contact road, via the old kiln of Shivram Bricks Field, up to the house of Lal Mani Dwivedi in Gram Sabha Chitamanpur Patna, Block Babaganj, District Pratapgarh, Uttar Pradesh.",2025-12-31 00:00:00,,,1500000.0,,,,,recommended,missing_parseable_work_id,synthetic,wk_cf84b2461e9e
wk_cf9f125f6e66,,RS,Kerala,Kerala,Pathanamthitta,PATHANAMTHITTA(DISTRICT COLLECTOR PATHANAMTHITTA_IDA),PATHANAMTHITTA,Smt. Jebi Mather Hisham (2022-28) (2022-2028),JEBI MATHER HISHAM,RS_JEBI MATHER HISHAM,,Elected MP,Construction of public libraries and reading rooms,Trust and Society,Trust and Society,,Construction of Library Building - Kshethra Preveshana Vilambara Smaraka Sree Chithira Tirunal Samskarika Samithi,Construction of Library Building - Kshethra Preveshana Vilambara Smaraka Sree Chithira Tirunal Samskarika Samithi,2025-01-20 00:00:00,,,2850000.0,,,,,recommended,missing_parseable_work_id,synthetic,wk_cf9f125f6e66
wk_cfb76a10dd26,,RS,Assam,Assam,Sivasagar,SIVASAGAR(Deputy Commissioner Sivsagar_IDA),SIVASAGAR,Shri Pabitra Margherita (2022-28) (2022-2028),PABITRA MARGHERITA,RS_PABITRA MARGHERITA,,Elected MP,Construction of community centers and community halls,Normal/Others,Normal/Others,,CONSTRUCTION OF SANTAK JALUKONI CHAWRA GAON SANSKRITIK KENDRA,CONSTRUCTION OF SANTAK JALUKONI CHAWRA GAON SANSKRITIK KENDRA,2026-01-27 00:00:00,,,200000.0,,,,,recommended,missing_parseable_work_id,synthetic,wk_cfb76a10dd26
wk_cff9da1f7048,,RS,Assam,Assam,Sivasagar,SIVASAGAR(Deputy Commissioner Sivsagar_IDA),SIVASAGAR,Shri Pabitra Margherita (2022-28) (2022-2028),PABITRA MARGHERITA,RS_PABITRA MARGHERITA,,Elected MP,Construction of community centers and community halls,Normal/Others,Normal/Others,,Construction of Atkhel Sanskritik Kendra,Construction of Atkhel Sanskritik Kendra,2026-01-27 00:00:00,,,250000.0,,,,,recommended,missing_parseable_work_id,synthetic,wk_cff9da1f7048
wk_d0198c9c7407,,RS,Maharashtra,Maharashtra,Pune,PUNE(DISTRICT COLLECTOR PUNE_IDA),PUNE,Dr. Medha Vishram Kulkarni (2024-30) (2024-2030),MEDHA VISHRAM KULKARNI,RS_MEDHA VISHRAM KULKARNI,,Elected MP,"Construction of roads, link roads, pathways or any other road with or without drainage system",Normal/Others,Normal/Others,,Ward No.1 Concreting in the area of Purandar Colony building,Ward No.1 Concreting in the area of Purandar Colony building,2025-05-26 00:00:00,,,1000000.0,,,,,recommended,missing_parseable_work_id,synthetic,wk_d0198c9c7407
wk_d01a151d3d8c,,RS,Rajasthan,Rajasthan,Pali,PALI(DISTRICT COLLECTOR PALI_IDA),PALI,Shri Madan Rathore (2024-30) (2024-2030),MADAN RATHORE,RS_MADAN RATHORE,,Elected MP,Construction of bus-sheds or bus-stops,Normal/Others,Normal/Others,,Public Bus Stand Construction Work at Village Balupura,Public Bus Stand Construction Work at Village Balupura,2025-02-06 00:00:00,,,500000.0,,,,,recommended,missing_parseable_work_id,synthetic,wk_d01a151d3d8c
wk_d04583694b60,,LS,Maharashtra,Maharashtra,Dharashiv,Dharashiv(DISTRICT COLLECTOR OSMANABAD_IDA),DHARASHIV,Omprakash Bhupalsinh Alias Pawan Rajenimbalkar,OMPRAKASH BHUPALSINH ALIAS PAWAN RAJENIMBALKAR,LS_OMPRAKASH BHUPALSINH ALIAS PAWAN RAJENIMBALKAR,OSMANABAD,,"Purchase of IT systems, including hardware and software for educational purposes",Normal/Others,Normal/Others,,"Zilla Parishad Primary School, Takli Buying a computer at Paranda","Zilla Parishad Primary School, Takli Buying a computer at Paranda",2024-09-24 00:00:00,,,250000.0,,,,,recommended,missing_parseable_work_id,synthetic,wk_d04583694b60
wk_d0afc2c4ef6d,,LS,Maharashtra,Maharashtra,Pune,PUNE(DISTRICT COLLECTOR PUNE_IDA),PUNE,Amol Ramsing Kolhe,AMOL RAMSING KOLHE,LS_AMOL RAMSING KOLHE,SHIRUR,,Crematoriums/energy efficient crematoriums or structures on burial/cremation ground,Normal/Others,Normal/Others,,"Construction of Waiting Shed and installation of paver blocks in cemetery at Nagapur, Tq. Ambegaon, Dist. Pune","Construction of Waiting Shed and installation of paver blocks in cemetery at Nagapur, Tq. Ambegaon, Dist. Pune",2024-10-15 00:00:00,,,1000000.0,,,,,recommended,missing_parseable_work_id,synthetic,wk_d0afc2c4ef6d
wk_d0c6e64375f7,,RS,Maharashtra,Maharashtra,Gondia,GONDIA(DISTRICT COLLECTOR GONDIA_IDA),GONDIA,Shri Praful Patel (2024-30) (2024-2030),PRAFUL PATEL,RS_PRAFUL PATEL,,Elected MP,Installing tube-wells and borewells,Normal/Others,Normal/Others,,SHITLA MATA MANDIR DILLI DAWAKHANA KE SAMNE BORWELL,SHITLA MATA MANDIR DILLI DAWAKHANA KE SAMNE BORWELL,2025-06-05 00:00:00,,,140000.0,,,,,recommended,missing_parseable_work_id,synthetic,wk_d0c6e64375f7
wk_d117de635d8c,,RS,West Bengal,West Bengal,Hooghly,HOOGHLY(DISTRICT MAGISTRATE HOOGHLY_IDA),HOOGHLY,Shri Samik Bhattacharya (2024-30) (2024-2030),SAMIK BHATTACHARYA,RS_SAMIK BHATTACHARYA,,Elected MP,Construction of foot over bridge (FOB),Normal/Others,Normal/Others,,"Construction of a New Wooden Bridge (20 Metres) Over Kana Mundeshwari River from Karui to Puin under Tirol Gram Panchayat, under Arambag Block, Hooghly.","Construction of a New Wooden Bridge (20 Metres) Over Kana Mundeshwari River from Karui to Puin under Tirol Gram Panchayat, under Arambag Block, Hooghly.",2026-01-04 00:00:00,,,1500000.0,,,,,recommended,missing_parseable_work_id,synthetic,wk_d117de635d8c
wk_d1204dcfdddd,,RS,Odisha,Odisha,Puri,PURI(DISTRICT COLLECTOR PURI_IDA),PURI,Shri Subhasish Khuntia (2024-30) (2024-2030),SUBHASISH KHUNTIA,RS_SUBHASISH KHUNTIA,,Elected MP,Construction of public libraries and reading rooms,Normal/Others,Normal/Others,,"Construction of Library room at Puri Club, VIP Road, Puri","Construction of Library room at Puri Club, VIP Road, Puri",2025-09-26 00:00:00,,,900000.0,,,,,recommended,missing_parseable_work_id,synthetic,wk_d1204dcfdddd
wk_d14e39a4ba7c,,RS,Maharashtra,Maharashtra,Satara,SATARA(DISTRICT COLLECTOR SATARA_IDA),SATARA,Shri Nitin Laxmanrao Jadhav Patil (2024-28) (2024-2028),NITIN LAXMANRAO JADHAV PATIL,RS_NITIN LAXMANRAO JADHAV PATIL,,Elected MP,Construction of rooms and halls in school and colleges,Normal/Others,Normal/Others,,Building a study hall at Shiravli,Building a study hall at Shiravli,2026-01-02 00:00:00,,,1000000.0,,,,,recommended,missing_parseable_work_id,synthetic,wk_d14e39a4ba7c
wk_d150b570d600,,RS,Assam,Assam,Sivasagar,SIVASAGAR(Deputy Commissioner Sivsagar_IDA),SIVASAGAR,Shri Pabitra Margherita (2022-28) (2022-2028),PABITRA MARGHERITA,RS_PABITRA MARGHERITA,,Elected MP,Construction of community centers and community halls,Normal/Others,Normal/Others,,DEVELOPMENT OF AMGURI TEA ESTATE TOLL LINE SANSKRITIK KENDRA,DEVELOPMENT OF AMGURI TEA ESTATE TOLL LINE SANSKRITIK KENDRA,2026-01-27 00:00:00,,,200000.0,,,,,recommended,missing_parseable_work_id,synthetic,wk_d150b570d600
wk_d19f23bbf384,,RS,Kerala,Kerala,Ernakulam,ERNAKULAM(DISTRICT COLLECTOR ERNAKULAM_IDA),ERNAKULAM,Shri Haris Beeran (2024-30) (2024-2030),HARIS BEERAN,RS_HARIS BEERAN,,Elected MP,Lighting of public spaces,Normal/Others,Normal/Others,,Installation of minimast in Palaprasseri Theraattikunn,Installation of minimast in Palaprasseri Theraattikunn,2025-02-28 00:00:00,,,200000.0,,,,,recommended,missing_parseable_work_id,synthetic,wk_d19f23bbf384
wk_d1d4f6f2da43,,RS,Kerala,Kerala,Kannur,KANNUR(DISTRICT COLLECTOR KANNUR_IDA),KANNUR,Shri Sandosh Kumar P (2022-28) (2022-2028),SANDOSH KUMAR P,RS_SANDOSH KUMAR P,,Elected MP,"Construction of roads, link roads, pathways or any other road with or without drainage system",Normal/Others,Normal/Others,,Construction of Midilakayam -Double Kanamala Road,Construction of Midilakayam -Double Kanamala Road,2025-09-25 00:00:00,,,1000000.0,,,,,recommended,missing_parseable_work_id,synthetic,wk_d1d4f6f2da43
wk_d1e652079f3f,,RS,Maharashtra,Maharashtra,Pune,PUNE(DISTRICT COLLECTOR PUNE_IDA),PUNE,Shri Sanjay Raut (2022-28) (2022-2028),SANJAY RAUT,RS_SANJAY RAUT,,Elected MP,Construction of community centers and community halls,Normal/Others,Normal/Others,,"Construction of a public hall at Mulashi Khurd, Pune District","Construction of a public hall at Mulashi Khurd, Pune District",2025-04-07 00:00:00,,,2000000.0,,,,,recommended,missing_parseable_work_id,synthetic,wk_d1e652079f3f
wk_d1e9e2a680ce,,RS,Tamil Nadu,Tamil Nadu,Chengalpattu,CHENGALPATTU(District Collector Chengalpattu_IDA),CHENGALPATTU,Shri R. Girirajan (2022-28) (2022-2028),R GIRIRAJAN,RS_R GIRIRAJAN,,Elected MP,Lighting of public spaces,Normal/Others,Normal/Others,,"Providing and erecting Mini Highmast ( 10 Meter Height with 6 Nos LED 150W Ladder Type) Near GST Road Junction comes under Acharapakkam town Panchayat, Madhuranthagam Assembly Constituency in Chengalpattu district.","Providing and erecting Mini Highmast ( 10 Meter Height with 6 Nos LED 150W Ladder Type) Near GST Road Junction comes under Acharapakkam town Panchayat, Madhuranthagam Assembly Constituency in Chengalpattu district.",2025-05-28 00:00:00,,,450000.0,,,,,recommended,missing_parseable_work_id,synthetic,wk_d1e9e2a680ce
wk_d1fc5714145a,,LS,Karnataka,Karnataka,Kodagu,KODAGU(Deputy Commsioner Kodagu_ida),KODAGU,YADUVEER KRISHNADATTA CHAMARAJA WADIYAR,YADUVEER KRISHNADATTA CHAMARAJA WADIYAR,LS_YADUVEER KRISHNADATTA CHAMARAJA WADIYAR,MYSORE,,Construction of community centers and community halls,Normal/Others,Normal/Others,,Construction of Kote Mariyamma Community hall.,Construction of Kote Mariyamma Community hall.,2024-12-21 00:00:00,,,500000.0,,,,,recommended,missing_parseable_work_id,synthetic,wk_d1fc5714145a
wk_d2308e7ef7e4,,RS,Odisha,Odisha,Khordha,KHORDHA(DISTRICT COLLECTOR KHORDHA_IDA),KHORDHA,Shri Manas Ranjan Mangaraj (2022-28) (2022-2028),MANAS RANJAN MANGARAJ,RS_MANAS RANJAN MANGARAJ,,Elected MP,Construction of community centers and community halls,Normal/Others,Normal/Others,,"Construction of Community Center in Chakeisihani Village, Ward No. 5, BHUBANESWAR, DIST- KHORDHA","Construction of Community Center in Chakeisihani Village, Ward No. 5, BHUBANESWAR, DIST- KHORDHA",2024-09-26 00:00:00,,,1000000.0,,,,,recommended,missing_parseable_work_id,synthetic,wk_d2308e7ef7e4
wk_d2a8372607dd,,RS,Uttar Pradesh,Uttar Pradesh,Jaunpur,JAUNPUR(DISTRICT MAGISTRATE JAUNPUR_IDA),JAUNPUR,Shri Sanjay Seth (2024-30) (2024-2030),SANJAY SETH,RS_SANJAY SETH,,Elected MP,Construction of rooms and halls in school and colleges,Trust and Society,Trust and Society,,Construction of room in school,Construction of room in school,2025-06-18 00:00:00,,,600000.0,,,,,recommended,missing_parseable_work_id,synthetic,wk_d2a8372607dd
wk_d2c0745d80ae,,RS,Gujarat,Gujarat,Mahesana,MAHESANA(DISTRICT COLLECTOR MAHESANA_IDA),MAHESANA,Shri Mayankkumar Nayak (2024-30) (2024-2030),MAYANKKUMAR NAYAK,RS_MAYANKKUMAR NAYAK,,Elected MP,Construction of boundary walls of existing public and community buildings,Normal/Others,Normal/Others,,For the work of the protection wall at Shah N.P. High School (Grant in Aid) undhai village,For the work of the protection wall at Shah N.P. High School (Grant in Aid) undhai village,2025-08-23 00:00:00,,,500000.0,,,,,recommended,missing_parseable_work_id,synthetic,wk_d2c0745d80ae
wk_d2f29b65aff7,,LS,Odisha,Odisha,Rayagada,RAYAGADA(DISTRICT COLLECTOR RAYAGADA_IDA),RAYAGADA,Saptagiri Sankar Ulaka,SAPTAGIRI SANKAR ULAKA,LS_SAPTAGIRI SANKAR ULAKA,KORAPUT(ST),,Construction of community centers and community halls,Normal/Others,Normal/Others,,Construction of Community Hall at Upper Chelianala Village of Patraguda GP under Muniguda Block,Construction of Community Hall at Upper Chelianala Village of Patraguda GP under Muniguda Block,2024-11-22 00:00:00,,,300000.0,,,,,recommended,missing_parseable_work_id,synthetic,wk_d2f29b65aff7
wk_d2f413dd5a6f,,LS,Maharashtra,Maharashtra,Mumbai,MUMBAI(DISTRICT COLLECTOR MUMBAI CITY_IDA),MUMBAI,Arvind Ganpat Sawant,ARVIND GANPAT SAWANT,LS_ARVIND GANPAT SAWANT,MUMBAI SOUTH,,Construction of community centers and community halls,Normal/Others,Normal/Others,,anand estate aarthour road naka byculla,anand estate aarthour road naka byculla,2024-10-08 00:00:00,,,2000000.0,,,,,recommended,missing_parseable_work_id,synthetic,wk_d2f413dd5a6f
wk_d302a3176703,,RS,Uttar Pradesh,Uttar Pradesh,Ghazipur,GHAZIPUR(DISTRICT MAGISTRAE GHAZIPUR_IDA),GHAZIPUR,Dr. Sangeeta Balwant (2024-30) (2024-2030),SANGEETA BALWANT,RS_SANGEETA BALWANT,,Elected MP,Lighting of public spaces,Normal/Others,Normal/Others,,BLOCK MOHHAMDABAD GRAM SABHA ICHAULI POST TARWA ME DRITIYA PRATHMIK VIDHYALAY ICHAULI ME KAJESH BIND KE GHAR KE PASS SARWAJANIK STHAL PAR 6 X 200 WATT SEMI HIGH MAST LIGHT ADHISHTHAAPAN KA KARYA,BLOCK MOHHAMDABAD GRAM SABHA ICHAULI POST TARWA ME DRITIYA PRATHMIK VIDHYALAY ICHAULI ME KAJESH BIND KE GHAR KE PASS SARWAJANIK STHAL PAR 6 X 200 WATT SEMI HIGH MAST LIGHT ADHISHTHAAPAN KA KARYA,2024-09-29 00:00:00,,,216400.0,,,,,recommended,missing_parseable_work_id,synthetic,wk_d302a3176703
wk_d376b68ac4b3,,RS,Odisha,Odisha,Puri,PURI(DISTRICT COLLECTOR PURI_IDA),PURI,Shri Subhasish Khuntia (2024-30) (2024-2030),SUBHASISH KHUNTIA,RS_SUBHASISH KHUNTIA,,Elected MP,Construction of community centers and community halls,Normal/Others,Normal/Others,,Construction of Dwajagada Jaga Community Center at Harachandisahi,Construction of Dwajagada Jaga Community Center at Harachandisahi,2026-01-09 00:00:00,,,500000.0,,,,,recommended,missing_parseable_work_id,synthetic,wk_d376b68ac4b3
wk_d381d9907a37,,RS,Goa,Goa,North Goa,NORTH GOA(DISTRICT COLLECTOR NORTH GOA_IDA),NORTH GOA,Shri Sadanand Mhalu Shet Tanavade (2023-29) (2023-2029),SADANAND MHALU SHET TANAVADE,RS_SADANAND MHALU SHET TANAVADE,,Elected MP,Purchase of vans and buses for educational institutions,Normal/Others,Normal/Others,,Wheelchair-Accessible School Bus for Anand Niketan Special School,Wheelchair-Accessible School Bus for Anand Niketan Special School,2024-10-09 00:00:00,,,3018260.0,,,,,recommended,missing_parseable_work_id,synthetic,wk_d381d9907a37
wk_d3a1f99b8a51,,LS,Uttar Pradesh,Uttar Pradesh,Kaushambi,KAUSHAMBI(DISTRICT MAGISTRAE KAUSHAMBI_IDA),KAUSHAMBI,PUSHPENDRA SAROJ,PUSHPENDRA SAROJ,LS_PUSHPENDRA SAROJ,KAUSHAMBI(SC),,Installing hand pumps,Normal/Others,Normal/Others,,Dayashankar Yadav S/o Ram Pratap ke Ghar ke samne Handpump,Dayashankar Yadav S/o Ram Pratap ke Ghar ke samne Handpump,2024-09-25 00:00:00,,,74000.0,,,,,recommended,missing_parseable_work_id,synthetic,wk_d3a1f99b8a51
wk_d3c1ad7fcc0f,,RS,Rajasthan,Rajasthan,Pali,PALI(DISTRICT COLLECTOR PALI_IDA),PALI,Shri Madan Rathore (2024-30) (2024-2030),MADAN RATHORE,RS_MADAN RATHORE,,Elected MP,Construction of bus-sheds or bus-stops,Normal/Others,Normal/Others,,Public Bus Stand Construction Work at Village Basant,Public Bus Stand Construction Work at Village Basant,2025-02-06 00:00:00,,,500000.0,,,,,recommended,missing_parseable_work_id,synthetic,wk_d3c1ad7fcc0f
wk_d3c566e1cc74,,RS,Kerala,Kerala,Kottayam,KOTTAYAM(DISTRICT COLLECTOR KOTTAYAM_IDA),KOTTAYAM,Shri Jose K. Mani (2024-30) (2024-2030),JOSE K MANI,RS_JOSE K MANI,,Elected MP,Lighting of public spaces,Normal/Others,Normal/Others,,"Installation of Mini Mast Light near Village Office, Mevada","Installation of Mini Mast Light near Village Office, Mevada",2025-07-11 00:00:00,,,200000.0,,,,,recommended,missing_parseable_work_id,synthetic,wk_d3c566e1cc74
wk_d4349727f961,,RS,Maharashtra,Maharashtra,Bhandara,BHANDARA(DISTRICT COLLECTOR BHANDARA_IDA),BHANDARA,Shri Praful Patel (2024-30) (2024-2030),PRAFUL PATEL,RS_PRAFUL PATEL,,Elected MP,Installing tube-wells and borewells,Normal/Others,Normal/Others,,jaitpur me hukare mohalle me shri pundlik shende ke niwas ke pass 1 borwell,jaitpur me hukare mohalle me shri pundlik shende ke niwas ke pass 1 borwell,2025-03-04 00:00:00,,,150000.0,,,,,recommended,missing_parseable_work_id,synthetic,wk_d4349727f961
wk_d4366d51e807,,RS,Himachal Pradesh,Himachal Pradesh,Chamba,CHAMBA(DEPUTY COMMISSIONER CHAMBA_IDA),CHAMBA,Shri Harsh Mahajan (2024-30) (2024-2030),HARSH MAHAJAN,RS_HARSH MAHAJAN,,Elected MP,Street lights,Normal/Others,Normal/Others,,"Solar Street Lights at Village- Bhanodi , PO. Tarella, Tehsil Churah, Distt. Chamba","Solar Street Lights at Village- Bhanodi , PO. Tarella, Tehsil Churah, Distt. Chamba",2026-01-16 00:00:00,,,100000.0,,,,,recommended,missing_parseable_work_id,synthetic,wk_d4366d51e807
wk_d43da91dd5d3,,RS,Karnataka,Karnataka,Mandya,MANDYA(DEPUTY COMMISSIONER MANDYA_IDA),MANDYA,Dr. Dharmasthala Veerendra Heggade (2022-28) (2022-2028),DHARMASTHALA VEERENDRA HEGGADE,RS_DHARMASTHALA VEERENDRA HEGGADE,,Nominated MP,Construction of buildings for community cultural activities,Normal/Others,Normal/Others,,To carry out the ongoing work on the Shri Vishwakarma Kushala Kaigarika Sangha (R.) building,To carry out the ongoing work on the Shri Vishwakarma Kushala Kaigarika Sangha (R.) building,2025-10-16 00:00:00,,,500000.0,,,,,recommended,missing_parseable_work_id,synthetic,wk_d43da91dd5d3
wk_d48be29bd2c3,,RS,Odisha,Odisha,Puri,PURI(DISTRICT COLLECTOR PURI_IDA),PURI,Shri Subhasish Khuntia (2024-30) (2024-2030),SUBHASISH KHUNTIA,RS_SUBHASISH KHUNTIA,,Elected MP,Construction of community centers and community halls,Normal/Others,Normal/Others,,"Construction of Trinath Yuva Jyoti Community Center at Bijaya Nagar, Baliapanda.","Construction of Trinath Yuva Jyoti Community Center at Bijaya Nagar, Baliapanda.",2025-08-28 00:00:00,,,300000.0,,,,,recommended,missing_parseable_work_id,synthetic,wk_d48be29bd2c3
wk_d4c7af2937f7,,RS,Kerala,Kerala,Kozhikode,KOZHIKODE(DISTRICT COLLECTOR KOZHIKODE_IDA),KOZHIKODE,Smt. P. T. Usha (2022-28) (2022-2028),P T USHA,RS_P T USHA,,Nominated MP,"Construction of roads, link roads, pathways or any other road with or without drainage system",Normal/Others,Normal/Others,,Construction of Kizhakke Thandora Mukku Cherukutti Road in Ward No. 17 (Concreting),Construction of Kizhakke Thandora Mukku Cherukutti Road in Ward No. 17 (Concreting),2025-09-20 00:00:00,,,500000.0,,,,,recommended,missing_parseable_work_id,synthetic,wk_d4c7af2937f7
wk_d4c93cc5f902,,RS,Himachal Pradesh,Himachal Pradesh,Hamirpur,HAMIRPUR(DEPUTY COMMISSIONER HAMIRPUR_IDA),HAMIRPUR,Dr. Sikander Kumar (2022-28) (2022-2028),SIKANDER KUMAR,RS_SIKANDER KUMAR,,Elected MP,Installing hand pumps,Normal/Others,Normal/Others,,Installation of Handpump with motor near the house of Sh. Lekh Raj Bittu Son of Sh Dhuma Ram Village Malag Kudara Bahal Gram Panchayat Malag Development Block Nadaun District Hamirpur Executing agency XEN IPH Nadaun Hamirpur,Installation of Handpump with motor near the house of Sh. Lekh Raj Bittu Son of Sh Dhuma Ram Village Malag Kudara Bahal Gram Panchayat Malag Development Block Nadaun District Hamirpur Executing agency XEN IPH Nadaun Hamirpur,2024-11-10 00:00:00,,,350000.0,,,,,recommended,missing_parseable_work_id,synthetic,wk_d4c93cc5f902
wk_d4ca159bf0e0,,RS,Uttar Pradesh,Uttar Pradesh,Gautam Buddha Nagar,GAUTAM BUDDHA NAGAR(DISTRICT MAGISTRATE GAUTAMBUDHNAGAR),GAUTAM BUDDHA NAGAR,Dr. Sudhanshu Trivedi (2024-30) (2024-2030),SUDHANSHU TRIVEDI,RS_SUDHANSHU TRIVEDI,,Elected MP,"Construction of roads, link roads, pathways or any other road with or without drainage system",Normal/Others,Normal/Others,,Interlocking and drain construction,Interlocking and drain construction,2025-10-30 00:00:00,,,2490000.0,,,,,recommended,missing_parseable_work_id,synthetic,wk_d4ca159bf0e0
wk_d4ecd29a64a3,,RS,Madhya Pradesh,Madhya Pradesh,Ujjain,UJJAIN(DISTRICT COLLECTOR UJJAIN_IDA),UJJAIN,Shri Balyogi Umeshnath (2024-30) (2024-2030),BALYOGI UMESHNATH,RS_BALYOGI UMESHNATH,,Elected MP,Construction of community centers and community halls,Normal/Others,Normal/Others,,ward no 9 kalika mata mandir ke pass khachrod me samudayik bhawan ke uper hall nirman,ward no 9 kalika mata mandir ke pass khachrod me samudayik bhawan ke uper hall nirman,2025-08-29 00:00:00,,,1500000.0,,,,,recommended,missing_parseable_work_id,synthetic,wk_d4ecd29a64a3
wk_d4fd2653b6d8,,RS,Kerala,Kerala,Kozhikode,KOZHIKODE(DISTRICT COLLECTOR KOZHIKODE_IDA),KOZHIKODE,Smt. P. T. Usha (2022-28) (2022-2028),P T USHA,RS_P T USHA,,Nominated MP,"Construction of roads, link roads, pathways or any other road with or without drainage system",Normal/Others,Normal/Others,,Construction of Kolakulangara Pathway In Ward No. 17(Concreting),Construction of Kolakulangara Pathway In Ward No. 17(Concreting),2025-09-20 00:00:00,,,400000.0,,,,,recommended,missing_parseable_work_id,synthetic,wk_d4fd2653b6d8
wk_d5029331b762,,RS,Assam,Assam,Sivasagar,SIVASAGAR(Deputy Commissioner Sivsagar_IDA),SIVASAGAR,Shri Pabitra Margherita (2022-28) (2022-2028),PABITRA MARGHERITA,RS_PABITRA MARGHERITA,,Elected MP,Construction of rooms and halls in school and colleges,Normal/Others,Normal/Others,,CONSTRUCTION OF ADDITIONAL CLASSROOM IN SAMOGURI HIGH SCHOOL,CONSTRUCTION OF ADDITIONAL CLASSROOM IN SAMOGURI HIGH SCHOOL,2026-01-27 00:00:00,,,1500000.0,,,,,recommended,missing_parseable_work_id,synthetic,wk_d5029331b762
wk_d57d39fd5b5c,,RS,Kerala,Kerala,Wayanad,WAYANAD(DISTRICT COLLECTOR WAYANAD_IDA),WAYANAD,Shri C. Sadanandan Master (2025-31) (2025-2031),C SADANANDAN MASTER,RS_C SADANANDAN MASTER,,Nominated MP,Lighting of public spaces,Normal/Others,Normal/Others,,"Lighting of Public spaces Installation of mini mast light at Moodakkolli near post no. sbw bp1247248 11th ward in Irulam village of Poothadi Panchayath, Sulthan Bathery Thaluk, Wayanad District","Lighting of Public spaces Installation of mini mast light at Moodakkolli near post no. sbw bp1247248 11th ward in Irulam village of Poothadi Panchayath, Sulthan Bathery Thaluk, Wayanad District",2026-01-18 00:00:00,,,300000.0,,,,,recommended,missing_parseable_work_id,synthetic,wk_d57d39fd5b5c
wk_d594e889dd6a,,RS,Maharashtra,Maharashtra,Nanded,NANDED(DISTRICT COLLECTOR NANDED_IDA),NANDED,Shri Ashokrao Shankarrao Chavan (2024-30) (2024-2030),ASHOKRAO SHANKARRAO CHAVAN,RS_ASHOKRAO SHANKARRAO CHAVAN,,Elected MP,Providing drains and gutters for public drainage,Normal/Others,Normal/Others,,"Construction of cement concrete closed dains at Mauje Kini, Taluka Bhokar, District Nanded","Construction of cement concrete closed dains at Mauje Kini, Taluka Bhokar, District Nanded",2024-12-15 00:00:00,,,1500000.0,,,,,recommended,missing_parseable_work_id,synthetic,wk_d594e889dd6a
wk_d5f196687e46,,RS,Bihar,Bihar,Supaul,SUPAUL(DISTRICT PLANNING OFFICER SUPAUL_IDA),SUPAUL,Prof. Manoj Kumar Jha (2024-30) (2024-2030),MANOJ KUMAR JHA,RS_MANOJ KUMAR JHA,,Elected MP,Lighting of public spaces,Normal/Others,Normal/Others,,Installation work of high mast light Jagatpur Durmeshwar Mandir in Gauth Baruari Panchayat Ward No 09 under Supaul block.,Installation work of high mast light Jagatpur Durmeshwar Mandir in Gauth Baruari Panchayat Ward No 09 under Supaul block.,2025-07-02 00:00:00,,,820000.0,,,,,recommended,missing_parseable_work_id,synthetic,wk_d5f196687e46
wk_d60205097b7d,,RS,Jammu And Kashmir,Jammu And Kashmir,Samba,SAMBA(Deputy Commissioner Samba_IDA),SAMBA,Shri Gulam Ali (2022-28) (2022-2028),GULAM ALI,RS_GULAM ALI,,Nominated MP,Installing tube-wells and borewells,Normal/Others,Normal/Others,,Installation of bore well at village Channi kartholi near Sarore Adda Tavi Canal near the house of Allah Rakha,Installation of bore well at village Channi kartholi near Sarore Adda Tavi Canal near the house of Allah Rakha,2023-11-09 00:00:00,,,3.89,,,,,recommended,missing_parseable_work_id,synthetic,wk_d60205097b7d
wk_d63c7eee694b,,RS,Kerala,Kerala,Kannur,KANNUR(DISTRICT COLLECTOR KANNUR_IDA),KANNUR,Shri Sandosh Kumar P (2022-28) (2022-2028),SANDOSH KUMAR P,RS_SANDOSH KUMAR P,,Elected MP,"Construction of roads, link roads, pathways or any other road with or without drainage system",Normal/Others,Normal/Others,,Side protection work to Krishnan Nambiar Road-Kumbayi Vayatl Thodu,Side protection work to Krishnan Nambiar Road-Kumbayi Vayatl Thodu,2025-03-24 00:00:00,,,1500000.0,,,,,recommended,missing_parseable_work_id,synthetic,wk_d63c7eee694b
wk_d65761529d3a,,RS,Assam,Assam,Sivasagar,SIVASAGAR(Deputy Commissioner Sivsagar_IDA),SIVASAGAR,Shri Pabitra Margherita (2022-28) (2022-2028),PABITRA MARGHERITA,RS_PABITRA MARGHERITA,,Elected MP,Construction of community centers and community halls,Normal/Others,Normal/Others,,CONSTRUCTION OF ROHDOIPUKHURI SANSKRITIK KENDRA,CONSTRUCTION OF ROHDOIPUKHURI SANSKRITIK KENDRA,2026-01-27 00:00:00,,,200000.0,,,,,recommended,missing_parseable_work_id,synthetic,wk_d65761529d3a
wk_d65869c7d7f8,,RS,Karnataka,Karnataka,Chikkamagaluru,CHIKKAMAGALURU(DEPUTY COMMISSIONER CHIKMAGALUR),CHIKKAMAGALURU,Shri Jairam Ramesh (2022-28) (2022-2028),JAIRAM RAMESH,RS_JAIRAM RAMESH,,Elected MP,Construction of water tanks,Normal/Others,Normal/Others,,For construction of Suddaganga Water plant at Buchenahalli kavalu of Sindigere Village & Panchayath.,For construction of Suddaganga Water plant at Buchenahalli kavalu of Sindigere Village & Panchayath.,2023-09-04 00:00:00,,,1200000.0,,,,,recommended,missing_parseable_work_id,synthetic,wk_d65869c7d7f8
wk_d6cadbde21f9,,LS,Andhra Pradesh,Andhra Pradesh,Eluru,Eluru(DISTRICT COLLECTOR ELURU_IDA),ELURU,Putta Mahesh Kumar,PUTTA MAHESH KUMAR,LS_PUTTA MAHESH KUMAR,ELURU,,Setting up of laboratories,Normal/Others,Normal/Others,,Providing Laboratory equipment to Physical Science/Biological Science/Mathematics and Social Studies.,Providing Laboratory equipment to Physical Science/Biological Science/Mathematics and Social Studies.,2024-08-26 00:00:00,,,400000.0,,,,,recommended,missing_parseable_work_id,synthetic,wk_d6cadbde21f9
wk_d6d02a95e53e,,RS,Jharkhand,Jharkhand,Giridih,GIRIDIH(Deputy Commissioner Giridh_IDA),GIRIDIH,Shri Aditya Prasad (2022-28) (2022-2028),ADITYA PRASAD,RS_ADITYA PRASAD,,Elected MP,Construction of community centers and community halls,Normal/Others,Normal/Others,,Construction of community hall near Mahuri Bhavan in village Gadisirampur in giridih block,Construction of community hall near Mahuri Bhavan in village Gadisirampur in giridih block,2025-08-24 00:00:00,,,700000.0,,,,,recommended,missing_parseable_work_id,synthetic,wk_d6d02a95e53e
wk_d6eaed7d11b9,,RS,Karnataka,Karnataka,Udupi,UDUPI(DEPUTY COMMISSIONER UDUPI_IDA),UDUPI,Dr. Dharmasthala Veerendra Heggade (2022-28) (2022-2028),DHARMASTHALA VEERENDRA HEGGADE,RS_DHARMASTHALA VEERENDRA HEGGADE,,Nominated MP,Development of public parks,Normal/Others,Normal/Others,,"To carry out the development works of Kota Dr. Shivarama Karanth Theme Park located within the jurisdiction of Kota Gram Panchayat, Brahmavara Taluk,Udupi District","To carry out the development works of Kota Dr. Shivarama Karanth Theme Park located within the jurisdiction of Kota Gram Panchayat, Brahmavara Taluk,Udupi District",2025-12-30 00:00:00,,,499000.0,,,,,recommended,missing_parseable_work_id,synthetic,wk_d6eaed7d11b9
wk_d7297650b8f7,,RS,Assam,Assam,Sivasagar,SIVASAGAR(Deputy Commissioner Sivsagar_IDA),SIVASAGAR,Shri Pabitra Margherita (2022-28) (2022-2028),PABITRA MARGHERITA,RS_PABITRA MARGHERITA,,Elected MP,Construction of community centers and community halls,Normal/Others,Normal/Others,,DEVELOPMENT OF LADOIGARH MISSING GAON SANSKRITIK KENDRA,DEVELOPMENT OF LADOIGARH MISSING GAON SANSKRITIK KENDRA,2026-01-27 00:00:00,,,200000.0,,,,,recommended,missing_parseable_work_id,synthetic,wk_d7297650b8f7
wk_d735010bed36,,RS,Puducherry,Puducherry,Puducherry,Puducherry(PROJECT DIRECTOR RDA PUDUCHERRY_IDA),PUDUCHERRY,Shri S. Selvaganabathy (2021-27) (2021-2027),S SELVAGANABATHY,RS_S SELVAGANABATHY,,Elected MP,Providing drains and gutters for public drainage,Normal/Others,Normal/Others,,Construction of U-Drain with slab in the Pudhu nagar Rettai Vaikkal of Agaram Village in Oussudu Assembly Constituency.,Construction of U-Drain with slab in the Pudhu nagar Rettai Vaikkal of Agaram Village in Oussudu Assembly Constituency.,2023-11-22 00:00:00,,,2500000.0,,,,,recommended,missing_parseable_work_id,synthetic,wk_d735010bed36
wk_d7577364b94a,,LS,Assam,Assam,Sivasagar,SIVASAGAR(Deputy Commissioner Sivsagar_IDA),SIVASAGAR,GAURAV GOGOI,GAURAV GOGOI,LS_GAURAV GOGOI,JORHAT,,Construction of boundary walls of existing public and community buildings,Normal/Others,Normal/Others,,"Construction of Boundary Wall at Nazira M.C. Club, Ward No 4, Nazira Town","Construction of Boundary Wall at Nazira M.C. Club, Ward No 4, Nazira Town",2024-11-25 00:00:00,,,200000.0,,,,,recommended,missing_parseable_work_id,synthetic,wk_d7577364b94a
wk_d775d169e519,,LS,Uttar Pradesh,Uttar Pradesh,Auraiya,AURAIYA(DISTRICT MAGISTRATE AURAIYA_IDA),AURAIYA,AKHILESH YADAV,AKHILESH YADAV,LS_AKHILESH YADAV,KANNAUJ,,Lighting of public spaces,Normal/Others,Normal/Others,,Installation work of a solar power light on the ground in front of Shiv temple of Shri Chandramohan Rajput village Ariyari development block Sahar district Auraiya. Mob.-7017162032 By-Shri Pramod Kumar Savita,Installation work of a solar power light on the ground in front of Shiv temple of Shri Chandramohan Rajput village Ariyari development block Sahar district Auraiya. Mob.-7017162032 By-Shri Pramod Kumar Savita,2024-12-10 00:00:00,,,15500.0,,,,,recommended,missing_parseable_work_id,synthetic,wk_d775d169e519
wk_d7fec2d76a7e,,RS,Maharashtra,Maharashtra,Pune,PUNE(DISTRICT COLLECTOR PUNE_IDA),PUNE,Dr. Medha Vishram Kulkarni (2024-30) (2024-2030),MEDHA VISHRAM KULKARNI,RS_MEDHA VISHRAM KULKARNI,,Elected MP,"Construction of cycle tracks, cycle stand and segregated non-motorized vehicle (NMV) lanes",Normal/Others,Normal/Others,,"Construction of Jogging Track, Paigoda and Lake at Vandevi Takadi area premises, Karvenagar, Pune, New Ward No 34, Old Ward No 31","Construction of Jogging Track, Paigoda and Lake at Vandevi Takadi area premises, Karvenagar, Pune, New Ward No 34, Old Ward No 31",2024-07-28 00:00:00,,,1000000.0,,,,,recommended,missing_parseable_work_id,synthetic,wk_d7fec2d76a7e
wk_d80e4a21e623,,LS,West Bengal,West Bengal,North 24 Parganas,North 24 Parganas(DISTRICT MAGISTRATE NORTH TWENTY FOUR PARGANAS_IDA),NORTH 24 PARGANAS,SK NURUL ISLAM,SK NURUL ISLAM,LS_SK NURUL ISLAM,BASIRHAT,,Construction of common work sheds/ common covered sitting area,Normal/Others,Normal/Others,,Development of Dakshin Auturia BKAP Idgah Maidan under Auturia G.P & Baduria Panchayat Samity (SL.No.-39),Development of Dakshin Auturia BKAP Idgah Maidan under Auturia G.P & Baduria Panchayat Samity (SL.No.-39),2024-09-12 00:00:00,,,500000.0,,,,,recommended,missing_parseable_work_id,synthetic,wk_d80e4a21e623
wk_d832421335b2,,RS,Assam,Assam,Sivasagar,SIVASAGAR(Deputy Commissioner Sivsagar_IDA),SIVASAGAR,Shri Pabitra Margherita (2022-28) (2022-2028),PABITRA MARGHERITA,RS_PABITRA MARGHERITA,,Elected MP,Construction of community centers and community halls,Normal/Others,Normal/Others,,CONSTRUCTION OF SRI SRI KRISHNA SANSKRITIK KENDRA 5 NO LINE CHARAIDEO,CONSTRUCTION OF SRI SRI KRISHNA SANSKRITIK KENDRA 5 NO LINE CHARAIDEO,2026-01-27 00:00:00,,,200000.0,,,,,recommended,missing_parseable_work_id,synthetic,wk_d832421335b2
wk_d840704a84a2,,RS,Kerala,Kerala,Kozhikode,KOZHIKODE(DISTRICT COLLECTOR KOZHIKODE_IDA),KOZHIKODE,Shri Abdul Wahab (2021-27) (2021-2027),ABDUL WAHAB,RS_ABDUL WAHAB,,Elected MP,Providing drains and gutters for public drainage,Normal/Others,Normal/Others,,"Makkat - Pichappuram road drainage covering slab work, Ward no.03, Olavanna Panchayat","Makkat - Pichappuram road drainage covering slab work, Ward no.03, Olavanna Panchayat",2024-12-26 00:00:00,,,500000.0,,,,,recommended,missing_parseable_work_id,synthetic,wk_d840704a84a2
wk_d855e4ec1984,,RS,Kerala,Kerala,Thiruvananthapuram,THIRUVANANTHAPURAM(DISTRICT COLLECTOR THIRUVANANTHAPURAM_IDA),THIRUVANANTHAPURAM,Shri Jose K. Mani (2024-30) (2024-2030),JOSE K MANI,RS_JOSE K MANI,,Elected MP,"Construction of roads, link roads, pathways or any other road with or without drainage system",Normal/Others,Normal/Others,,Construction of Interlock work at Mekari Vilangamuri Road,Construction of Interlock work at Mekari Vilangamuri Road,2026-01-24 00:00:00,,,1000000.0,,,,,recommended,missing_parseable_work_id,synthetic,wk_d855e4ec1984
wk_d8a0a2eb383d,,RS,Delhi,Delhi,North,NORTH(COMMISSIONER MCD NORTH_IDA),NORTH,Ms. Swati Maliwal (2024-30) (2024-2030),SWATI MALIWAL,RS_SWATI MALIWAL,,Elected MP,Installation/ Construction of Anti-Pollution structure,Normal/Others,Normal/Others,,Air purifiers for all residential and common areas for senior citizens in Delhi Government old age home.,Air purifiers for all residential and common areas for senior citizens in Delhi Government old age home.,2025-11-08 00:00:00,,,300000.0,,,,,recommended,missing_parseable_work_id,synthetic,wk_d8a0a2eb383d
wk_d8cb39904cc8,,LS,Uttar Pradesh,Uttar Pradesh,Auraiya,AURAIYA(DISTRICT MAGISTRATE AURAIYA_IDA),AURAIYA,AKHILESH YADAV,AKHILESH YADAV,LS_AKHILESH YADAV,KANNAUJ,,Lighting of public spaces,Normal/Others,Normal/Others,,"Installation work of a solar power Light at the gate of Shri Tomar Raghunath Singh Inter College, Village Ariyari Development Block, Sahar District, Auraiya. Mob.-7017162032 By-Shri Pramod Kumar Savita","Installation work of a solar power Light at the gate of Shri Tomar Raghunath Singh Inter College, Village Ariyari Development Block, Sahar District, Auraiya. Mob.-7017162032 By-Shri Pramod Kumar Savita",2024-12-10 00:00:00,,,15500.0,,,,,recommended,missing_parseable_work_id,synthetic,wk_d8cb39904cc8
wk_d8db433693cf,,RS,Haryana,Haryana,Panchkula,PANCHKULA(DRDA PANCHKULA),PANCHKULA,Shri Kartikeya Sharma (2022-28) (2022-2028),KARTIKEYA SHARMA,RS_KARTIKEYA SHARMA,,Elected MP,"Purchase of ambulances (Four, three and two wheelers)",Normal/Others,Normal/Others,,purchase of maruti eeco ambulance shell-equipped,purchase of maruti eeco ambulance shell-equipped,2025-12-10 00:00:00,,,1050000.0,,,,,recommended,missing_parseable_work_id,synthetic,wk_d8db433693cf
wk_d8e05c791a59,,RS,Karnataka,Karnataka,Tumakuru,TUMAKURU(DEPUTY COMMISSIONER TUMKUR_IDA),TUMAKURU,Shri Jaggesh (2022-28) (2022-2028),JAGGESH,RS_JAGGESH,,Elected MP,"Construction of roads, link roads, pathways or any other road with or without drainage system",Normal/Others,Normal/Others,,"Construction of Cement Concrete Road (C C Road) from Suryanarayana House to Basavaraju House, Nandikalkere Village, Mayasandra Hobli, Mattagadahalli Gram Panchayat, Turuvekere Taluk, Tumkuru District, Karnataka.","Construction of Cement Concrete Road (C C Road) from Suryanarayana House to Basavaraju House, Nandikalkere Village, Mayasandra Hobli, Mattagadahalli Gram Panchayat, Turuvekere Taluk, Tumkuru District, Karnataka.",2025-04-22 00:00:00,,,500000.0,,,,,recommended,missing_parseable_work_id,synthetic,wk_d8e05c791a59
wk_d916931067d5,,LS,Uttar Pradesh,Uttar Pradesh,Auraiya,AURAIYA(DISTRICT MAGISTRATE AURAIYA_IDA),AURAIYA,AKHILESH YADAV,AKHILESH YADAV,LS_AKHILESH YADAV,KANNAUJ,,Lighting of public spaces,Normal/Others,Normal/Others,,"Installation work of a solar power Light on the main road in front of the house of Shri Sushil Dubey, Village Ariyari Development Block, Sahar District, Auraiya. Mob.-7017162032 By-Shri Pramod Kumar Savita","Installation work of a solar power Light on the main road in front of the house of Shri Sushil Dubey, Village Ariyari Development Block, Sahar District, Auraiya. Mob.-7017162032 By-Shri Pramod Kumar Savita",2024-12-10 00:00:00,,,15500.0,,,,,recommended,missing_parseable_work_id,synthetic,wk_d916931067d5
wk_d9705f8fbb77,,RS,Haryana,Haryana,Fatehabad,FATEHABAD(Deputy Commissioner Fatehabad),FATEHABAD,Shri Subhash Barala (2024-30) (2024-2030),SUBHASH BARALA,RS_SUBHASH BARALA,,Elected MP,Development of playfields and sports grounds,Normal/Others,Normal/Others,,As per demand charter of Gram Panchayat.,As per demand charter of Gram Panchayat.,2025-11-29 00:00:00,,,1000000.0,,,,,recommended,missing_parseable_work_id,synthetic,wk_d9705f8fbb77
wk_d9771d5aaf5b,,LS,Telangana,Telangana,Medchal Malkajgiri,MEDCHAL MALKAJGIRI(DISTRICT COLLECTOR MEDCHAL MALKAJGIRI_IDA),MEDCHAL MALKAJGIRI,EATALA RAJENDER,EATALA RAJENDER,LS_EATALA RAJENDER,MALKAJGIRI,,Crematoriums/energy efficient crematoriums or structures on burial/cremation ground,Normal/Others,Normal/Others,,"Construction of two dress changing rooms and open shower system along with borewell and water tank at Hindu Smasana Vatika, 133 Division, near Brundhavan Colony, Machabollaram, GHMC, Mechal-Malkajgiri District","Construction of two dress changing rooms and open shower system along with borewell and water tank at Hindu Smasana Vatika, 133 Division, near Brundhavan Colony, Machabollaram, GHMC, Mechal-Malkajgiri District",2024-11-11 00:00:00,,,850000.0,,,,,recommended,missing_parseable_work_id,synthetic,wk_d9771d5aaf5b
wk_da28bce80ba5,,RS,Kerala,Kerala,Kozhikode,KOZHIKODE(DISTRICT COLLECTOR KOZHIKODE_IDA),KOZHIKODE,Shri Abdul Wahab (2021-27) (2021-2027),ABDUL WAHAB,RS_ABDUL WAHAB,,Elected MP,Construction of rooms and halls in school and colleges,Normal/Others,Normal/Others,,"Construction of Building for Pratheeksha Special School, Mampetta Ward No.07, Mukkam Municipality","Construction of Building for Pratheeksha Special School, Mampetta Ward No.07, Mukkam Municipality",2025-03-18 00:00:00,,,1300000.0,,,,,recommended,missing_parseable_work_id,synthetic,wk_da28bce80ba5
wk_da7194ae1eb5,,RS,Odisha,Odisha,Puri,PURI(DISTRICT COLLECTOR PURI_IDA),PURI,Shri Subhasish Khuntia (2024-30) (2024-2030),SUBHASISH KHUNTIA,RS_SUBHASISH KHUNTIA,,Elected MP,Construction of community centers and community halls,Normal/Others,Normal/Others,,Construction of Mahamaya Shymakali Community center at Dolamandap Sahi.,Construction of Mahamaya Shymakali Community center at Dolamandap Sahi.,2025-08-28 00:00:00,,,300000.0,,,,,recommended,missing_parseable_work_id,synthetic,wk_da7194ae1eb5
wk_dac7cce9bac6,,RS,Kerala,Kerala,Idukki,IDUKKI(DISTRICT COLLECTOR IDUKKI_IDA),IDUKKI,Shri Haris Beeran (2024-30) (2024-2030),HARIS BEERAN,RS_HARIS BEERAN,,Elected MP,Construction of public irrigation facilities,Normal/Others,Normal/Others,,"Construction of retaining wall for the stream at Elanji Kuzhi.Ward 16 BTM School , of Thodupuzha Municipality , Idukki District.","Construction of retaining wall for the stream at Elanji Kuzhi.Ward 16 BTM School , of Thodupuzha Municipality , Idukki District.",2025-06-17 00:00:00,,,500000.0,,,,,recommended,missing_parseable_work_id,synthetic,wk_dac7cce9bac6
wk_dadb15354e45,,LS,Kerala,Kerala,Alappuzha,ALAPPUZHA(DISTRICT COLLECTOR ALAPPUZHA_IDA),ALAPPUZHA,K. C VENUGOPAL,K C VENUGOPAL,LS_K C VENUGOPAL,ALAPPUZHA,,Setting up of kitchen and pantries,Normal/Others,Normal/Others,,"Setting up of a modern kitchen and Dining Hall in Govt. Muslim LPA, Punnapra","Setting up of a modern kitchen and Dining Hall in Govt. Muslim LPA, Punnapra",2024-09-06 00:00:00,,,800000.0,,,,,recommended,missing_parseable_work_id,synthetic,wk_dadb15354e45
wk_db2b8cdb2c06,,RS,Kerala,Kerala,Palakkad,PALAKKAD(DISTRICT COLLECTOR PALAKKAD_IDA),PALAKKAD,Dr. V. Sivadasan (2021-27) (2021-2027),V SIVADASAN,RS_V SIVADASAN,,Elected MP,Construction of rooms and halls in school and colleges,Normal/Others,Normal/Others,,Construction of new Digital Seminar Complex at Palakkad Government Victoria College,Construction of new Digital Seminar Complex at Palakkad Government Victoria College,2025-08-13 00:00:00,,,30000000.0,,,,,recommended,missing_parseable_work_id,synthetic,wk_db2b8cdb2c06
wk_db4a52cec530,,RS,Telangana,Telangana,Mahabubabad,MAHABUBABAD(DISTRICT COLLECTOR MAHABUBABAD_IDA),MAHABUBABAD,Smt. Renuka Chowdhury (2024-30) (2024-2030),RENUKA CHOWDHURY,RS_RENUKA CHOWDHURY,,Elected MP,"Construction of roads, link roads, pathways or any other road with or without drainage system",Normal/Others,Normal/Others,,"Construction of CC road from Sunkara Ramakrishna house to Vaddemudi Suresh house at Gandhampalle village, Bayyaram Mandal, Mahabubabad District, Telangana","Construction of CC road from Sunkara Ramakrishna house to Vaddemudi Suresh house at Gandhampalle village, Bayyaram Mandal, Mahabubabad District, Telangana",2026-01-23 00:00:00,,,500000.0,,,,,recommended,missing_parseable_work_id,synthetic,wk_db4a52cec530
wk_db57fbdd3652,,RS,Kerala,Kerala,Palakkad,PALAKKAD(DISTRICT COLLECTOR PALAKKAD_IDA),PALAKKAD,Shri Abdul Wahab (2021-27) (2021-2027),ABDUL WAHAB,RS_ABDUL WAHAB,,Elected MP,Lighting of public spaces,Normal/Others,Normal/Others,,"Setting up of Mini mast light at Mullaparamb nagar, Ward No.2, Nellaya Panchayat","Setting up of Mini mast light at Mullaparamb nagar, Ward No.2, Nellaya Panchayat",2025-10-21 00:00:00,,,250000.0,,,,,recommended,missing_parseable_work_id,synthetic,wk_db57fbdd3652
wk_db8189b966db,,RS,Uttar Pradesh,Uttar Pradesh,Unnao,UNNAO(DISTRICT MAGIISTRATE UNNAO_IDA),UNNAO,Dr. Laxmikant Bajpayee (2022-28) (2022-2028),LAXMIKANT BAJPAYEE,RS_LAXMIKANT BAJPAYEE,,Elected MP,"Purchase of prosthetics, wheel chairs, tricycles (manual or motorized), elect scooties, hearing aids",Normal/Others,Normal/Others,,Distribution of Motorized Tricycles,Distribution of Motorized Tricycles,2025-06-16 00:00:00,,,100000.0,,,,,recommended,missing_parseable_work_id,synthetic,wk_db8189b966db
wk_dbdd2a87bafc,,RS,Maharashtra,Maharashtra,Pune,PUNE(DISTRICT COLLECTOR PUNE_IDA),PUNE,Dr. Medha Vishram Kulkarni (2024-30) (2024-2030),MEDHA VISHRAM KULKARNI,RS_MEDHA VISHRAM KULKARNI,,Elected MP,Construction of bus-sheds or bus-stops,Normal/Others,Normal/Others,,At Ward 9 Establishment of a bus stop at Someshwar Wadi Down,At Ward 9 Establishment of a bus stop at Someshwar Wadi Down,2025-11-26 00:00:00,,,1000000.0,,,,,recommended,missing_parseable_work_id,synthetic,wk_dbdd2a87bafc
wk_dbdf2a74dcb8,,RS,Assam,Assam,Golaghat,GOLAGHAT(Deputy Commissioner Golaghat_IDA),GOLAGHAT,Shri Birendra Prasad Baishya (2025-31) (2025-2031),BIRENDRA PRASAD BAISHYA,RS_BIRENDRA PRASAD BAISHYA,,Elected MP,Construction of rooms and halls in school and colleges,Normal/Others,Normal/Others,,Construction Of College Building of Hemo Prova Borbora Girls College at Golaghat,Construction Of College Building of Hemo Prova Borbora Girls College at Golaghat,2025-10-23 00:00:00,,,2500000.0,,,,,recommended,missing_parseable_work_id,synthetic,wk_dbdf2a74dcb8
wk_dc63d1328c2e,,RS,Tamil Nadu,Tamil Nadu,Coimbatore,COIMBATORE(DISTRICT COLLECTOR COIMBATORE_IDA),COIMBATORE,Shri I.S. Inbadurai (2025-31) (2025-2031),I S INBADURAI,RS_I S INBADURAI,,Elected MP,Construction of common work sheds/ common covered sitting area,Normal/Others,Normal/Others,,Construction of compound wall around 528 residences in selvapuram IUDP colony coimbatore District,Construction of compound wall around 528 residences in selvapuram IUDP colony coimbatore District,2025-11-21 00:00:00,,,2166000.0,,,,,recommended,missing_parseable_work_id,synthetic,wk_dc63d1328c2e
wk_dcaf298e95a5,,RS,Odisha,Odisha,Khordha,KHORDHA(DISTRICT COLLECTOR KHORDHA_IDA),KHORDHA,Smt. Sulata Deo (2022-28) (2022-2028),SULATA DEO,RS_SULATA DEO,,Elected MP,Construction of public toilets and bathrooms,Normal/Others,Normal/Others,,"Construction of Toilets for male & female, Residents Association at Durgamadhav Nagar, Sampur, Ward No-22, BMC Bhubaneswar Municipal Corporation","Construction of Toilets for male & female, Residents Association at Durgamadhav Nagar, Sampur, Ward No-22, BMC Bhubaneswar Municipal Corporation",2024-09-27 00:00:00,,,300000.0,,,,,recommended,missing_parseable_work_id,synthetic,wk_dcaf298e95a5
wk_dcd13c67421d,,RS,Tamil Nadu,Tamil Nadu,Tiruchirappalli,TIRUCHIRAPPALLI(DISTRICT COLLECTOR TIRUCHIRAPPALLI_IDA),TIRUCHIRAPPALLI,Smt. Rajathi (2025-31) (2025-2031),RAJATHI,RS_RAJATHI,,Elected MP,Lighting of public spaces,Normal/Others,Normal/Others,,Install 12 mtrs of height of High mast Light in Ward 12 near VOC Nagar Water Storage at Thuvakudi area,Install 12 mtrs of height of High mast Light in Ward 12 near VOC Nagar Water Storage at Thuvakudi area,2025-09-22 00:00:00,,,800000.0,,,,,recommended,missing_parseable_work_id,synthetic,wk_dcd13c67421d
wk_dce2bba989df,,LS,Madhya Pradesh,Madhya Pradesh,Seoni,SEONI(District Collector Seoni_IDA),SEONI,Faggan Singh Kulaste,FAGGAN SINGH KULASTE,LS_FAGGAN SINGH KULASTE,MANDLA(ST),,Construction of additional rooms and halls in the existing public and community building,Normal/Others,Normal/Others,,Construction of additional room at police station compound Chhapara,Construction of additional room at police station compound Chhapara,2024-11-09 00:00:00,,,500000.0,,,,,recommended,missing_parseable_work_id,synthetic,wk_dce2bba989df
wk_dd1c304d7228,,RS,Karnataka,Karnataka,Kodagu,KODAGU(Deputy Commsioner Kodagu_ida),KODAGU,Shri G.C. Chandrashekhar (2024-30) (2024-2030),G C CHANDRASHEKHAR,RS_G C CHANDRASHEKHAR,,Elected MP,"Purchase of vehicle for mobile dispensaries (Four, three and two wheelers)",Normal/Others,Normal/Others,,"purchase of bolero vehicle for sanchari girijana arogya ghataka ponnampete talluk, kallahalla, kodagu district","purchase of bolero vehicle for sanchari girijana arogya ghataka ponnampete talluk, kallahalla, kodagu district",2025-10-08 00:00:00,,,1200000.0,,,,,recommended,missing_parseable_work_id,synthetic,wk_dd1c304d7228
wk_dd349617a96a,,RS,Goa,Goa,North Goa,NORTH GOA(DISTRICT COLLECTOR NORTH GOA_IDA),NORTH GOA,Shri Sadanand Mhalu Shet Tanavade (2023-29) (2023-2029),SADANAND MHALU SHET TANAVADE,RS_SADANAND MHALU SHET TANAVADE,,Elected MP,Purchase of vans and buses for educational institutions,Normal/Others,Normal/Others,,"School Bus for Bal Bharti Vidhya Mandir, Ribandar, Tiswadi, Goa.","School Bus for Bal Bharti Vidhya Mandir, Ribandar, Tiswadi, Goa.",2025-05-28 00:00:00,,,3168291.0,,,,,recommended,missing_parseable_work_id,synthetic,wk_dd349617a96a
wk_dd8eababad65,,RS,Maharashtra,Maharashtra,Washim,WASHIM(DISTRICT COLLECTOR WASHIM_IDA),WASHIM,Shri Imran Pratapgarhi (2022-28) (2022-2028),IMRAN PRATAPGARHI,RS_IMRAN PRATAPGARHI,,Elected MP,"Purchase of smart boards, visual display units and projectors",Normal/Others,Normal/Others,,"Smart Classroom to Recognized Syed Mohsin Urdu Primary School, Washim","Smart Classroom to Recognized Syed Mohsin Urdu Primary School, Washim",2025-08-05 00:00:00,,,1000000.0,,,,,recommended,missing_parseable_work_id,synthetic,wk_dd8eababad65
wk_ddb9e88cb22a,,RS,Assam,Assam,Sivasagar,SIVASAGAR(Deputy Commissioner Sivsagar_IDA),SIVASAGAR,Shri Pabitra Margherita (2022-28) (2022-2028),PABITRA MARGHERITA,RS_PABITRA MARGHERITA,,Elected MP,Construction of community centers and community halls,Normal/Others,Normal/Others,,CONSTRUCTION OF COMMUNITY HALL AT DULIA GAON SANSKRITIK KENDRA,CONSTRUCTION OF COMMUNITY HALL AT DULIA GAON SANSKRITIK KENDRA,2026-01-27 00:00:00,,,400000.0,,,,,recommended,missing_parseable_work_id,synthetic,wk_ddb9e88cb22a
wk_ddcae92cf17f,,RS,Uttar Pradesh,Uttar Pradesh,Baghpat,BAGHPAT(DISTRICT MAGISTRATE BAGHPAT_IDA),BAGHPAT,Shri Jayant Chaudhary (2022-28) (2022-2028),JAYANT CHAUDHARY,RS_JAYANT CHAUDHARY,,Elected MP,Development of playfields and sports grounds,Normal/Others,Normal/Others,,"Construction of a 200 plus 100m extended six-lane synthetic running track, along with space for hammer, javelin, discus throw, and a hall for indoor training purposes.","Construction of a 200 plus 100m extended six-lane synthetic running track, along with space for hammer, javelin, discus throw, and a hall for indoor training purposes.",2025-11-27 00:00:00,,,13242000.0,,,,,recommended,missing_parseable_work_id,synthetic,wk_ddcae92cf17f
wk_de0264f0143b,,RS,Kerala,Kerala,Pathanamthitta,PATHANAMTHITTA(DISTRICT COLLECTOR PATHANAMTHITTA_IDA),PATHANAMTHITTA,Dr. John Brittas (2021-27) (2021-2027),JOHN BRITTAS,RS_JOHN BRITTAS,,Elected MP,Purchase of vans and buses for educational institutions,Normal/Others,Normal/Others,,"Purchase of School Bus for Devaswom Board LP School, Vaipur, Kottangal Panchyat, Ward XIII, Pathanamthitta District","Purchase of School Bus for Devaswom Board LP School, Vaipur, Kottangal Panchyat, Ward XIII, Pathanamthitta District",2025-10-15 00:00:00,,,1866582.0,,,,,recommended,missing_parseable_work_id,synthetic,wk_de0264f0143b
wk_de1008f869a4,,RS,Telangana,Telangana,Mahabubabad,MAHABUBABAD(DISTRICT COLLECTOR MAHABUBABAD_IDA),MAHABUBABAD,Shri Ravi Chandra Vaddiraju (2024-30) (2024-2030),RAVI CHANDRA VADDIRAJU,RS_RAVI CHANDRA VADDIRAJU,,Elected MP,Construction of community centers and community halls,Normal/Others,Normal/Others,,Laying of CC Road from Ganji Raghu(H) to Ganji Komurareddy(H) at Inugurthy,Laying of CC Road from Ganji Raghu(H) to Ganji Komurareddy(H) at Inugurthy,2025-05-25 00:00:00,,,499000.0,,,,,recommended,missing_parseable_work_id,synthetic,wk_de1008f869a4
wk_de1e03529c15,,RS,Kerala,Kerala,Idukki,IDUKKI(DISTRICT COLLECTOR IDUKKI_IDA),IDUKKI,Shri Haris Beeran (2024-30) (2024-2030),HARIS BEERAN,RS_HARIS BEERAN,,Elected MP,Development of public parks,Normal/Others,Normal/Others,,"Construction of Children Park.Ward 14 Vannappuram town south , of Vannappuram Panchayat, under Vannappuram Village in the Elamdesam Block, Idukki District.","Construction of Children Park.Ward 14 Vannappuram town south , of Vannappuram Panchayat, under Vannappuram Village in the Elamdesam Block, Idukki District.",2025-06-17 00:00:00,,,500000.0,,,,,recommended,missing_parseable_work_id,synthetic,wk_de1e03529c15
wk_de5eb8cf7323,,RS,Maharashtra,Maharashtra,Nanded,NANDED(DISTRICT COLLECTOR NANDED_IDA),NANDED,Dr. Ajeet Madhavrao Gopchade (2024-30) (2024-2030),AJEET MADHAVRAO GOPCHADE,RS_AJEET MADHAVRAO GOPCHADE,,Elected MP,Crematoriums/energy efficient crematoriums or structures on burial/cremation ground,Normal/Others,Normal/Others,,Construction of Smashanbhumi Shed and Sangada at Kolheborgaon Tq. Biloli Dist. Nanded,Construction of Smashanbhumi Shed and Sangada at Kolheborgaon Tq. Biloli Dist. Nanded,2025-10-24 00:00:00,,,1200000.0,,,,,recommended,missing_parseable_work_id,synthetic,wk_de5eb8cf7323
wk_de817769a0e4,,LS,West Bengal,West Bengal,North 24 Parganas,North 24 Parganas(DISTRICT MAGISTRATE NORTH TWENTY FOUR PARGANAS_IDA),NORTH 24 PARGANAS,SK NURUL ISLAM,SK NURUL ISLAM,LS_SK NURUL ISLAM,BASIRHAT,,Construction of rooms and halls in school and colleges,Trust and Society,Trust and Society,,Construction of building of Madrasah Salafia Ghorarash under Ghoraras Kulibgram G.P & Basirhat II Panchayat Samity,Construction of building of Madrasah Salafia Ghorarash under Ghoraras Kulibgram G.P & Basirhat II Panchayat Samity,2024-09-20 00:00:00,,,1000000.0,,,,,recommended,missing_parseable_work_id,synthetic,wk_de817769a0e4
wk_de8921d0d4e4,,LS,Karnataka,Karnataka,Chikkaballapura,CHIKKABALLAPURA(DEPUTY COMMISSIONER CHICKKABALLAPUR_IDA),CHIKKABALLAPURA,DR.K.SUDHAKAR,DR K SUDHAKAR,LS_DR K SUDHAKAR,CHIKBALLAPUR,,Construction of rooms and halls in school and colleges,Normal/Others,Normal/Others,,Construction of additional classroom for Government primary school Kadachikkanahally,Construction of additional classroom for Government primary school Kadachikkanahally,2024-12-12 00:00:00,,,500000.0,,,,,recommended,missing_parseable_work_id,synthetic,wk_de8921d0d4e4
wk_deb87b619d36,,RS,Kerala,Kerala,Ernakulam,ERNAKULAM(DISTRICT COLLECTOR ERNAKULAM_IDA),ERNAKULAM,Shri Haris Beeran (2024-30) (2024-2030),HARIS BEERAN,RS_HARIS BEERAN,,Elected MP,"Construction of roads, link roads, pathways or any other road with or without drainage system",Repair and Renovation,Repair and Renovation,,Tile-laying work of Mattekad Road,Tile-laying work of Mattekad Road,2025-09-10 00:00:00,,,500000.0,,,,,recommended,missing_parseable_work_id,synthetic,wk_deb87b619d36
wk_dec2087a9576,,RS,Assam,Assam,Lakhimpur,LAKHIMPUR(DEPUTY COMMISSIONER LAKHIMPUR_IDA),LAKHIMPUR,Shri Birendra Prasad Baishya (2025-31) (2025-2031),BIRENDRA PRASAD BAISHYA,RS_BIRENDRA PRASAD BAISHYA,,Elected MP,Construction of community centers and community halls,Normal/Others,Normal/Others,,"Construction Of Community hall Near Krishna Madhab Namghar,2 No Dhemagarh,Lamhimpur","Construction Of Community hall Near Krishna Madhab Namghar,2 No Dhemagarh,Lamhimpur",2026-01-08 00:00:00,,,300000.0,,,,,recommended,missing_parseable_work_id,synthetic,wk_dec2087a9576
wk_dee09e57f8ed,,RS,Tamil Nadu,Tamil Nadu,Tirunelveli,TIRUNELVELI(DISTRICT COLLECTOR TIRUNELVELI_IDA),TIRUNELVELI,Shri I.S. Inbadurai (2025-31) (2025-2031),I S INBADURAI,RS_I S INBADURAI,,Elected MP,Street lights,Normal/Others,Normal/Others,,Providing 12 Meter High-mast Light pole with 150W Solar light arrangements before Kallikulam Mechal Adhithoothar Church - Zerman House Northside in Kallikulam Panchayt in Radhapuram Panchayat Union. (6 Nos),Providing 12 Meter High-mast Light pole with 150W Solar light arrangements before Kallikulam Mechal Adhithoothar Church - Zerman House Northside in Kallikulam Panchayt in Radhapuram Panchayat Union. (6 Nos),2025-12-23 00:00:00,,,750000.0,,,,,recommended,missing_parseable_work_id,synthetic,wk_dee09e57f8ed
wk_dee8f98e75b7,,LS,West Bengal,West Bengal,North 24 Parganas,North 24 Parganas(DISTRICT MAGISTRATE NORTH TWENTY FOUR PARGANAS_IDA),NORTH 24 PARGANAS,SK NURUL ISLAM,SK NURUL ISLAM,LS_SK NURUL ISLAM,BASIRHAT,,Construction of common work sheds/ common covered sitting area,Normal/Others,Normal/Others,,Construction of Hat Shed at Baburhat Cow Bazar under Kumarjol G.P & Minakhan Panchayat Samity (Sl.No. 51),Construction of Hat Shed at Baburhat Cow Bazar under Kumarjol G.P & Minakhan Panchayat Samity (Sl.No. 51),2024-09-05 00:00:00,,,1500000.0,,,,,recommended,missing_parseable_work_id,synthetic,wk_dee8f98e75b7
wk_df0cd605d1cc,,RS,Odisha,Odisha,Kendrapada,Kendrapada(DISTRICT COLLECTOR KENDRAPARA_IDA),KENDRAPADA,Smt. Sulata Deo (2022-28) (2022-2028),SULATA DEO,RS_SULATA DEO,,Elected MP,Construction of buildings for community cultural activities,Normal/Others,Normal/Others,,Construction of Market complex,Construction of Market complex,2025-12-12 00:00:00,,,1000000.0,,,,,recommended,missing_parseable_work_id,synthetic,wk_df0cd605d1cc
wk_df1afed4104f,,RS,Tamil Nadu,Tamil Nadu,Cuddalore,CUDDALORE(DISTRICT COLLECTOR CUDDALORE_IDA),CUDDALORE,Shri S. Kalyanasundaram (2022-28) (2022-2028),S KALYANASUNDARAM,RS_S KALYANASUNDARAM,,Elected MP,Construction of boundary walls of existing public and community buildings,Normal/Others,Normal/Others,,"Construction of a Public Distribution System Shop in Tholar Panchayat, Nallur Panchayat Union, Cuddalore District","Construction of a Public Distribution System Shop in Tholar Panchayat, Nallur Panchayat Union, Cuddalore District",2025-02-26 00:00:00,,,300000.0,,,,,recommended,missing_parseable_work_id,synthetic,wk_df1afed4104f
wk_df6f494bfae2,,RS,Maharashtra,Maharashtra,Pune,PUNE(DISTRICT COLLECTOR PUNE_IDA),PUNE,Dr. Medha Vishram Kulkarni (2024-30) (2024-2030),MEDHA VISHRAM KULKARNI,RS_MEDHA VISHRAM KULKARNI,,Elected MP,Construction of community centers and community halls,Normal/Others,Normal/Others,,"Construction of protective wall and community temple in the area of Morwadi, Taluka Bhor, Dist. Pune","Construction of protective wall and community temple in the area of Morwadi, Taluka Bhor, Dist. Pune",2025-09-15 00:00:00,,,1000000.0,,,,,recommended,missing_parseable_work_id,synthetic,wk_df6f494bfae2
wk_df9c2227cf7a,,RS,Karnataka,Karnataka,Bagalkote,BAGALKOTE(DEPUTY COMMISSIONER BAGALKOT_IDA),BAGALKOTE,Shri Narayanasa K. Bhandage (2024-30) (2024-2030),NARAYANASA K BHANDAGE,RS_NARAYANASA K BHANDAGE,,Elected MP,"Construction of roads, link roads, pathways or any other road with or without drainage system",Normal/Others,Normal/Others,,Construction of C.C. Road from Babu Desayi house to main road in Mallapur village.,Construction of C.C. Road from Babu Desayi house to main road in Mallapur village.,2025-11-20 00:00:00,,,500000.0,,,,,recommended,missing_parseable_work_id,synthetic,wk_df9c2227cf7a
wk_dfb848353858,,RS,Maharashtra,Maharashtra,Amravati,AMRAVATI(DISTRICT COLLECTOR AMRAVATI_IDA),AMRAVATI,Dr. Anil Sukhdeorao Bonde (2022-28) (2022-2028),ANIL SUKHDEORAO BONDE,RS_ANIL SUKHDEORAO BONDE,,Elected MP,Construction of boundary walls of existing public and community buildings,Normal/Others,Normal/Others,,Construction of boundary wall to Amrutvan At PALA MORSHI,Construction of boundary wall to Amrutvan At PALA MORSHI,2025-08-29 00:00:00,,,1000000.0,,,,,recommended,missing_parseable_work_id,synthetic,wk_dfb848353858
wk_e0162f206887,,RS,Madhya Pradesh,Madhya Pradesh,Ujjain,UJJAIN(DISTRICT COLLECTOR UJJAIN_IDA),UJJAIN,Shri Balyogi Umeshnath (2024-30) (2024-2030),BALYOGI UMESHNATH,RS_BALYOGI UMESHNATH,,Elected MP,Construction of community centers and community halls,Trust and Society,Trust and Society,,Ujjain agrawal vikas samiti ujjain me alaknanda shoping complex ke samne samudayik bhawan nirman,Ujjain agrawal vikas samiti ujjain me alaknanda shoping complex ke samne samudayik bhawan nirman,2025-07-18 00:00:00,,,800000.0,,,,,recommended,missing_parseable_work_id,synthetic,wk_e0162f206887
wk_e02114ddb5bd,,RS,Maharashtra,Maharashtra,Amravati,AMRAVATI(DISTRICT COLLECTOR AMRAVATI_IDA),AMRAVATI,Dr. Anil Sukhdeorao Bonde (2022-28) (2022-2028),ANIL SUKHDEORAO BONDE,RS_ANIL SUKHDEORAO BONDE,,Elected MP,Construction of rooms and halls in school and colleges,Normal/Others,Normal/Others,,"construction of rooms at Gramvikas Secondary and Higher Secondary School Ambada, Morshi","construction of rooms at Gramvikas Secondary and Higher Secondary School Ambada, Morshi",2025-11-03 00:00:00,,,1000000.0,,,,,recommended,missing_parseable_work_id,synthetic,wk_e02114ddb5bd
wk_e02248b068f5,,RS,Maharashtra,Maharashtra,Pune,PUNE(DISTRICT COLLECTOR PUNE_IDA),PUNE,Dr. Medha Vishram Kulkarni (2024-30) (2024-2030),MEDHA VISHRAM KULKARNI,RS_MEDHA VISHRAM KULKARNI,,Elected MP,Development of public parks,Repair and Renovation,Repair and Renovation,,Repairing childrens toys near Pashan Lake in ward no 9,Repairing childrens toys near Pashan Lake in ward no 9,2025-05-23 00:00:00,,,1000000.0,,,,,recommended,missing_parseable_work_id,synthetic,wk_e02248b068f5
wk_e028aa231b1b,,RS,Madhya Pradesh,Madhya Pradesh,Dewas,DEWAS(DISTRICT COLLECTOR DEWAS_IDA),DEWAS,Shri Vivek K. Tankha (2022-28) (2022-2028),VIVEK K TANKHA,RS_VIVEK K TANKHA,,Elected MP,Purchase of books and periodicals for libraries/digitization of library books,Normal/Others,Normal/Others,,"Abhibhashak Sangh Kannod, Nagar Panchayat Kannod, District Dewas ki Library hetu Books ki Khrid (Mention in letter no. 4025 at column no.2)","Abhibhashak Sangh Kannod, Nagar Panchayat Kannod, District Dewas ki Library hetu Books ki Khrid (Mention in letter no. 4025 at column no.2)",2025-04-19 00:00:00,,,25000.0,,,,,recommended,missing_parseable_work_id,synthetic,wk_e028aa231b1b
wk_e0c408697779,,RS,Maharashtra,Maharashtra,Nanded,NANDED(DISTRICT COLLECTOR NANDED_IDA),NANDED,Dr. Ajeet Madhavrao Gopchade (2024-30) (2024-2030),AJEET MADHAVRAO GOPCHADE,RS_AJEET MADHAVRAO GOPCHADE,,Elected MP,Construction of community centers and community halls,Normal/Others,Normal/Others,,"Construction of Sabhamandap in the area of Grampanchayat of Village Hawarga Tq. Deglur, Dist. Nanded","Construction of Sabhamandap in the area of Grampanchayat of Village Hawarga Tq. Deglur, Dist. Nanded",2025-09-15 00:00:00,,,1000000.0,,,,,recommended,missing_parseable_work_id,synthetic,wk_e0c408697779
wk_e0e48a64d186,,LS,Odisha,Odisha,Kataka,Kataka(DISTRICT COLLECTOR CUTTACK_IDA),KATAKA,Shri Bhartruhari Mahtab,BHARTRUHARI MAHTAB,LS_BHARTRUHARI MAHTAB,CUTTACK,,Construction of night shelters for homeless,Normal/Others,Normal/Others,,"CONSTRUCTION OF UTKALMANI GOPABANDHU OLD AGE HOME IN VILLAGE ERANCH, 42 MOUZA, CUTTACK","CONSTRUCTION OF UTKALMANI GOPABANDHU OLD AGE HOME IN VILLAGE ERANCH, 42 MOUZA, CUTTACK",2024-11-08 00:00:00,,,950000.0,,,,,recommended,missing_parseable_work_id,synthetic,wk_e0e48a64d186
wk_e0eaf050bc8b,,RS,Puducherry,Puducherry,Puducherry,Puducherry(PROJECT DIRECTOR RDA PUDUCHERRY_IDA),PUDUCHERRY,Shri S. Selvaganabathy (2021-27) (2021-2027),S SELVAGANABATHY,RS_S SELVAGANABATHY,,Elected MP,Purchase of books and periodicals for libraries/digitization of library books,Normal/Others,Normal/Others,,French Inthiya Viduthalai poraatam,French Inthiya Viduthalai poraatam,2025-09-26 00:00:00,,,345000.0,,,,,recommended,missing_parseable_work_id,synthetic,wk_e0eaf050bc8b
wk_e168cd4857f3,,RS,Uttarakhand,Uttarakhand,Haridwar,HARIDWAR(DISTRICT MAGISTRATE HARIDWAR_IDA),HARIDWAR,Shri Naresh Bansal (2020-26) (2020-2026),NARESH BANSAL,RS_NARESH BANSAL,,Elected MP,Improvement of electricity distribution infrastructure,Normal/Others,Normal/Others,,"gali number 4,safipur, subashnagar mein gharo ke uper se high voltage line ko sthannatrit karne ke ka karya.ia karyadia sanstatha -electricity distribution division ramnagar","gali number 4,safipur, subashnagar mein gharo ke uper se high voltage line ko sthannatrit karne ke ka karya.ia karyadia sanstatha -electricity distribution division ramnagar",2025-05-21 00:00:00,,,67472.0,,,,,recommended,missing_parseable_work_id,synthetic,wk_e168cd4857f3
wk_e17e746f676a,,RS,West Bengal,West Bengal,Malda,Malda(DISTRICT MAGISTRATE MALDA_IDA),MALDA,Shri Samik Bhattacharya (2024-30) (2024-2030),SAMIK BHATTACHARYA,RS_SAMIK BHATTACHARYA,,Elected MP,"Construction of roads, link roads, pathways or any other road with or without drainage system",Normal/Others,Normal/Others,,"Construction of CC Road from Pirtala towards ICDS centre at Habibpur GP,Under Habibpur Development Block.","Construction of CC Road from Pirtala towards ICDS centre at Habibpur GP,Under Habibpur Development Block.",2025-10-09 00:00:00,,,400000.0,,,,,recommended,missing_parseable_work_id,synthetic,wk_e17e746f676a
wk_e1aec6abd54b,,LS,Bihar,Bihar,Purbi Champaran,PURBI CHAMPARAN(DISTRICT PLANNING OFFICER MOTHIHARI EAST CHAMPARAN_IDA),PURBI CHAMPARAN,Radha Mohan Singh,RADHA MOHAN SINGH,LS_RADHA MOHAN SINGH,PURVI CHAMPARAN,,Development of public parks,Normal/Others,Normal/Others,,MOTIHARI NAGAR KE MAHATMA GANDHI MARG ME CHARKHA PARK KE AAGE CHAURAHE KA SAUNDRAYIKARAN EWAM VIKAS KARYA KA NIRMAN.,MOTIHARI NAGAR KE MAHATMA GANDHI MARG ME CHARKHA PARK KE AAGE CHAURAHE KA SAUNDRAYIKARAN EWAM VIKAS KARYA KA NIRMAN.,2024-08-05 00:00:00,,,1495500.0,,,,,recommended,missing_parseable_work_id,synthetic,wk_e1aec6abd54b
wk_e1dfaa560aba,,LS,Uttar Pradesh,Uttar Pradesh,Auraiya,AURAIYA(DISTRICT MAGISTRATE AURAIYA_IDA),AURAIYA,AKHILESH YADAV,AKHILESH YADAV,LS_AKHILESH YADAV,KANNAUJ,,Lighting of public spaces,Normal/Others,Normal/Others,,"Installation work of a solar power light near the house of Shri Shilu Yadav, son of Ramprakash village Kataiya post Badhin Bidhuna, district Auraiya. By-Shri Tyagi Yadav 9457369650","Installation work of a solar power light near the house of Shri Shilu Yadav, son of Ramprakash village Kataiya post Badhin Bidhuna, district Auraiya. By-Shri Tyagi Yadav 9457369650",2024-12-10 00:00:00,,,15500.0,,,,,recommended,missing_parseable_work_id,synthetic,wk_e1dfaa560aba
wk_e1e2c084e163,,LS,Tamil Nadu,Tamil Nadu,Thoothukkudi,Thoothukkudi(DISTRICT COLLECTOR THOOTHUKUDI_IDA),THOOTHUKKUDI,Kanimozhi Karunanidhi,KANIMOZHI KARUNANIDHI,LS_KANIMOZHI KARUNANIDHI,THOOTHUKKUDI,,"Construction of Government office buildings (Post office, Police station, Police chauki, etc.)",Normal/Others,Normal/Others,,Construction of Multipurpose Hall at Kayalpattinam Bus stand in Kayalpattinam Municipality - Ward 10,Construction of Multipurpose Hall at Kayalpattinam Bus stand in Kayalpattinam Municipality - Ward 10,2024-11-21 00:00:00,,,4000000.0,,,,,recommended,missing_parseable_work_id,synthetic,wk_e1e2c084e163
wk_e2015c271161,,RS,Assam,Assam,Sivasagar,SIVASAGAR(Deputy Commissioner Sivsagar_IDA),SIVASAGAR,Shri Pabitra Margherita (2022-28) (2022-2028),PABITRA MARGHERITA,RS_PABITRA MARGHERITA,,Elected MP,Construction of community centers and community halls,Normal/Others,Normal/Others,,CONSTRUCTION OF COMMUNITY HALL AT JESTO NAGORIK SANMILAN KARJAYALAY NAZIRA,CONSTRUCTION OF COMMUNITY HALL AT JESTO NAGORIK SANMILAN KARJAYALAY NAZIRA,2026-01-27 00:00:00,,,1000000.0,,,,,recommended,missing_parseable_work_id,synthetic,wk_e2015c271161
wk_e20df11362af,,LS,Bihar,Bihar,Supaul,SUPAUL(DISTRICT PLANNING OFFICER SUPAUL_IDA),SUPAUL,Dileshwar Kamait,DILESHWAR KAMAIT,LS_DILESHWAR KAMAIT,SUPAUL,,Lighting of public spaces,Normal/Others,Normal/Others,,HIGH MAST LIGHT KA ADHISTHAPAN-1,HIGH MAST LIGHT KA ADHISTHAPAN-1,2024-09-07 00:00:00,,,925000.0,,,,,recommended,missing_parseable_work_id,synthetic,wk_e20df11362af
wk_e2eb84531eba,,RS,Gujarat,Gujarat,Banas Kantha,BANAS KANTHA(DISTRICT COLLECTOR BANAS KANTHA_IDA),BANAS KANTHA,Shri Babubhai Jesangbhai Desai (2023-29) (2023-2029),BABUBHAI JESANGBHAI DESAI,RS_BABUBHAI JESANGBHAI DESAI,,Elected MP,Construction of community centers and community halls,Repair and Renovation,Repair and Renovation,,"Palanpur Ta.Palanpur, Renovation work of conference hall at District Planning Office Banaskatha (2025-26)","Palanpur Ta.Palanpur, Renovation work of conference hall at District Planning Office Banaskatha (2025-26)",2025-08-29 00:00:00,,,1000000.0,,,,,recommended,missing_parseable_work_id,synthetic,wk_e2eb84531eba
wk_e306a923c514,,RS,Maharashtra,Maharashtra,Amravati,AMRAVATI(DISTRICT COLLECTOR AMRAVATI_IDA),AMRAVATI,Dr. Anil Sukhdeorao Bonde (2022-28) (2022-2028),ANIL SUKHDEORAO BONDE,RS_ANIL SUKHDEORAO BONDE,,Elected MP,Development of public parks,Normal/Others,Normal/Others,,Development of public park at Sawangi,Development of public park at Sawangi,2025-11-24 00:00:00,,,1000000.0,,,,,recommended,missing_parseable_work_id,synthetic,wk_e306a923c514
wk_e347bc4f8905,,RS,Odisha,Odisha,Baleshwar,Baleshwar(DISTRICT COLLECTOR BALESHWAR_IDA),BALESHWAR,Smt. Sulata Deo (2022-28) (2022-2028),SULATA DEO,RS_SULATA DEO,,Elected MP,Construction of rooms and halls in school and colleges,Normal/Others,Normal/Others,,"Completion of Class room at Upendra Prasada Uchha Bidyamandira Ohada Panchayat Achyutpur, Block Khaira","Completion of Class room at Upendra Prasada Uchha Bidyamandira Ohada Panchayat Achyutpur, Block Khaira",2025-05-28 00:00:00,,,300000.0,,,,,recommended,missing_parseable_work_id,synthetic,wk_e347bc4f8905
wk_e34b2639d6fa,,RS,Uttar Pradesh,Uttar Pradesh,Ghazipur,GHAZIPUR(DISTRICT MAGISTRAE GHAZIPUR_IDA),GHAZIPUR,Dr. Sangeeta Balwant (2024-30) (2024-2030),SANGEETA BALWANT,RS_SANGEETA BALWANT,,Elected MP,"Construction of roads, link roads, pathways or any other road with or without drainage system",Normal/Others,Normal/Others,,VIKAS KHAND SADAR KE GRAM PANCHAYAT MAHRAJGANJ ME TRILOKI NATH GUPTA KE GHAR SE ASHUTOSH SINGH KE MAKAN HOTE HUYE BUDHIRAM BIND KE GHAR KE SAMNE GADAHI TAK DHAKKANDAR NALI NIRMAN KARY LENGHT LAGBHAG 180 METER,VIKAS KHAND SADAR KE GRAM PANCHAYAT MAHRAJGANJ ME TRILOKI NATH GUPTA KE GHAR SE ASHUTOSH SINGH KE MAKAN HOTE HUYE BUDHIRAM BIND KE GHAR KE SAMNE GADAHI TAK DHAKKANDAR NALI NIRMAN KARY LENGHT LAGBHAG 180 METER,2025-08-05 00:00:00,,,497000.0,,,,,recommended,missing_parseable_work_id,synthetic,wk_e34b2639d6fa
wk_e3a77cf5bf2a,,RS,Kerala,Kerala,Kottayam,KOTTAYAM(DISTRICT COLLECTOR KOTTAYAM_IDA),KOTTAYAM,Shri Jose K. Mani (2024-30) (2024-2030),JOSE K MANI,RS_JOSE K MANI,,Elected MP,"Construction of roads, link roads, pathways or any other road with or without drainage system",Normal/Others,Normal/Others,,Construction of Kalathil - Muslim Pally Road CAT SC,Construction of Kalathil - Muslim Pally Road CAT SC,2025-05-22 00:00:00,,,700000.0,,,,,recommended,missing_parseable_work_id,synthetic,wk_e3a77cf5bf2a
wk_e3b154afe721,,RS,Uttar Pradesh,Uttar Pradesh,Kushinagar,Kushinagar(DISTRICT MAGISTRATE KUSHINAGAR PADRAUNA_IDA),KUSHINAGAR,Shri Ratanjit Pratap Narain Singh (2024-30) (2024-2030),RATANJIT PRATAP NARAIN SINGH,RS_RATANJIT PRATAP NARAIN SINGH,,Elected MP,Construction of rooms and halls in school and colleges,Normal/Others,Normal/Others,,Panchayat Laghu Madhyamik Vidyalaya Indarpur mein Boundary Wall ke liye.,Panchayat Laghu Madhyamik Vidyalaya Indarpur mein Boundary Wall ke liye.,2025-07-20 00:00:00,,,400000.0,,,,,recommended,missing_parseable_work_id,synthetic,wk_e3b154afe721
wk_e3cac86a5a1b,,RS,Maharashtra,Maharashtra,Bhandara,BHANDARA(DISTRICT COLLECTOR BHANDARA_IDA),BHANDARA,Shri Praful Patel (2024-30) (2024-2030),PRAFUL PATEL,RS_PRAFUL PATEL,,Elected MP,Construction of community centers and community halls,Normal/Others,Normal/Others,,DIGHORI MOTHI ME Ramesh Chunne se Nandu Karanjekar ke khet tak Cement Road Nirman,DIGHORI MOTHI ME Ramesh Chunne se Nandu Karanjekar ke khet tak Cement Road Nirman,2025-06-05 00:00:00,,,500000.0,,,,,recommended,missing_parseable_work_id,synthetic,wk_e3cac86a5a1b
wk_e44c669e1f1b,,RS,Karnataka,Karnataka,Hassan,HASSAN(DEPUTY COMMISSIONER HASSAN_IDA),HASSAN,Shri G.C. Chandrashekhar (2024-30) (2024-2030),G C CHANDRASHEKHAR,RS_G C CHANDRASHEKHAR,,Elected MP,"Construction of roads, link roads, pathways or any other road with or without drainage system",Normal/Others,Normal/Others,,"development of road from Ramakrishnegouda property to kaluve at Hassan district, Arakalagudu talluk, Navile village, Kattepura Grama Panchayath","development of road from Ramakrishnegouda property to kaluve at Hassan district, Arakalagudu talluk, Navile village, Kattepura Grama Panchayath",2025-06-28 00:00:00,,,500000.0,,,,,recommended,missing_parseable_work_id,synthetic,wk_e44c669e1f1b
wk_e466af152838,,RS,Jharkhand,Jharkhand,Giridih,GIRIDIH(Deputy Commissioner Giridh_IDA),GIRIDIH,Dr. Sarfraz Ahmad (2024-30) (2024-2030),SARFRAZ AHMAD,RS_SARFRAZ AHMAD,,Elected MP,Construction of public toilets and bathrooms,Normal/Others,Normal/Others,,"Construction of a community toilet near Naseem house in Karmai village, Bankikala Panchayat, Gandey block.","Construction of a community toilet near Naseem house in Karmai village, Bankikala Panchayat, Gandey block.",2026-01-24 00:00:00,,,100000.0,,,,,recommended,missing_parseable_work_id,synthetic,wk_e466af152838
wk_e4692458db79,,RS,Andhra Pradesh,Andhra Pradesh,Hanumakonda,HANUMAKONDA(DISTRICT COLLECTOR HANUMAKONDA_IDA),HANUMAKONDA,Shri V. Vijayendra Prasad (2022-28) (2022-2028),V VIJAYENDRA PRASAD,RS_V VIJAYENDRA PRASAD,,Nominated MP,Construction of community centers and community halls,Normal/Others,Normal/Others,,"Construction of Community hall near Sitaramaanjaneya temple,Gopalpur,Hanamkonda","Construction of Community hall near Sitaramaanjaneya temple,Gopalpur,Hanamkonda",2025-04-07 00:00:00,,,5000000.0,,,,,recommended,missing_parseable_work_id,synthetic,wk_e4692458db79
wk_e49248da4716,,RS,Uttar Pradesh,Uttar Pradesh,Lucknow,LUCKNOW(DISTRICT MAGISTRAE LUCKNOW_IDA),LUCKNOW,Shri Sanjay Seth (2024-30) (2024-2030),SANJAY SETH,RS_SANJAY SETH,,Elected MP,Construction of rooms and halls in school and colleges,Trust and Society,Trust and Society,,Construction of class room and others in Lala ramswaroop siksha sansthan inter college banthara lucknow,Construction of class room and others in Lala ramswaroop siksha sansthan inter college banthara lucknow,2025-08-28 00:00:00,,,1000000.0,,,,,recommended,missing_parseable_work_id,synthetic,wk_e49248da4716
wk_e4a6d9d420a7,,RS,Kerala,Kerala,Kasaragod,KASARAGOD(DISTRICT COLLECTOR KASARAGOD_IDA),KASARAGOD,Shri Abdul Wahab (2021-27) (2021-2027),ABDUL WAHAB,RS_ABDUL WAHAB,,Elected MP,Lighting of public spaces,Normal/Others,Normal/Others,,"Setting up of Low mast light at Uppala town nearby Taluk office, Ward no.04, Magalpady Panchayat","Setting up of Low mast light at Uppala town nearby Taluk office, Ward no.04, Magalpady Panchayat",2025-09-22 00:00:00,,,200000.0,,,,,recommended,missing_parseable_work_id,synthetic,wk_e4a6d9d420a7
wk_e4b27d3cd242,,LS,Madhya Pradesh,Madhya Pradesh,Narmadapuram,NARMADAPURAM(DISTRICT COLLECTOR NARMADAPURAM_IDA),NARMADAPURAM,DARSHAN SINGH CHOUDHARY,DARSHAN SINGH CHOUDHARY,LS_DARSHAN SINGH CHOUDHARY,HOSHANGABAD,,Installation of multi-gym equipment,Normal/Others,Normal/Others,,"required gym an equipment for the better health, contact person sarpanch sh. lalji mehra contact no 9617787124","required gym an equipment for the better health, contact person sarpanch sh. lalji mehra contact no 9617787124",2024-12-19 00:00:00,,,50000.0,,,,,recommended,missing_parseable_work_id,synthetic,wk_e4b27d3cd242
wk_e4ca49c99c9d,,RS,Odisha,Odisha,Nayagada,Nayagada(DISTRICT COLLECTOR NAYAGARH_IDA),NAYAGADA,Smt. Sulata Deo (2022-28) (2022-2028),SULATA DEO,RS_SULATA DEO,,Elected MP,Construction of community centers and community halls,Normal/Others,Normal/Others,,"Construction of Nayagarh club at Lekhanpur Village GP-Nabaghanpur, Block-Nayagarh","Construction of Nayagarh club at Lekhanpur Village GP-Nabaghanpur, Block-Nayagarh",2025-07-03 00:00:00,,,500000.0,,,,,recommended,missing_parseable_work_id,synthetic,wk_e4ca49c99c9d
wk_e51eef8004eb,,RS,Kerala,Kerala,Palakkad,PALAKKAD(DISTRICT COLLECTOR PALAKKAD_IDA),PALAKKAD,Shri Abdul Wahab (2021-27) (2021-2027),ABDUL WAHAB,RS_ABDUL WAHAB,,Elected MP,Construction of rooms and halls in school and colleges,Normal/Others,Normal/Others,,"Construction of building for library for GHS Manikkaparamb, Thachanattukara Panchayat","Construction of building for library for GHS Manikkaparamb, Thachanattukara Panchayat",2025-10-21 00:00:00,,,600000.0,,,,,recommended,missing_parseable_work_id,synthetic,wk_e51eef8004eb
wk_e52aad421b1f,,RS,Telangana,Telangana,Mahabubabad,MAHABUBABAD(DISTRICT COLLECTOR MAHABUBABAD_IDA),MAHABUBABAD,Shri Ravi Chandra Vaddiraju (2024-30) (2024-2030),RAVI CHANDRA VADDIRAJU,RS_RAVI CHANDRA VADDIRAJU,,Elected MP,"Construction of roads, link roads, pathways or any other road with or without drainage system",Normal/Others,Normal/Others,,"Construction of Compound Wall to ZP High School at Komatipally(V), Kesamudram(M), Mahabubabad(Dt)","Construction of Compound Wall to ZP High School at Komatipally(V), Kesamudram(M), Mahabubabad(Dt)",2025-05-25 00:00:00,,,499000.0,,,,,recommended,missing_parseable_work_id,synthetic,wk_e52aad421b1f
wk_e5425f386f7d,,RS,Kerala,Kerala,Thiruvananthapuram,THIRUVANANTHAPURAM(DISTRICT COLLECTOR THIRUVANANTHAPURAM_IDA),THIRUVANANTHAPURAM,Shri C. Sadanandan Master (2025-31) (2025-2031),C SADANANDAN MASTER,RS_C SADANANDAN MASTER,,Nominated MP,Construction of buildings for crèches and anganwadies,Normal/Others,Normal/Others,,"Truss work for Kukkuruni anganwadi, No 68 in Vandannur ward (14) in Maranellur gramapanchayath","Truss work for Kukkuruni anganwadi, No 68 in Vandannur ward (14) in Maranellur gramapanchayath",2025-11-06 00:00:00,,,150000.0,,,,,recommended,missing_parseable_work_id,synthetic,wk_e5425f386f7d
wk_e55c036a789d,,RS,Tamil Nadu,Tamil Nadu,Ramanathapuram,RAMANATHAPURAM(DISTRICT COLLECTOR RAMANATHAPURAM_IDA),RAMANATHAPURAM,Shri R. Dharmar (2022-28) (2022-2028),R DHARMAR,RS_R DHARMAR,,Elected MP,Construction of public irrigation facilities,Normal/Others,Normal/Others,,Construction of Bhathing Ghat in Subiramaiyapuram Village at Vilangalathur Panchyat,Construction of Bhathing Ghat in Subiramaiyapuram Village at Vilangalathur Panchyat,2025-07-15 00:00:00,,,300000.0,,,,,recommended,missing_parseable_work_id,synthetic,wk_e55c036a789d
wk_e5b7249551b6,,RS,Kerala,Kerala,Malappuram,MALAPPURAM(DISTRICT COLLECTOR MALAPPURAM_IDA),MALAPPURAM,Shri Abdul Wahab (2021-27) (2021-2027),ABDUL WAHAB,RS_ABDUL WAHAB,,Elected MP,"Purchase of IT systems, including hardware and software for educational purposes",Normal/Others,Normal/Others,,"Purchasing of Computers for GUPS Pulliyil, Ward no. 01, Karulai Panchayat","Purchasing of Computers for GUPS Pulliyil, Ward no. 01, Karulai Panchayat",2025-07-21 00:00:00,,,300000.0,,,,,recommended,missing_parseable_work_id,synthetic,wk_e5b7249551b6
wk_e5ebf7a698fc,,RS,Maharashtra,Maharashtra,Nanded,NANDED(DISTRICT COLLECTOR NANDED_IDA),NANDED,Shri Ashokrao Shankarrao Chavan (2024-30) (2024-2030),ASHOKRAO SHANKARRAO CHAVAN,RS_ASHOKRAO SHANKARRAO CHAVAN,,Elected MP,Installation of fixed garden gym equipment,Normal/Others,Normal/Others,,"Installation of exercise material (open gym) in the open space at Mauje Degaon (BK.), Taluka Ardhapur, District Nanded","Installation of exercise material (open gym) in the open space at Mauje Degaon (BK.), Taluka Ardhapur, District Nanded",2024-12-15 00:00:00,,,700000.0,,,,,recommended,missing_parseable_work_id,synthetic,wk_e5ebf7a698fc
wk_e62441fae2a5,,RS,Karnataka,Karnataka,Dharwad,DHARWAD(DEPUTY COMMISSIONER DHARWAR_IDA),DHARWAD,Shri Narayanasa K. Bhandage (2024-30) (2024-2030),NARAYANASA K BHANDAGE,RS_NARAYANASA K BHANDAGE,,Elected MP,Construction of community centers and community halls,Trust and Society,Trust and Society,,Construction of Community Hall.,Construction of Community Hall.,2024-11-26 00:00:00,,,750000.0,,,,,recommended,missing_parseable_work_id,synthetic,wk_e62441fae2a5
wk_e63b4afcf5ca,,RS,Maharashtra,Maharashtra,Raigad,RAIGAD(DISTRICT COLLECTOR RAIGAD_IDA),RAIGAD,Dr. Ajeet Madhavrao Gopchade (2024-30) (2024-2030),AJEET MADHAVRAO GOPCHADE,RS_AJEET MADHAVRAO GOPCHADE,,Elected MP,Construction of boundary walls of existing public and community buildings,Trust and Society,Trust and Society,,"Construction of boundary walls to the Goshala of Shri Swami Samarth Gowardhan Seva Santha at Turbhe (Bk.) Tq. Poladpur, Dist. Raigad","Construction of boundary walls to the Goshala of Shri Swami Samarth Gowardhan Seva Santha at Turbhe (Bk.) Tq. Poladpur, Dist. Raigad",2025-09-09 00:00:00,,,2000000.0,,,,,recommended,missing_parseable_work_id,synthetic,wk_e63b4afcf5ca
wk_e64b933d7ddc,,LS,Karnataka,Karnataka,Udupi,UDUPI(DEPUTY COMMISSIONER UDUPI_IDA),UDUPI,KOTA SRINIVAS POOJARY,KOTA SRINIVAS POOJARY,LS_KOTA SRINIVAS POOJARY,UDUPI CHIKMAGALUR,,"Construction of roads, link roads, pathways or any other road with or without drainage system",Normal/Others,Normal/Others,,"Udupi District, Kapu Vidhan Sabha Constituency, 80 Badgubettu Grama Panchayath, Dasharath Nagar first Ward Road Development work.","Udupi District, Kapu Vidhan Sabha Constituency, 80 Badgubettu Grama Panchayath, Dasharath Nagar first Ward Road Development work.",2024-10-29 00:00:00,,,500000.0,,,,,recommended,missing_parseable_work_id,synthetic,wk_e64b933d7ddc
wk_e67176c0646b,,RS,Odisha,Odisha,Puri,PURI(DISTRICT COLLECTOR PURI_IDA),PURI,Shri Subhasish Khuntia (2024-30) (2024-2030),SUBHASISH KHUNTIA,RS_SUBHASISH KHUNTIA,,Elected MP,Construction of community centers and community halls,Normal/Others,Normal/Others,,"COnstruction of Community Center at Bisuni Jaga, Ramachandi Sahi","COnstruction of Community Center at Bisuni Jaga, Ramachandi Sahi",2026-01-09 00:00:00,,,500000.0,,,,,recommended,missing_parseable_work_id,synthetic,wk_e67176c0646b
wk_e6f747c86569,,RS,Odisha,Odisha,Nayagada,Nayagada(DISTRICT COLLECTOR NAYAGARH_IDA),NAYAGADA,Shri Subhasish Khuntia (2024-30) (2024-2030),SUBHASISH KHUNTIA,RS_SUBHASISH KHUNTIA,,Elected MP,Construction of community centers and community halls,Repair and Renovation,Repair and Renovation,,Improvement of Giri Gobardhan Community Center at Khilipatna.,Improvement of Giri Gobardhan Community Center at Khilipatna.,2025-09-26 00:00:00,,,200000.0,,,,,recommended,missing_parseable_work_id,synthetic,wk_e6f747c86569
wk_e74809e94664,,LS,West Bengal,West Bengal,Malda,Malda(DISTRICT MAGISTRATE MALDA_IDA),MALDA,ISHA KHAN CHOUDHURY,ISHA KHAN CHOUDHURY,LS_ISHA KHAN CHOUDHURY,MALDAHA DAKSHIN,,Providing drains and gutters for public drainage,Normal/Others,Normal/Others,,Installation of Covered Drain from Sadipur Pry. School to Jamal Sk. House at Sadipur under,Installation of Covered Drain from Sadipur Pry. School to Jamal Sk. House at Sadipur under,2024-12-19 00:00:00,,,800000.0,,,,,recommended,missing_parseable_work_id,synthetic,wk_e74809e94664
wk_e76189573aec,,RS,Maharashtra,Maharashtra,Nanded,NANDED(DISTRICT COLLECTOR NANDED_IDA),NANDED,Dr. Ajeet Madhavrao Gopchade (2024-30) (2024-2030),AJEET MADHAVRAO GOPCHADE,RS_AJEET MADHAVRAO GOPCHADE,,Elected MP,Construction of community centers and community halls,Normal/Others,Normal/Others,,Construction of Sabhamandap in the area of Grampanchayat Near Hanuman Mandir at Harnala Tq. Biloli Dist. Nanded,Construction of Sabhamandap in the area of Grampanchayat Near Hanuman Mandir at Harnala Tq. Biloli Dist. Nanded,2025-10-24 00:00:00,,,1000000.0,,,,,recommended,missing_parseable_work_id,synthetic,wk_e76189573aec
wk_e787d5e5d7cd,,RS,Delhi,Delhi,South,SOUTH(COMMISSIONER SOUTH),SOUTH,Dr. Meenakshi Jain (2025-31) (2025-2031),MEENAKSHI JAIN,RS_MEENAKSHI JAIN,,Nominated MP,Construction of community centers and community halls,Normal/Others,Normal/Others,,Community Toilets,Community Toilets,2025-12-09 00:00:00,,,8000000.0,,,,,recommended,missing_parseable_work_id,synthetic,wk_e787d5e5d7cd
wk_e7a380b2262e,,RS,Kerala,Kerala,Alappuzha,ALAPPUZHA(DISTRICT COLLECTOR ALAPPUZHA_IDA),ALAPPUZHA,Shri Sandosh Kumar P (2022-28) (2022-2028),SANDOSH KUMAR P,RS_SANDOSH KUMAR P,,Elected MP,"Construction of rooms and facilities for hospitals, FWC , PHC Centers and ANM centers",Normal/Others,Normal/Others,,CONSTRUCTION OF BUILDING FOR X RAY UNIT IN AROOKUTTY COMMUNITY HEALTH CENTRE,CONSTRUCTION OF BUILDING FOR X RAY UNIT IN AROOKUTTY COMMUNITY HEALTH CENTRE,2025-12-31 00:00:00,,,3000000.0,,,,,recommended,missing_parseable_work_id,synthetic,wk_e7a380b2262e
wk_e802368e0bbb,,RS,Karnataka,Karnataka,Chikkamagaluru,CHIKKAMAGALURU(DEPUTY COMMISSIONER CHIKMAGALUR),CHIKKAMAGALURU,Shri Jairam Ramesh (2022-28) (2022-2028),JAIRAM RAMESH,RS_JAIRAM RAMESH,,Elected MP,Construction of buildings for community cultural activities,Normal/Others,Normal/Others,,"To construct Dr. B.R. Ambedkar Bhavana at Seethur Village , N.R Pura Tqn","To construct Dr. B.R. Ambedkar Bhavana at Seethur Village , N.R Pura Tqn",2025-02-28 00:00:00,,,2500000.0,,,,,recommended,missing_parseable_work_id,synthetic,wk_e802368e0bbb
wk_e8306f40b1a7,,RS,Kerala,Kerala,Kozhikode,KOZHIKODE(DISTRICT COLLECTOR KOZHIKODE_IDA),KOZHIKODE,Shri Abdul Wahab (2021-27) (2021-2027),ABDUL WAHAB,RS_ABDUL WAHAB,,Elected MP,Providing drains and gutters for public drainage,Normal/Others,Normal/Others,,"Makkat - Pichappuram road drainage covering slab work, Ward No.03, Olavanna GP, Kozhikode","Makkat - Pichappuram road drainage covering slab work, Ward No.03, Olavanna GP, Kozhikode",2025-03-12 00:00:00,,,500000.0,,,,,recommended,missing_parseable_work_id,synthetic,wk_e8306f40b1a7
wk_e8c286e352de,,RS,Kerala,Kerala,Malappuram,MALAPPURAM(DISTRICT COLLECTOR MALAPPURAM_IDA),MALAPPURAM,Shri Abdul Wahab (2021-27) (2021-2027),ABDUL WAHAB,RS_ABDUL WAHAB,,Elected MP,"Purchase of ambulances (Four, three and two wheelers)",Normal/Others,Normal/Others,,"Purchasing of Ambulance for PMSA Memorial Malappuram District Co-operative Hospital limited, Malappuram Municipality","Purchasing of Ambulance for PMSA Memorial Malappuram District Co-operative Hospital limited, Malappuram Municipality",2025-03-12 00:00:00,,,2857204.0,,,,,recommended,missing_parseable_work_id,synthetic,wk_e8c286e352de
wk_e8f966ef9a26,,LS,Goa,Goa,North Goa,NORTH GOA(DISTRICT COLLECTOR NORTH GOA_IDA),NORTH GOA,Shripad Yesso Naik,SHRIPAD YESSO NAIK,LS_SHRIPAD YESSO NAIK,NORTH GOA,,"Purchase of hearse van (Four, three and two wheelers)",Normal/Others,Normal/Others,,Providing Hearse Van and Mortuary Freezer Box to Valpoi Municipal Council,Providing Hearse Van and Mortuary Freezer Box to Valpoi Municipal Council,2024-12-06 00:00:00,,,1662700.0,,,,,recommended,missing_parseable_work_id,synthetic,wk_e8f966ef9a26
wk_e9434ccfa5c0,,RS,Odisha,Odisha,Mayurbhanj,MAYURBHANJ(DISTRICT COLLECTOR MAYURBHANJ_IDA),MAYURBHANJ,Smt. Sulata Deo (2022-28) (2022-2028),SULATA DEO,RS_SULATA DEO,,Elected MP,"Construction of roads, link roads, pathways or any other road with or without drainage system",Normal/Others,Normal/Others,,Construction of CC Road from Rabindra Behera House to PWD Road Kachilakhunta Badashai Block Village Kochilakhunta GP Kochilakhunta ITDA Baripada,Construction of CC Road from Rabindra Behera House to PWD Road Kachilakhunta Badashai Block Village Kochilakhunta GP Kochilakhunta ITDA Baripada,2025-05-29 00:00:00,,,250000.0,,,,,recommended,missing_parseable_work_id,synthetic,wk_e9434ccfa5c0
wk_e98ecc22775f,,LS,Goa,Goa,North Goa,NORTH GOA(DISTRICT COLLECTOR NORTH GOA_IDA),NORTH GOA,Shripad Yesso Naik,SHRIPAD YESSO NAIK,LS_SHRIPAD YESSO NAIK,NORTH GOA,,Providing garbage collection and disposal systems,Normal/Others,Normal/Others,,garbage collection vehicle to V.P Nachinola,garbage collection vehicle to V.P Nachinola,2024-12-06 00:00:00,,,1689000.0,,,,,recommended,missing_parseable_work_id,synthetic,wk_e98ecc22775f
wk_ea579de38daa,,RS,Madhya Pradesh,Madhya Pradesh,Bhind,BHIND(DISTRICT COLLECTOR BHIND_IDA),BHIND,Shri Vivek K. Tankha (2022-28) (2022-2028),VIVEK K TANKHA,RS_VIVEK K TANKHA,,Elected MP,Installing hand pumps,Normal/Others,Normal/Others,,"Ek Nag Handpump Khanan, Balendru Singh ke ghar ke pas ward no.12, Nagar Panchayat Raun, Mehdawan, District Bhind (mention in letter no.4136 at column no.2)","Ek Nag Handpump Khanan, Balendru Singh ke ghar ke pas ward no.12, Nagar Panchayat Raun, Mehdawan, District Bhind (mention in letter no.4136 at column no.2)",2025-08-21 00:00:00,,,130000.0,,,,,recommended,missing_parseable_work_id,synthetic,wk_ea579de38daa
wk_eaaf367aea65,,LS,West Bengal,West Bengal,North 24 Parganas,North 24 Parganas(DISTRICT MAGISTRATE NORTH TWENTY FOUR PARGANAS_IDA),NORTH 24 PARGANAS,SK NURUL ISLAM,SK NURUL ISLAM,LS_SK NURUL ISLAM,BASIRHAT,,Construction of rooms and halls in school and colleges,Trust and Society,Trust and Society,,Development of building of Biramnagar Madrasatun Nabawi run under Sangrampur Shibhati G.P & Basirhat I Panchayat Samity. (Sl.No.-1),Development of building of Biramnagar Madrasatun Nabawi run under Sangrampur Shibhati G.P & Basirhat I Panchayat Samity. (Sl.No.-1),2024-09-20 00:00:00,,,2000000.0,,,,,recommended,missing_parseable_work_id,synthetic,wk_eaaf367aea65
wk_eac4f3685bc9,,RS,Karnataka,Karnataka,Shivamogga,SHIVAMOGGA(DEPUTY COMMISSIONER SHIMOGA_IDA),SHIVAMOGGA,Shri Lahar Singh Siroya (2022-28) (2022-2028),LAHAR SINGH SIROYA,RS_LAHAR SINGH SIROYA,,Elected MP,Construction of rooms and halls in school and colleges,Normal/Others,Normal/Others,,"Construction of class rooms at Shah Dhanaraj Hemaraj School, in Shikaripura town","Construction of class rooms at Shah Dhanaraj Hemaraj School, in Shikaripura town",2025-05-29 00:00:00,,,2500000.0,,,,,recommended,missing_parseable_work_id,synthetic,wk_eac4f3685bc9
wk_eadc076c89ab,,RS,Uttar Pradesh,Uttar Pradesh,Shamli,SHAMLI(DISTRICT MAGISTRATE SHAMLI_IDA),SHAMLI,Dr. Laxmikant Bajpayee (2022-28) (2022-2028),LAXMIKANT BAJPAYEE,RS_LAXMIKANT BAJPAYEE,,Elected MP,Street lights,Normal/Others,Normal/Others,,6 Solar Street Lights,6 Solar Street Lights,2025-08-30 00:00:00,,,92184.0,,,,,recommended,missing_parseable_work_id,synthetic,wk_eadc076c89ab
wk_eaebddc95d26,,LS,Uttarakhand,Uttarakhand,Tehri Garhwal,TEHRI GARHWAL(DISTRICT MAGISTRATE TEHRI GARHWAL_IDA),TEHRI GARHWAL,Mala Rajya Laxmi Shah,MALA RAJYA LAXMI SHAH,LS_MALA RAJYA LAXMI SHAH,TEHRI GARHWAL,,Construction of footpaths and pedestrian ways,Normal/Others,Normal/Others,,"Tehri Garhwal ke koti colony me D- type me CC Marg nirman kary,","Tehri Garhwal ke koti colony me D- type me CC Marg nirman kary,",2024-11-24 00:00:00,,,100000.0,,,,,recommended,missing_parseable_work_id,synthetic,wk_eaebddc95d26
wk_eb20b74a5c9b,,RS,Assam,Assam,Sivasagar,SIVASAGAR(Deputy Commissioner Sivsagar_IDA),SIVASAGAR,Shri Pabitra Margherita (2022-28) (2022-2028),PABITRA MARGHERITA,RS_PABITRA MARGHERITA,,Elected MP,Construction of community centers and community halls,Normal/Others,Normal/Others,,CONSTRUCTION OF JESTO NAGAROIK SANMILAN KARJAYALAY SIMALUGURI,CONSTRUCTION OF JESTO NAGAROIK SANMILAN KARJAYALAY SIMALUGURI,2026-01-27 00:00:00,,,1000000.0,,,,,recommended,missing_parseable_work_id,synthetic,wk_eb20b74a5c9b
wk_eb38d380be35,,RS,Rajasthan,Rajasthan,Pali,PALI(DISTRICT COLLECTOR PALI_IDA),PALI,Shri Madan Rathore (2024-30) (2024-2030),MADAN RATHORE,RS_MADAN RATHORE,,Elected MP,Construction of bus-sheds or bus-stops,Normal/Others,Normal/Others,,Public Bus Stand Construction Work at Village Deotara,Public Bus Stand Construction Work at Village Deotara,2025-02-06 00:00:00,,,500000.0,,,,,recommended,missing_parseable_work_id,synthetic,wk_eb38d380be35
wk_eb6eeeaaffdd,,RS,Uttar Pradesh,Uttar Pradesh,Moradabad,MORADABAD(DISTRICT MAGISTRATE MORADABAD_IDA),MORADABAD,Shri Javed Ali Khan (2022-28) (2022-2028),JAVED ALI KHAN,RS_JAVED ALI KHAN,,Elected MP,Improvement of electricity distribution infrastructure,Normal/Others,Normal/Others,,INSTALLATION OF ELECTRIC TRANSFERMOR 63 KVA AT RAMPUR BHILA C/O MUDASSIR KHAN,INSTALLATION OF ELECTRIC TRANSFERMOR 63 KVA AT RAMPUR BHILA C/O MUDASSIR KHAN,2023-08-10 00:00:00,,,166000.0,,,,,recommended,missing_parseable_work_id,synthetic,wk_eb6eeeaaffdd
wk_ebccd9de1ac6,,RS,Karnataka,Karnataka,Hassan,HASSAN(DEPUTY COMMISSIONER HASSAN_IDA),HASSAN,Shri G.C. Chandrashekhar (2024-30) (2024-2030),G C CHANDRASHEKHAR,RS_G C CHANDRASHEKHAR,,Elected MP,"Construction of roads, link roads, pathways or any other road with or without drainage system",Normal/Others,Normal/Others,,"construction of concrete road from gangoor grama panchayath main road to shivanna home at hassan district, arakalagudu talluku","construction of concrete road from gangoor grama panchayath main road to shivanna home at hassan district, arakalagudu talluku",2025-10-28 00:00:00,,,500000.0,,,,,recommended,missing_parseable_work_id,synthetic,wk_ebccd9de1ac6
wk_ebfcc24db767,,RS,Odisha,Odisha,Khordha,KHORDHA(DISTRICT COLLECTOR KHORDHA_IDA),KHORDHA,Shri Manas Ranjan Mangaraj (2022-28) (2022-2028),MANAS RANJAN MANGARAJ,RS_MANAS RANJAN MANGARAJ,,Elected MP,Construction of boundary walls of existing public and community buildings,Normal/Others,Normal/Others,,Construction of boundary wall of Sriguru Ananta Ashram Jatiya Sarbodaya Samiti.,Construction of boundary wall of Sriguru Ananta Ashram Jatiya Sarbodaya Samiti.,2025-10-09 00:00:00,,,500000.0,,,,,recommended,missing_parseable_work_id,synthetic,wk_ebfcc24db767
wk_ec0b1ea0fb17,,RS,Odisha,Odisha,Khordha,KHORDHA(DISTRICT COLLECTOR KHORDHA_IDA),KHORDHA,Shri Manas Ranjan Mangaraj (2022-28) (2022-2028),MANAS RANJAN MANGARAJ,RS_MANAS RANJAN MANGARAJ,,Elected MP,"Construction of roads, link roads, pathways or any other road with or without drainage system",Normal/Others,Normal/Others,,"Construction of CC road at Rampur, Balugaon NAC Ward No 10, Block Chilika, District Khordha","Construction of CC road at Rampur, Balugaon NAC Ward No 10, Block Chilika, District Khordha",2025-02-21 00:00:00,,,500000.0,,,,,recommended,missing_parseable_work_id,synthetic,wk_ec0b1ea0fb17
wk_ec14ec647fea,,RS,Andhra Pradesh,Andhra Pradesh,Guntur,GUNTUR(DISTRICT COLLECTOR GUNTUR_IDA),GUNTUR,Shri S Niranjan Reddy (2022-28) (2022-2028),S NIRANJAN REDDY,RS_S NIRANJAN REDDY,,Elected MP,Construction of New Building,Normal/Others,Normal/Others,,Development improvement of facilities in the library in the Andhra Pradesh High Court Premises.,Development improvement of facilities in the library in the Andhra Pradesh High Court Premises.,2025-07-02 00:00:00,,,5000000.0,,,,,recommended,missing_parseable_work_id,synthetic,wk_ec14ec647fea
wk_ec51b7061c51,,RS,Assam,Assam,Sivasagar,SIVASAGAR(Deputy Commissioner Sivsagar_IDA),SIVASAGAR,Shri Pabitra Margherita (2022-28) (2022-2028),PABITRA MARGHERITA,RS_PABITRA MARGHERITA,,Elected MP,Construction of community centers and community halls,Normal/Others,Normal/Others,,CONSTRUCTION OF SARASWATI SANSKRITIK KENDRA 3 NO LINE,CONSTRUCTION OF SARASWATI SANSKRITIK KENDRA 3 NO LINE,2026-01-27 00:00:00,,,200000.0,,,,,recommended,missing_parseable_work_id,synthetic,wk_ec51b7061c51
wk_ecd13a731f5b,,RS,Maharashtra,Maharashtra,Amravati,AMRAVATI(DISTRICT COLLECTOR AMRAVATI_IDA),AMRAVATI,Dr. Anil Sukhdeorao Bonde (2022-28) (2022-2028),ANIL SUKHDEORAO BONDE,RS_ANIL SUKHDEORAO BONDE,,Elected MP,Construction of community centers and community halls,Normal/Others,Normal/Others,,"Construction of community center at Pawani, Warud","Construction of community center at Pawani, Warud",2025-09-20 00:00:00,,,2500000.0,,,,,recommended,missing_parseable_work_id,synthetic,wk_ecd13a731f5b
wk_ece098b578a2,,RS,Kerala,Kerala,Kozhikode,KOZHIKODE(DISTRICT COLLECTOR KOZHIKODE_IDA),KOZHIKODE,Smt. P. T. Usha (2022-28) (2022-2028),P T USHA,RS_P T USHA,,Nominated MP,Providing CCTV camera system for security of public areas,Normal/Others,Normal/Others,,Installation of CCTV Surveillance System at District Planning Office Kozhikode,Installation of CCTV Surveillance System at District Planning Office Kozhikode,2024-11-12 00:00:00,,,300000.0,,,,,recommended,missing_parseable_work_id,synthetic,wk_ece098b578a2
wk_ed15189880bf,,RS,Odisha,Odisha,Mayurbhanj,MAYURBHANJ(DISTRICT COLLECTOR MAYURBHANJ_IDA),MAYURBHANJ,Smt. Sulata Deo (2022-28) (2022-2028),SULATA DEO,RS_SULATA DEO,,Elected MP,Construction of public toilets and bathrooms,Normal/Others,Normal/Others,,Construction of Bathing Ghat at Budhabalanga River near Kutasuni Thakurani at Hatimada Arapata Badashai Block Village Hatimada Arapata GP Madhapur ITDA Baripada,Construction of Bathing Ghat at Budhabalanga River near Kutasuni Thakurani at Hatimada Arapata Badashai Block Village Hatimada Arapata GP Madhapur ITDA Baripada,2025-05-29 00:00:00,,,300000.0,,,,,recommended,missing_parseable_work_id,synthetic,wk_ed15189880bf
wk_ed19e7616cc4,,LS,Goa,Goa,North Goa,NORTH GOA(DISTRICT COLLECTOR NORTH GOA_IDA),NORTH GOA,Shripad Yesso Naik,SHRIPAD YESSO NAIK,LS_SHRIPAD YESSO NAIK,NORTH GOA,,Development of playground,Normal/Others,Normal/Others,,Beautification of Existing Municipal GArden at Naik Nagar In Ward No. 5 of Bicholicm Municipal Council,Beautification of Existing Municipal GArden at Naik Nagar In Ward No. 5 of Bicholicm Municipal Council,2024-12-14 00:00:00,,,3819057.0,,,,,recommended,missing_parseable_work_id,synthetic,wk_ed19e7616cc4
wk_ed2e457fb9c9,,RS,Maharashtra,Maharashtra,Nanded,NANDED(DISTRICT COLLECTOR NANDED_IDA),NANDED,Shri Ashokrao Shankarrao Chavan (2024-30) (2024-2030),ASHOKRAO SHANKARRAO CHAVAN,RS_ASHOKRAO SHANKARRAO CHAVAN,,Elected MP,Installation of fixed garden gym equipment,Normal/Others,Normal/Others,,"Installation of exercise material (open gym) in the open space at Mauje Dhamdari, Taluka Ardhapur, District Nanded","Installation of exercise material (open gym) in the open space at Mauje Dhamdari, Taluka Ardhapur, District Nanded",2024-12-15 00:00:00,,,700000.0,,,,,recommended,missing_parseable_work_id,synthetic,wk_ed2e457fb9c9
wk_ed4fa083a544,,LS,Maharashtra,Maharashtra,Chandrapur,CHANDRAPUR(DISTRICT COLLECTOR CHANDRAPUR_IDA),CHANDRAPUR,DHANORKAR PRATIBHA SURESH ALIAS BALUBHAU,DHANORKAR PRATIBHA SURESH ALIAS BALUBHAU,LS_DHANORKAR PRATIBHA SURESH ALIAS BALUBHAU,CHANDRAPUR,,Street lights,Normal/Others,Normal/Others,,"Installation of high mast light near the house of Mr. Sachin Nimbalkar in Balaji Ward, Chandrapur. and Installation of high mast light at Jail Road, near Sacate Temple, Chandrapur.","Installation of high mast light near the house of Mr. Sachin Nimbalkar in Balaji Ward, Chandrapur. and Installation of high mast light at Jail Road, near Sacate Temple, Chandrapur.",2024-10-15 00:00:00,,,1000000.0,,,,,recommended,missing_parseable_work_id,synthetic,wk_ed4fa083a544
wk_ed52b678a821,,LS,Maharashtra,Maharashtra,Raigad,RAIGAD(DISTRICT COLLECTOR RAIGAD_IDA),RAIGAD,Shrirang Appa Barne,SHRIRANG APPA BARNE,LS_SHRIRANG APPA BARNE,MAVAL,,"Construction of roads, link roads, pathways or any other road with or without drainage system",Normal/Others,Normal/Others,,Construction Road At Ghodavli To Adivasivadi In Navandhe Grampanchayt Tal Khalapur dist Raigad,Construction Road At Ghodavli To Adivasivadi In Navandhe Grampanchayt Tal Khalapur dist Raigad,2024-12-18 00:00:00,,,500000.0,,,,,recommended,missing_parseable_work_id,synthetic,wk_ed52b678a821
wk_edcacdf67833,,LS,Maharashtra,Maharashtra,Latur,LATUR(DISTRICT COLLECTOR LATUR_IDA),LATUR,DR KALGE SHIVAJI BANDAPPA,KALGE SHIVAJI BANDAPPA,LS_KALGE SHIVAJI BANDAPPA,LATUR(SC),,Construction of community centers and community halls,Normal/Others,Normal/Others,,"Construction of Community centre Hall in Gram Panchayat / Govt owned open space in front of vithal temple at Raiwadi, Ta.Latur","Construction of Community centre Hall in Gram Panchayat / Govt owned open space in front of vithal temple at Raiwadi, Ta.Latur",2024-09-27 00:00:00,,,1000000.0,,,,,recommended,missing_parseable_work_id,synthetic,wk_edcacdf67833
wk_edeede3b785f,,RS,Maharashtra,Maharashtra,Satara,SATARA(DISTRICT COLLECTOR SATARA_IDA),SATARA,Shri Nitin Laxmanrao Jadhav Patil (2024-28) (2024-2028),NITIN LAXMANRAO JADHAV PATIL,RS_NITIN LAXMANRAO JADHAV PATIL,,Elected MP,Construction of rooms and halls in school and colleges,Normal/Others,Normal/Others,,Construction of a room for the building for Shankarrao Ghadge Vidyalaya in Kameri,Construction of a room for the building for Shankarrao Ghadge Vidyalaya in Kameri,2025-12-11 00:00:00,,,1500000.0,,,,,recommended,missing_parseable_work_id,synthetic,wk_edeede3b785f
wk_edf0cd3d6a17,,RS,Kerala,Kerala,Kozhikode,KOZHIKODE(DISTRICT COLLECTOR KOZHIKODE_IDA),KOZHIKODE,Shri P. P. Suneer (2024-30) (2024-2030),P P SUNEER,RS_P P SUNEER,,Elected MP,Construction of public libraries and reading rooms,Repair and Renovation,Repair and Renovation,,"Renovation of Bhagath Singh Library,Changaramvally-Ward-6 Meppayyur GP of Meladi Block","Renovation of Bhagath Singh Library,Changaramvally-Ward-6 Meppayyur GP of Meladi Block",2025-11-05 00:00:00,,,1000000.0,,,,,recommended,missing_parseable_work_id,synthetic,wk_edf0cd3d6a17
wk_edf3d84dc265,,RS,Odisha,Odisha,Kataka,Kataka(DISTRICT COLLECTOR CUTTACK_IDA),KATAKA,Shri Manas Ranjan Mangaraj (2022-28) (2022-2028),MANAS RANJAN MANGARAJ,RS_MANAS RANJAN MANGARAJ,,Elected MP,Construction of community centers and community halls,Normal/Others,Normal/Others,,"Construction of Community center in Banipada, Block- Tangi, Dist- Cuttack","Construction of Community center in Banipada, Block- Tangi, Dist- Cuttack",2025-06-07 00:00:00,,,150000.0,,,,,recommended,missing_parseable_work_id,synthetic,wk_edf3d84dc265
wk_ee0c1a55a6ad,,LS,Delhi,Delhi,South,SOUTH(COMMISSIONER SOUTH),SOUTH,Bansuri Swaraj,BANSURI SWARAJ,LS_BANSURI SWARAJ,NEW DELHI,,Construction of common work sheds/ common covered sitting area,Normal/Others,Normal/Others,,Provision of Shed for Senior Citizen,Provision of Shed for Senior Citizen,2024-11-16 00:00:00,,,180000.0,,,,,recommended,missing_parseable_work_id,synthetic,wk_ee0c1a55a6ad
wk_ee26c40be21d,,RS,Maharashtra,Maharashtra,Satara,SATARA(DISTRICT COLLECTOR SATARA_IDA),SATARA,Shri Nitin Laxmanrao Jadhav Patil (2024-28) (2024-2028),NITIN LAXMANRAO JADHAV PATIL,RS_NITIN LAXMANRAO JADHAV PATIL,,Elected MP,Security gates in streets/public place for safety purpose,Normal/Others,Normal/Others,,Construction of a protective wall for the school of Shamsharad Shikshan Prasarak Sanstha at Kavathe,Construction of a protective wall for the school of Shamsharad Shikshan Prasarak Sanstha at Kavathe,2025-11-25 00:00:00,,,1000000.0,,,,,recommended,missing_parseable_work_id,synthetic,wk_ee26c40be21d
wk_ee4d73e083aa,,RS,Odisha,Odisha,Baleshwar,Baleshwar(DISTRICT COLLECTOR BALESHWAR_IDA),BALESHWAR,Smt. Sulata Deo (2022-28) (2022-2028),SULATA DEO,RS_SULATA DEO,,Elected MP,Street lights,Normal/Others,Normal/Others,,Supply and Installation of High Max Light (150 watt 1 no with each pole 4 light) at Bartana High School Panchayat Bartana Block Khaira,Supply and Installation of High Max Light (150 watt 1 no with each pole 4 light) at Bartana High School Panchayat Bartana Block Khaira,2025-05-28 00:00:00,,,200000.0,,,,,recommended,missing_parseable_work_id,synthetic,wk_ee4d73e083aa
wk_eeb78b7c8dd6,,RS,Kerala,Kerala,Kozhikode,KOZHIKODE(DISTRICT COLLECTOR KOZHIKODE_IDA),KOZHIKODE,Shri Abdul Wahab (2021-27) (2021-2027),ABDUL WAHAB,RS_ABDUL WAHAB,,Elected MP,"Construction of roads, link roads, pathways or any other road with or without drainage system",Normal/Others,Normal/Others,,"Construction of Azhithala Theeradesh road pathway, Ward No. 40, Vatakara Municipality","Construction of Azhithala Theeradesh road pathway, Ward No. 40, Vatakara Municipality",2025-12-18 00:00:00,,,500000.0,,,,,recommended,missing_parseable_work_id,synthetic,wk_eeb78b7c8dd6
wk_ef0a11672d6b,,RS,Maharashtra,Maharashtra,Solapur,SOLAPUR(DISTRICT COLLECTOR SOLAPUR_IDA),SOLAPUR,Shri Dhananjay Bhimrao Mahadik (2022-28) (2022-2028),DHANANJAY BHIMRAO MAHADIK,RS_DHANANJAY BHIMRAO MAHADIK,,Elected MP,Construction of community centers and community halls,Normal/Others,Normal/Others,,"Ashti, Tal.Mohol, Dist.Solapur Construction Sabhamandap","Ashti, Tal.Mohol, Dist.Solapur Construction Sabhamandap",2024-07-24 00:00:00,,,1000000.0,,,,,recommended,missing_parseable_work_id,synthetic,wk_ef0a11672d6b
wk_ef176b7dc991,,RS,Telangana,Telangana,Mahabubabad,MAHABUBABAD(DISTRICT COLLECTOR MAHABUBABAD_IDA),MAHABUBABAD,Shri Ravi Chandra Vaddiraju (2024-30) (2024-2030),RAVI CHANDRA VADDIRAJU,RS_RAVI CHANDRA VADDIRAJU,,Elected MP,Installation of fixed garden gym equipment,Normal/Others,Normal/Others,,"Installation of fixed garden gym equipment AT Kalwala(V), Kesamudram(M),","Installation of fixed garden gym equipment AT Kalwala(V), Kesamudram(M),",2024-10-21 00:00:00,,,499000.0,,,,,recommended,missing_parseable_work_id,synthetic,wk_ef176b7dc991
wk_ef4df5ddc4d6,,RS,Maharashtra,Maharashtra,Pune,PUNE(DISTRICT COLLECTOR PUNE_IDA),PUNE,Dr. Medha Vishram Kulkarni (2024-30) (2024-2030),MEDHA VISHRAM KULKARNI,RS_MEDHA VISHRAM KULKARNI,,Elected MP,Construction of common work sheds/ common covered sitting area,Normal/Others,Normal/Others,,Ward No. 8 Construction of shed at Beggar Acceptance Center Phulenagar Yerawada,Ward No. 8 Construction of shed at Beggar Acceptance Center Phulenagar Yerawada,2025-05-26 00:00:00,,,1000000.0,,,,,recommended,missing_parseable_work_id,synthetic,wk_ef4df5ddc4d6
wk_ef69db19c719,,RS,Assam,Assam,Chirang,CHIRANG(Deputy Commissioner Chirang_IDA),CHIRANG,Shri Rwngwra Narzary (2022-28) (2022-2028),RWNGWRA NARZARY,RS_RWNGWRA NARZARY,,Elected MP,Construction of community centers and community halls,Normal/Others,Normal/Others,,"construction of Mahila Community hall at Petlagaon under Dangtal VCDC, Sidli Dev. Block. chirang.","construction of Mahila Community hall at Petlagaon under Dangtal VCDC, Sidli Dev. Block. chirang.",2025-12-26 00:00:00,,,1000000.0,,,,,recommended,missing_parseable_work_id,synthetic,wk_ef69db19c719
wk_ef6b7822f686,,LS,Maharashtra,Maharashtra,Beed,BEED(DISTRICT COLLECTOR BEED_IDA),BEED,BAJRANG MANOHAR SONWANE,BAJRANG MANOHAR SONWANE,LS_BAJRANG MANOHAR SONWANE,BEED,,Construction of community centers and community halls,Normal/Others,Normal/Others,,Construction of Sabhamandap on Gram Panchayat land near Sri Kshetra Maruti Temple.,Construction of Sabhamandap on Gram Panchayat land near Sri Kshetra Maruti Temple.,2024-12-09 00:00:00,,,1000000.0,,,,,recommended,missing_parseable_work_id,synthetic,wk_ef6b7822f686
wk_ef9216272b79,,RS,West Bengal,West Bengal,Malda,Malda(DISTRICT MAGISTRATE MALDA_IDA),MALDA,Shri Samik Bhattacharya (2024-30) (2024-2030),SAMIK BHATTACHARYA,RS_SAMIK BHATTACHARYA,,Elected MP,"Construction of roads, link roads, pathways or any other road with or without drainage system",Normal/Others,Normal/Others,,"Construction of CC Road from Sonajhuri Hutkhola Tin Mohini towards Saden Roy Pond, at Jatar Pur, Aktail GP, Habibpur Development Block","Construction of CC Road from Sonajhuri Hutkhola Tin Mohini towards Saden Roy Pond, at Jatar Pur, Aktail GP, Habibpur Development Block",2025-10-09 00:00:00,,,400000.0,,,,,recommended,missing_parseable_work_id,synthetic,wk_ef9216272b79
wk_f01e4bcbbb00,,RS,Karnataka,Karnataka,Mysuru,MYSURU(DEPUTY COMMISSIONER MYSORE_IDA),MYSURU,Dr. Dharmasthala Veerendra Heggade (2022-28) (2022-2028),DHARMASTHALA VEERENDRA HEGGADE,RS_DHARMASTHALA VEERENDRA HEGGADE,,Nominated MP,Construction of community centers and community halls,Normal/Others,Normal/Others,,"To carry out the construction work of a girls hostel building for the accommodation of students at Venkatakrishnaiah (Tatayya) Orphanage, located near Narayanashastri Road within the limits of Mysuru City Mysuru District","To carry out the construction work of a girls hostel building for the accommodation of students at Venkatakrishnaiah (Tatayya) Orphanage, located near Narayanashastri Road within the limits of Mysuru City Mysuru District",2025-12-30 00:00:00,,,1500000.0,,,,,recommended,missing_parseable_work_id,synthetic,wk_f01e4bcbbb00
wk_f03801f43517,,RS,Karnataka,Karnataka,Mysuru,MYSURU(DEPUTY COMMISSIONER MYSORE_IDA),MYSURU,Shri G.C. Chandrashekhar (2024-30) (2024-2030),G C CHANDRASHEKHAR,RS_G C CHANDRASHEKHAR,,Elected MP,Construction of rooms and halls in school and colleges,Normal/Others,Normal/Others,,"Construction of Rooms for government school, Hedtale Village, Mysore District, Nanjanagudu Taluk","Construction of Rooms for government school, Hedtale Village, Mysore District, Nanjanagudu Taluk",2025-06-24 00:00:00,,,1000000.0,,,,,recommended,missing_parseable_work_id,synthetic,wk_f03801f43517
wk_f05202bda08c,,RS,Telangana,Telangana,Mahabubabad,MAHABUBABAD(DISTRICT COLLECTOR MAHABUBABAD_IDA),MAHABUBABAD,Shri Ravi Chandra Vaddiraju (2024-30) (2024-2030),RAVI CHANDRA VADDIRAJU,RS_RAVI CHANDRA VADDIRAJU,,Elected MP,Construction of community centers and community halls,Normal/Others,Normal/Others,,"Construction of Community Hall At Sy.No.503/1, 9th Ward, Intikanne(V), Kesamudram(M), Mahabubabad District","Construction of Community Hall At Sy.No.503/1, 9th Ward, Intikanne(V), Kesamudram(M), Mahabubabad District",2024-09-04 00:00:00,,,498000.0,,,,,recommended,missing_parseable_work_id,synthetic,wk_f05202bda08c
wk_f0c08c013526,,RS,Tamil Nadu,Tamil Nadu,Thiruvallur,THIRUVALLUR(DISTRICT COLLECTOR TIRUVALLUR_IDA),THIRUVALLUR,Shri R. Girirajan (2022-28) (2022-2028),R GIRIRAJAN,RS_R GIRIRAJAN,,Elected MP,Lighting of public spaces,Normal/Others,Normal/Others,,"Installation of a mini-mast light near the Kunjalam road junction on the Uthukottai to Seethanjeri road, Poondi Union, Thiruvallur District. (9-meter height, 150 W, 6 units)","Installation of a mini-mast light near the Kunjalam road junction on the Uthukottai to Seethanjeri road, Poondi Union, Thiruvallur District. (9-meter height, 150 W, 6 units)",2026-01-21 00:00:00,,,300000.0,,,,,recommended,missing_parseable_work_id,synthetic,wk_f0c08c013526
wk_f0d38445e53c,,RS,Odisha,Odisha,Nayagada,Nayagada(DISTRICT COLLECTOR NAYAGARH_IDA),NAYAGADA,Dr. Sasmit Patra (2022-28) (2022-2028),SASMIT PATRA,RS_SASMIT PATRA,,Elected MP,Construction of buildings for sports facilities,Normal/Others,Normal/Others,,"Construction of the first floor of Nayagarh club at Lekhanpur village,GP-Nabaghanpur under Nayagarh Block","Construction of the first floor of Nayagarh club at Lekhanpur village,GP-Nabaghanpur under Nayagarh Block",2024-01-05 00:00:00,,,1000000.0,,,,,recommended,missing_parseable_work_id,synthetic,wk_f0d38445e53c
wk_f0dcee49df69,,LS,Maharashtra,Maharashtra,Mumbai,MUMBAI(DISTRICT COLLECTOR MUMBAI CITY_IDA),MUMBAI,Arvind Ganpat Sawant,ARVIND GANPAT SAWANT,LS_ARVIND GANPAT SAWANT,MUMBAI SOUTH,,Construction of community centers and community halls,Normal/Others,Normal/Others,,aagripada kalapani road byculla community hall,aagripada kalapani road byculla community hall,2024-10-08 00:00:00,,,1200000.0,,,,,recommended,missing_parseable_work_id,synthetic,wk_f0dcee49df69
wk_f0eabd5ba445,,RS,Kerala,Kerala,Malappuram,MALAPPURAM(DISTRICT COLLECTOR MALAPPURAM_IDA),MALAPPURAM,Shri Jose K. Mani (2024-30) (2024-2030),JOSE K MANI,RS_JOSE K MANI,,Elected MP,"Construction of roads, link roads, pathways or any other road with or without drainage system",Normal/Others,Normal/Others,,Completion of Karimba ST Unnathi Road Cat ST,Completion of Karimba ST Unnathi Road Cat ST,2025-10-29 00:00:00,,,400000.0,,,,,recommended,missing_parseable_work_id,synthetic,wk_f0eabd5ba445
wk_f1035387c17e,,RS,Kerala,Kerala,Idukki,IDUKKI(DISTRICT COLLECTOR IDUKKI_IDA),IDUKKI,Smt. Jebi Mather Hisham (2022-28) (2022-2028),JEBI MATHER HISHAM,RS_JEBI MATHER HISHAM,,Elected MP,"Purchase of vehicle for mobile dispensaries (Four, three and two wheelers)",Normal/Others,Normal/Others,,"Purchasing of vehicle for Palliative care unit of PHC Vellathooval, in ward 12 of Vellathooval Grama Panchayath","Purchasing of vehicle for Palliative care unit of PHC Vellathooval, in ward 12 of Vellathooval Grama Panchayath",2025-07-22 00:00:00,,,1250000.0,,,,,recommended,missing_parseable_work_id,synthetic,wk_f1035387c17e
wk_f114587f77c5,,RS,Kerala,Kerala,Kannur,KANNUR(DISTRICT COLLECTOR KANNUR_IDA),KANNUR,Shri Sandosh Kumar P (2022-28) (2022-2028),SANDOSH KUMAR P,RS_SANDOSH KUMAR P,,Elected MP,"Purchase of IT systems, including hardware and software for educational purposes",Normal/Others,Normal/Others,,"Purchase and Installation of 10 Laptop Computers for Akkiparamba School ,Taliparamba","Purchase and Installation of 10 Laptop Computers for Akkiparamba School ,Taliparamba",2025-09-25 00:00:00,,,500000.0,,,,,recommended,missing_parseable_work_id,synthetic,wk_f114587f77c5
wk_f14d5c05bfb8,,RS,Maharashtra,Maharashtra,Nanded,NANDED(DISTRICT COLLECTOR NANDED_IDA),NANDED,Shri Ashokrao Shankarrao Chavan (2024-30) (2024-2030),ASHOKRAO SHANKARRAO CHAVAN,RS_ASHOKRAO SHANKARRAO CHAVAN,,Elected MP,Providing drains and gutters for public drainage,Normal/Others,Normal/Others,,"Construction of closed Drain from Savitribai Kundlik Shinde to Zilla Parishad School at Mauje Daur, Taluka Ardhapur","Construction of closed Drain from Savitribai Kundlik Shinde to Zilla Parishad School at Mauje Daur, Taluka Ardhapur",2024-10-15 00:00:00,,,500000.0,,,,,recommended,missing_parseable_work_id,synthetic,wk_f14d5c05bfb8
wk_f14f20060937,,RS,Maharashtra,Maharashtra,Nanded,NANDED(DISTRICT COLLECTOR NANDED_IDA),NANDED,Dr. Ajeet Madhavrao Gopchade (2024-30) (2024-2030),AJEET MADHAVRAO GOPCHADE,RS_AJEET MADHAVRAO GOPCHADE,,Elected MP,Construction of community centers and community halls,Normal/Others,Normal/Others,,Construction of Sabhamandap in the Schedule Cast area of Grampanchayat Gagalegaon Tq. Biloli Dist. Nanded,Construction of Sabhamandap in the Schedule Cast area of Grampanchayat Gagalegaon Tq. Biloli Dist. Nanded,2025-10-24 00:00:00,,,700000.0,,,,,recommended,missing_parseable_work_id,synthetic,wk_f14f20060937
wk_f1bf0040fa8e,,RS,Maharashtra,Maharashtra,Nanded,NANDED(DISTRICT COLLECTOR NANDED_IDA),NANDED,Dr. Ajeet Madhavrao Gopchade (2024-30) (2024-2030),AJEET MADHAVRAO GOPCHADE,RS_AJEET MADHAVRAO GOPCHADE,,Elected MP,Construction of community centers and community halls,Normal/Others,Normal/Others,,Construction of Sabhamandap beside Datta Mandir in the area of Grampanchayat Gujari Tq. Biloli Dist. Nanded,Construction of Sabhamandap beside Datta Mandir in the area of Grampanchayat Gujari Tq. Biloli Dist. Nanded,2025-10-30 00:00:00,,,1000000.0,,,,,recommended,missing_parseable_work_id,synthetic,wk_f1bf0040fa8e
wk_f26f0797bd60,,RS,Kerala,Kerala,Ernakulam,ERNAKULAM(DISTRICT COLLECTOR ERNAKULAM_IDA),ERNAKULAM,Shri Haris Beeran (2024-30) (2024-2030),HARIS BEERAN,RS_HARIS BEERAN,,Elected MP,"Construction of roads, link roads, pathways or any other road with or without drainage system",Normal/Others,Normal/Others,,Construction of Pattippara Marottichodu Road Canal Link.,Construction of Pattippara Marottichodu Road Canal Link.,2025-06-17 00:00:00,,,500000.0,,,,,recommended,missing_parseable_work_id,synthetic,wk_f26f0797bd60
wk_f2901730c466,,RS,Odisha,Odisha,Khordha,KHORDHA(DISTRICT COLLECTOR KHORDHA_IDA),KHORDHA,Shri Manas Ranjan Mangaraj (2022-28) (2022-2028),MANAS RANJAN MANGARAJ,RS_MANAS RANJAN MANGARAJ,,Elected MP,"Construction of roads, link roads, pathways or any other road with or without drainage system",Normal/Others,Normal/Others,,Construction of CC road from Bai Pradhan House to Bansidhar Baral house.,Construction of CC road from Bai Pradhan House to Bansidhar Baral house.,2025-05-27 00:00:00,,,600000.0,,,,,recommended,missing_parseable_work_id,synthetic,wk_f2901730c466
wk_f2971a7df622,,LS,Gujarat,Gujarat,Kachchh,KACHCHH(DISTRICT COLLECTOR KUTCH_IDA),KACHCHH,Vinod Chavda,VINOD CHAVDA,LS_VINOD CHAVDA,KACHCHH(SC),,Construction of buildings for community cultural activities,Normal/Others,Normal/Others,,Bhuj Talukana Bhuj Shaher ward no. 8 umanagar pachhad samast kachchhi valand samaj vistar sanskrutik haal,Bhuj Talukana Bhuj Shaher ward no. 8 umanagar pachhad samast kachchhi valand samaj vistar sanskrutik haal,2024-12-17 00:00:00,,,400000.0,,,,,recommended,missing_parseable_work_id,synthetic,wk_f2971a7df622
wk_f2c969dd17fd,,RS,Kerala,Kerala,Wayanad,WAYANAD(DISTRICT COLLECTOR WAYANAD_IDA),WAYANAD,Shri C. Sadanandan Master (2025-31) (2025-2031),C SADANANDAN MASTER,RS_C SADANANDAN MASTER,,Nominated MP,Lighting of public spaces,Normal/Others,Normal/Others,,"Lighting of Public spaces Installation of mini mast light at Paplasseri azheekodan nagar ward 9, near elec. post no. MN2PC20 in Irulam village Poothadi Panchayath of Sulthan Bathery Thaluk, Wayanad District","Lighting of Public spaces Installation of mini mast light at Paplasseri azheekodan nagar ward 9, near elec. post no. MN2PC20 in Irulam village Poothadi Panchayath of Sulthan Bathery Thaluk, Wayanad District",2026-01-18 00:00:00,,,300000.0,,,,,recommended,missing_parseable_work_id,synthetic,wk_f2c969dd17fd
wk_f2cf94aacdae,,RS,Kerala,Kerala,Malappuram,MALAPPURAM(DISTRICT COLLECTOR MALAPPURAM_IDA),MALAPPURAM,Shri Abdul Wahab (2021-27) (2021-2027),ABDUL WAHAB,RS_ABDUL WAHAB,,Elected MP,"Purchase of IT systems, including hardware and software for educational purposes",Normal/Others,Normal/Others,,"Purchasing of Computers for Govt. Model UP School Nilambur, Nilambur Municipality","Purchasing of Computers for Govt. Model UP School Nilambur, Nilambur Municipality",2025-10-03 00:00:00,,,500000.0,,,,,recommended,missing_parseable_work_id,synthetic,wk_f2cf94aacdae
wk_f2d096a61f24,,RS,Assam,Assam,Sivasagar,SIVASAGAR(Deputy Commissioner Sivsagar_IDA),SIVASAGAR,Shri Pabitra Margherita (2022-28) (2022-2028),PABITRA MARGHERITA,RS_PABITRA MARGHERITA,,Elected MP,Construction of rooms and halls in school and colleges,Normal/Others,Normal/Others,,CONSTRUCTION OF ADDITIONAL CLASSROOM IN MEZENGA HIGHER SECONDARY SCHOOL,CONSTRUCTION OF ADDITIONAL CLASSROOM IN MEZENGA HIGHER SECONDARY SCHOOL,2026-01-27 00:00:00,,,1500000.0,,,,,recommended,missing_parseable_work_id,synthetic,wk_f2d096a61f24
wk_f2e819b151da,,RS,Tamil Nadu,Tamil Nadu,Theni,THENI(District Collector Theni_5),THENI,Shri Ilaiyaraaja (2022-28) (2022-2028),ILAIYARAAJA,RS_ILAIYARAAJA,,Nominated MP,Lighting of public spaces,Normal/Others,Normal/Others,,1 No. High Mast Light in Pannaipuram Bus Stop,1 No. High Mast Light in Pannaipuram Bus Stop,2023-12-18 00:00:00,,,900000.0,,,,,recommended,missing_parseable_work_id,synthetic,wk_f2e819b151da
wk_f30e01733b24,,LS,West Bengal,West Bengal,North 24 Parganas,North 24 Parganas(DISTRICT MAGISTRATE NORTH TWENTY FOUR PARGANAS_IDA),NORTH 24 PARGANAS,Kakoli Ghosh Dastidar,KAKOLI GHOSH DASTIDAR,LS_KAKOLI GHOSH DASTIDAR,BARASAT,,Development of public parks,Normal/Others,Normal/Others,,Children park construction,Children park construction,2024-11-04 00:00:00,,,500000.0,,,,,recommended,missing_parseable_work_id,synthetic,wk_f30e01733b24
wk_f32d89465994,,RS,Assam,Assam,Dibrugarh,DIBRUGARH(DEPUTY COMMISSIONER DIBRUGARH_IDA),DIBRUGARH,Shri Pabitra Margherita (2022-28) (2022-2028),PABITRA MARGHERITA,RS_PABITRA MARGHERITA,,Elected MP,"Retrofitting, preservation or conservation of heritage and archaeological monuments and buildings",Normal/Others,Normal/Others,,Development of Swargodeo Chaulung Statue and Park at Tipam,Development of Swargodeo Chaulung Statue and Park at Tipam,2025-08-04 00:00:00,,,5000000.0,,,,,recommended,missing_parseable_work_id,synthetic,wk_f32d89465994
wk_f32ee4cf084d,,RS,Uttar Pradesh,Uttar Pradesh,Bahraich,BAHRAICH(DISTRICT MAGISTRAE BAHRAICH_IDA),BAHRAICH,Dr. Laxmikant Bajpayee (2022-28) (2022-2028),LAXMIKANT BAJPAYEE,RS_LAXMIKANT BAJPAYEE,,Elected MP,Construction of rooms and halls in school and colleges,Trust and Society,Trust and Society,,Construction of classroom,Construction of classroom,2025-05-15 00:00:00,,,580800.0,,,,,recommended,missing_parseable_work_id,synthetic,wk_f32ee4cf084d
wk_f356b99d19f3,,RS,Kerala,Kerala,Kannur,KANNUR(DISTRICT COLLECTOR KANNUR_IDA),KANNUR,Shri Sandosh Kumar P (2022-28) (2022-2028),SANDOSH KUMAR P,RS_SANDOSH KUMAR P,,Elected MP,Lighting of public spaces,Normal/Others,Normal/Others,,Installation Of Mini High Mast light near Peringalayi Bus Shelter In Thazhe Chovva - Chakkarakkal road Divisuon 20 Kannur Muncipal Corporation (10 Meter High mast with 5x 150watts Flood Light),Installation Of Mini High Mast light near Peringalayi Bus Shelter In Thazhe Chovva - Chakkarakkal road Divisuon 20 Kannur Muncipal Corporation (10 Meter High mast with 5x 150watts Flood Light),2025-09-25 00:00:00,,,250000.0,,,,,recommended,missing_parseable_work_id,synthetic,wk_f356b99d19f3
wk_f35f83536fe7,,RS,Odisha,Odisha,Kataka,Kataka(DISTRICT COLLECTOR CUTTACK_IDA),KATAKA,Shri Manas Ranjan Mangaraj (2022-28) (2022-2028),MANAS RANJAN MANGARAJ,RS_MANAS RANJAN MANGARAJ,,Elected MP,Construction of community centers and community halls,Normal/Others,Normal/Others,,"Construction of Panda Sahi Community center at Ward No. 48, CMC","Construction of Panda Sahi Community center at Ward No. 48, CMC",2025-06-07 00:00:00,,,150000.0,,,,,recommended,missing_parseable_work_id,synthetic,wk_f35f83536fe7
wk_f365510680d6,,RS,Tamil Nadu,Tamil Nadu,Chengalpattu,CHENGALPATTU(District Collector Chengalpattu_IDA),CHENGALPATTU,Shri R. Girirajan (2022-28) (2022-2028),R GIRIRAJAN,RS_R GIRIRAJAN,,Elected MP,Purchase of books for public libraries/ digitization of library books,Normal/Others,Normal/Others,,"Providing Book writter Thiru. A.G.Koppana (Mamanidar Nehru Ariya Pugaipada Varalaru ) @ High school, Hr Sec school and Collage","Providing Book writter Thiru. A.G.Koppana (Mamanidar Nehru Ariya Pugaipada Varalaru ) @ High school, Hr Sec school and Collage",2023-12-27 00:00:00,,,1000000.0,,,,,recommended,missing_parseable_work_id,synthetic,wk_f365510680d6
wk_f377fad420ee,,RS,Uttar Pradesh,Uttar Pradesh,Sultanpur,SULTANPUR(DISTRICT MAGISTRATE SULTANPUR_IDA),SULTANPUR,Shri Kapil Sibal (2022-28) (2022-2028),KAPIL SIBAL,RS_KAPIL SIBAL,,Elected MP,Construction of rooms and halls in school and colleges,Normal/Others,Normal/Others,,"Construction of four classrooms in Divya Diksha Institute - Pr. School, Dhaurahara","Construction of four classrooms in Divya Diksha Institute - Pr. School, Dhaurahara",2025-02-03 00:00:00,,,2500000.0,,,,,recommended,missing_parseable_work_id,synthetic,wk_f377fad420ee
wk_f37d5252fe13,,LS,Kerala,Kerala,Alappuzha,ALAPPUZHA(DISTRICT COLLECTOR ALAPPUZHA_IDA),ALAPPUZHA,K. C VENUGOPAL,K C VENUGOPAL,LS_K C VENUGOPAL,ALAPPUZHA,,"Purchase of IT systems, including hardware and software for educational purposes",Normal/Others,Normal/Others,,Purchase of 10 Laptops for Thaikkattusseri SMSJ HS,Purchase of 10 Laptops for Thaikkattusseri SMSJ HS,2024-10-22 00:00:00,,,400000.0,,,,,recommended,missing_parseable_work_id,synthetic,wk_f37d5252fe13
wk_f3cf633eac36,,RS,Uttarakhand,Uttarakhand,Chamoli,CHAMOLI(DM Chamoli_IDA),CHAMOLI,Shri Mahendra Bhatt (2024-30) (2024-2030),MAHENDRA BHATT,RS_MAHENDRA BHATT,,Elected MP,Construction of rooms and halls in school and colleges,Normal/Others,Normal/Others,,"Sarswati Shishu Mandir Gwaldam chamoli me do Kakska kaksh Nirman, Karyadayi sanstha- Vidhyalay Prabandh Samiti","Sarswati Shishu Mandir Gwaldam chamoli me do Kakska kaksh Nirman, Karyadayi sanstha- Vidhyalay Prabandh Samiti",2024-12-02 00:00:00,,,800000.0,,,,,recommended,missing_parseable_work_id,synthetic,wk_f3cf633eac36
wk_f3ecb56e97fd,,RS,Kerala,Kerala,Malappuram,MALAPPURAM(DISTRICT COLLECTOR MALAPPURAM_IDA),MALAPPURAM,Shri Abdul Wahab (2021-27) (2021-2027),ABDUL WAHAB,RS_ABDUL WAHAB,,Elected MP,"Purchase of IT systems, including hardware and software for educational purposes",Normal/Others,Normal/Others,,"Purchasing of computer and projectors for GMLP School, Kattumunda East, Ward no. 07, Mampad Panchayat","Purchasing of computer and projectors for GMLP School, Kattumunda East, Ward no. 07, Mampad Panchayat",2025-07-21 00:00:00,,,300000.0,,,,,recommended,missing_parseable_work_id,synthetic,wk_f3ecb56e97fd
wk_f3fb5dbbec25,,LS,Meghalaya,Meghalaya,East Khasi Hills,"EAST KHASI HILLS(Deputy Commissioner, East Khasi Hills District)",EAST KHASI HILLS,ANDREW J. SYNGKON,ANDREW J SYNGKON,LS_ANDREW J SYNGKON,SHILLONG,,Purchase of sports equipment,Normal/Others,Normal/Others,,"Financial assistance for Pine View Academy Secondary School, Lawsohtun to purpose sports equipment","Financial assistance for Pine View Academy Secondary School, Lawsohtun to purpose sports equipment",2025-01-05 00:00:00,,,300000.0,,,,,recommended,missing_parseable_work_id,synthetic,wk_f3fb5dbbec25
wk_f419fba43246,,RS,Madhya Pradesh,Madhya Pradesh,Bhind,BHIND(DISTRICT COLLECTOR BHIND_IDA),BHIND,Shri Ashok Singh (2024-30) (2024-2030),ASHOK SINGH,RS_ASHOK SINGH,,Elected MP,Installing hand pumps,Normal/Others,Normal/Others,,Installing hand pumps at Harijan Basti Near Premshankar House ward 11 District Bhind Madhya Pradesh,Installing hand pumps at Harijan Basti Near Premshankar House ward 11 District Bhind Madhya Pradesh,2026-01-14 00:00:00,,,130000.0,,,,,recommended,missing_parseable_work_id,synthetic,wk_f419fba43246
wk_f424c9f260a2,,LS,Karnataka,Karnataka,Bagalkote,BAGALKOTE(DEPUTY COMMISSIONER BAGALKOT_IDA),BAGALKOTE,Parvatagouda Chandanagouda Gaddigoudar,PARVATAGOUDA CHANDANAGOUDA GADDIGOUDAR,LS_PARVATAGOUDA CHANDANAGOUDA GADDIGOUDAR,BAGALKOT,,Construction of community centers and community halls,Normal/Others,Normal/Others,,"Construction of Community Hall in GUDDAD MALLAPUR Village, Property No.217","Construction of Community Hall in GUDDAD MALLAPUR Village, Property No.217",2024-11-30 00:00:00,,,500000.0,,,,,recommended,missing_parseable_work_id,synthetic,wk_f424c9f260a2
wk_f46ca5554fac,,RS,Kerala,Kerala,Malappuram,MALAPPURAM(DISTRICT COLLECTOR MALAPPURAM_IDA),MALAPPURAM,Shri Abdul Wahab (2021-27) (2021-2027),ABDUL WAHAB,RS_ABDUL WAHAB,,Elected MP,Development of public parks,Normal/Others,Normal/Others,,"Setting up of Park at ALPS Elampuassery, Ward no.12, Thenhipalam Panchayat","Setting up of Park at ALPS Elampuassery, Ward no.12, Thenhipalam Panchayat",2025-07-21 00:00:00,,,300000.0,,,,,recommended,missing_parseable_work_id,synthetic,wk_f46ca5554fac
wk_f482caf14dfb,,RS,Odisha,Odisha,Khordha,KHORDHA(DISTRICT COLLECTOR KHORDHA_IDA),KHORDHA,Shri Manas Ranjan Mangaraj (2022-28) (2022-2028),MANAS RANJAN MANGARAJ,RS_MANAS RANJAN MANGARAJ,,Elected MP,"Construction of roads, link roads, pathways or any other road with or without drainage system",Repair and Renovation,Repair and Renovation,,Completion of CC road from Kalupadaghat Pentha to Sesha Pradhan house.,Completion of CC road from Kalupadaghat Pentha to Sesha Pradhan house.,2025-04-28 00:00:00,,,200000.0,,,,,recommended,missing_parseable_work_id,synthetic,wk_f482caf14dfb
wk_f4a3312c9ce4,,RS,Kerala,Kerala,Kannur,KANNUR(DISTRICT COLLECTOR KANNUR_IDA),KANNUR,Dr. John Brittas (2021-27) (2021-2027),JOHN BRITTAS,RS_JOHN BRITTAS,,Elected MP,Construction of public libraries and reading rooms,Trust and Society,Trust and Society,,"Purchase and distribution of books to Ezhome Prathibha Vayanasala and Grandhalayam, Reg. No. KNR-8269, Ezhome Grama Panchayat, Ezhome P.O, Kannur District- 670334","Purchase and distribution of books to Ezhome Prathibha Vayanasala and Grandhalayam, Reg. No. KNR-8269, Ezhome Grama Panchayat, Ezhome P.O, Kannur District- 670334",2025-04-25 00:00:00,,,50000.0,,,,,recommended,missing_parseable_work_id,synthetic,wk_f4a3312c9ce4
wk_f4d6364a21d7,,RS,Kerala,Kerala,Ernakulam,ERNAKULAM(DISTRICT COLLECTOR ERNAKULAM_IDA),ERNAKULAM,Shri Haris Beeran (2024-30) (2024-2030),HARIS BEERAN,RS_HARIS BEERAN,,Elected MP,Lighting of public spaces,Normal/Others,Normal/Others,,"Installation of High Mast Light in Mattakkad Xime college Jn, HMT Estate","Installation of High Mast Light in Mattakkad Xime college Jn, HMT Estate",2025-05-03 00:00:00,,,550000.0,,,,,recommended,missing_parseable_work_id,synthetic,wk_f4d6364a21d7
wk_f4ebdf2fcedc,,RS,Maharashtra,Maharashtra,Nanded,NANDED(DISTRICT COLLECTOR NANDED_IDA),NANDED,Dr. Ajeet Madhavrao Gopchade (2024-30) (2024-2030),AJEET MADHAVRAO GOPCHADE,RS_AJEET MADHAVRAO GOPCHADE,,Elected MP,Construction of community centers and community halls,Normal/Others,Normal/Others,,Construction of Sabhamandap in the Schedule Tribe area of Grampanchayat Kolheborgaon Tq. Biloli Dist. Nanded,Construction of Sabhamandap in the Schedule Tribe area of Grampanchayat Kolheborgaon Tq. Biloli Dist. Nanded,2025-10-24 00:00:00,,,1000000.0,,,,,recommended,missing_parseable_work_id,synthetic,wk_f4ebdf2fcedc
wk_f4f52c3465ab,,RS,Maharashtra,Maharashtra,Pune,PUNE(DISTRICT COLLECTOR PUNE_IDA),PUNE,Dr. Medha Vishram Kulkarni (2024-30) (2024-2030),MEDHA VISHRAM KULKARNI,RS_MEDHA VISHRAM KULKARNI,,Elected MP,Construction of community centers and community halls,Normal/Others,Normal/Others,,Construction of a multi-purpose hall at Rambagh Vikas Mandal in Rambagh Colony.,Construction of a multi-purpose hall at Rambagh Vikas Mandal in Rambagh Colony.,2025-09-15 00:00:00,,,1000000.0,,,,,recommended,missing_parseable_work_id,synthetic,wk_f4f52c3465ab
wk_f52cb18f7de9,,RS,Telangana,Telangana,Mahabubabad,MAHABUBABAD(DISTRICT COLLECTOR MAHABUBABAD_IDA),MAHABUBABAD,Shri Ravi Chandra Vaddiraju (2024-30) (2024-2030),RAVI CHANDRA VADDIRAJU,RS_RAVI CHANDRA VADDIRAJU,,Elected MP,"Construction of roads, link roads, pathways or any other road with or without drainage system",Normal/Others,Normal/Others,,Construction of CC road,Construction of CC road,2025-05-30 00:00:00,,,499000.0,,,,,recommended,missing_parseable_work_id,synthetic,wk_f52cb18f7de9
wk_f54b2fbd6691,,RS,West Bengal,West Bengal,Hooghly,HOOGHLY(DISTRICT MAGISTRATE HOOGHLY_IDA),HOOGHLY,Shri Samik Bhattacharya (2024-30) (2024-2030),SAMIK BHATTACHARYA,RS_SAMIK BHATTACHARYA,,Elected MP,Providing CCTV camera system for security of public areas,Normal/Others,Normal/Others,,"Installation of CCTV in 200 Important Places in Khanakul-2 Gram Panchayat, Ramnagar, Hooghly, West Bengal","Installation of CCTV in 200 Important Places in Khanakul-2 Gram Panchayat, Ramnagar, Hooghly, West Bengal",2026-01-04 00:00:00,,,2400000.0,,,,,recommended,missing_parseable_work_id,synthetic,wk_f54b2fbd6691
wk_f552951175ba,,LS,Maharashtra,Maharashtra,Mumbai,MUMBAI(DISTRICT COLLECTOR MUMBAI CITY_IDA),MUMBAI,Arvind Ganpat Sawant,ARVIND GANPAT SAWANT,LS_ARVIND GANPAT SAWANT,MUMBAI SOUTH,,Construction of community centers and community halls,Normal/Others,Normal/Others,,swarajya housing socity wadia road sewri community hall,swarajya housing socity wadia road sewri community hall,2024-10-08 00:00:00,,,1800000.0,,,,,recommended,missing_parseable_work_id,synthetic,wk_f552951175ba
wk_f55ce6889902,,LS,Odisha,Odisha,Khordha,KHORDHA(DISTRICT COLLECTOR KHORDHA_IDA),KHORDHA,Smt Aparajita Sarangi,APARAJITA SARANGI,LS_APARAJITA SARANGI,BHUBANESWAR,,Construction of public libraries and reading rooms,Normal/Others,Normal/Others,,"Block-Khordha, Construction of Public Library Hall at village-Bantala, GP-Malipur","Block-Khordha, Construction of Public Library Hall at village-Bantala, GP-Malipur",2024-12-22 00:00:00,,,500000.0,,,,,recommended,missing_parseable_work_id,synthetic,wk_f55ce6889902
wk_f5a2f2f8a9cc,,RS,Tamil Nadu,Tamil Nadu,Cuddalore,CUDDALORE(DISTRICT COLLECTOR CUDDALORE_IDA),CUDDALORE,Shri R. Girirajan (2022-28) (2022-2028),R GIRIRAJAN,RS_R GIRIRAJAN,,Elected MP,Lighting of public spaces,Normal/Others,Normal/Others,,"Providing Highmast light (12M 150W 6 Light/Ladder Type) @ Near Moopanar Koil Adhi Dravidor Colony, Orangore Panchayat","Providing Highmast light (12M 150W 6 Light/Ladder Type) @ Near Moopanar Koil Adhi Dravidor Colony, Orangore Panchayat",2023-12-27 00:00:00,,,450000.0,,,,,recommended,missing_parseable_work_id,synthetic,wk_f5a2f2f8a9cc
wk_f5bef928dfb0,,RS,Kerala,Kerala,Palakkad,PALAKKAD(DISTRICT COLLECTOR PALAKKAD_IDA),PALAKKAD,Shri Abdul Wahab (2021-27) (2021-2027),ABDUL WAHAB,RS_ABDUL WAHAB,,Elected MP,Lighting of public spaces,Normal/Others,Normal/Others,,"Setting up of Mini mast light at Perungannur Vitturanam road junction, Ward No.8, Thirumittacode Panchayat","Setting up of Mini mast light at Perungannur Vitturanam road junction, Ward No.8, Thirumittacode Panchayat",2025-10-21 00:00:00,,,250000.0,,,,,recommended,missing_parseable_work_id,synthetic,wk_f5bef928dfb0
wk_f629bd2b0939,,RS,Kerala,Kerala,Ernakulam,ERNAKULAM(DISTRICT COLLECTOR ERNAKULAM_IDA),ERNAKULAM,Shri Haris Beeran (2024-30) (2024-2030),HARIS BEERAN,RS_HARIS BEERAN,,Elected MP,Lighting of public spaces,Normal/Others,Normal/Others,,Installation of minimast in Kavumpadi Kavala,Installation of minimast in Kavumpadi Kavala,2025-02-28 00:00:00,,,200000.0,,,,,recommended,missing_parseable_work_id,synthetic,wk_f629bd2b0939
wk_f684a500e3cb,,RS,Odisha,Odisha,Puri,PURI(DISTRICT COLLECTOR PURI_IDA),PURI,Shri Subhasish Khuntia (2024-30) (2024-2030),SUBHASISH KHUNTIA,RS_SUBHASISH KHUNTIA,,Elected MP,Construction of community centers and community halls,Normal/Others,Normal/Others,,Construction of Sidheswar Community Center at MangalaLane Sidhamahavir,Construction of Sidheswar Community Center at MangalaLane Sidhamahavir,2025-08-28 00:00:00,,,500000.0,,,,,recommended,missing_parseable_work_id,synthetic,wk_f684a500e3cb
wk_f68c00b3a9f8,,RS,Madhya Pradesh,Madhya Pradesh,Rewa,REWA(DISTRICT COLLECTOR REWA_IDA),REWA,Shri Vivek K. Tankha (2022-28) (2022-2028),VIVEK K TANKHA,RS_VIVEK K TANKHA,,Elected MP,Installing community drinking water plants,Normal/Others,Normal/Others,,"2 nag Voltas Drinking water Cooler Model no. WC FS 60/120, for Civil Court Mauganj hetu, Vidhan sabha Mauganj, District Rewa (metion in letter no.2975 at Column no.2)","2 nag Voltas Drinking water Cooler Model no. WC FS 60/120, for Civil Court Mauganj hetu, Vidhan sabha Mauganj, District Rewa (metion in letter no.2975 at Column no.2)",2023-06-24 00:00:00,,,93176.0,,,,,recommended,missing_parseable_work_id,synthetic,wk_f68c00b3a9f8
wk_f68dbf6829e4,,RS,Kerala,Kerala,Kannur,KANNUR(DISTRICT COLLECTOR KANNUR_IDA),KANNUR,Shri Abdul Wahab (2021-27) (2021-2027),ABDUL WAHAB,RS_ABDUL WAHAB,,Elected MP,"Construction of roads, link roads, pathways or any other road with or without drainage system",Normal/Others,Normal/Others,,"Construction of Kooloth Kanicheri Juma Masjid road or pathway, Munderi Panchayat","Construction of Kooloth Kanicheri Juma Masjid road or pathway, Munderi Panchayat",2025-08-03 00:00:00,,,1000000.0,,,,,recommended,missing_parseable_work_id,synthetic,wk_f68dbf6829e4
wk_f695d0548066,,RS,Tamil Nadu,Tamil Nadu,Salem,SALEM(DISTRICT COLLECTOR SALEM_IDA),SALEM,Shri S.R. Sivalingam (2025-31) (2025-2031),S R SIVALINGAM,RS_S R SIVALINGAM,,Elected MP,Construction of public toilets and bathrooms,Normal/Others,Normal/Others,,"Construction of a new Community Sanitary Complex in Indira Nagar Area, Erumapalayam Panchayat","Construction of a new Community Sanitary Complex in Indira Nagar Area, Erumapalayam Panchayat",2025-12-27 00:00:00,,,785000.0,,,,,recommended,missing_parseable_work_id,synthetic,wk_f695d0548066
wk_f69626afc27a,,RS,Maharashtra,Maharashtra,Yavatmal,YAVATMAL(DISTRICT COLLECTOR YAVATMAL_IDA),YAVATMAL,Dr. Anil Sukhdeorao Bonde (2022-28) (2022-2028),ANIL SUKHDEORAO BONDE,RS_ANIL SUKHDEORAO BONDE,,Elected MP,"Purchase of IT systems, including hardware and software for educational purposes",Normal/Others,Normal/Others,,purchase of Scanner and printers at Vivekanand Kala Vanijya kanisth vidyalay Kanhalgaon,purchase of Scanner and printers at Vivekanand Kala Vanijya kanisth vidyalay Kanhalgaon,2025-11-03 00:00:00,,,80000.0,,,,,recommended,missing_parseable_work_id,synthetic,wk_f69626afc27a
wk_f6b7a64ce7a7,,RS,Jharkhand,Jharkhand,Ranchi,RANCHI(DEPUTY COMMISSIONER RANCHI_IDA),RANCHI,Smt. Mahua Maji (2022-28) (2022-2028),MAHUA MAJI,RS_MAHUA MAJI,,Elected MP,Construction of footpaths and pedestrian ways,Normal/Others,Normal/Others,,"Laying of Paver block in Colony in front of the old Municipal Corporation Ward No. 18, Ranchi Urban Area.","Laying of Paver block in Colony in front of the old Municipal Corporation Ward No. 18, Ranchi Urban Area.",2025-12-23 00:00:00,,,650000.0,,,,,recommended,missing_parseable_work_id,synthetic,wk_f6b7a64ce7a7
wk_f702a9989b4b,,RS,Jammu And Kashmir,Jammu And Kashmir,Poonch,POONCH(Deputy Commissioner Poonch_IDA),POONCH,Shri Gulam Ali (2022-28) (2022-2028),GULAM ALI,RS_GULAM ALI,,Nominated MP,Installing hand pumps,Normal/Others,Normal/Others,,INSTALLATION OF HAND PUMP AT MAL MATA MANDIR WAD NO 3 MOHALLA LAPARA VILLAGE MANGNAR TEHSIL HAVELLI POONCH,INSTALLATION OF HAND PUMP AT MAL MATA MANDIR WAD NO 3 MOHALLA LAPARA VILLAGE MANGNAR TEHSIL HAVELLI POONCH,2026-01-11 00:00:00,,,300000.0,,,,,recommended,missing_parseable_work_id,synthetic,wk_f702a9989b4b
wk_f7274bd6a1fe,,LS,Assam,Assam,Marigaon,MARIGAON(District Development Commissioner Morigaon),MARIGAON,Pradyut Bordoloi,PRADYUT BORDOLOI,LS_PRADYUT BORDOLOI,NOWGONG,,Construction of community centers and community halls,Normal/Others,Normal/Others,,"Construction of community hall for Bishnu Rabha Sanskriti Prakalpa, Morigaon","Construction of community hall for Bishnu Rabha Sanskriti Prakalpa, Morigaon",2024-11-19 00:00:00,,,300000.0,,,,,recommended,missing_parseable_work_id,synthetic,wk_f7274bd6a1fe
wk_f732079cf959,,RS,Bihar,Bihar,Darbhanga,DARBHANGA(DISTRICT PLANNING OFFICER DARBANGA_IDA),DARBHANGA,Dr. Dharmshila Gupta (2024-30) (2024-2030),DHARMSHILA GUPTA,RS_DHARMSHILA GUPTA,,Elected MP,"Construction of roads, link roads, pathways or any other road with or without drainage system",Normal/Others,Normal/Others,,PCC ROAD- DARBHANGA DIGHI POKHAR PROFESSOR COLONY ROAD NO SK MISHRA KE GHAR KE SAMNE SE SHANKAR NIWAS TAK KHUSHI NIWAS T PONT TAK BHAG 1 ROAD NO- 1 SE 2 KO JORNE WALI SADAK. PCC WITHOUT DRAIN.,PCC ROAD- DARBHANGA DIGHI POKHAR PROFESSOR COLONY ROAD NO SK MISHRA KE GHAR KE SAMNE SE SHANKAR NIWAS TAK KHUSHI NIWAS T PONT TAK BHAG 1 ROAD NO- 1 SE 2 KO JORNE WALI SADAK. PCC WITHOUT DRAIN.,2025-01-30 00:00:00,,,500000.0,,,,,recommended,missing_parseable_work_id,synthetic,wk_f732079cf959
wk_f738bc2cd5f2,,RS,Assam,Assam,Jorhat,JORHAT(DEPUTY COMMISSIONER JORHAT_IDA),JORHAT,Shri Pabitra Margherita (2022-28) (2022-2028),PABITRA MARGHERITA,RS_PABITRA MARGHERITA,,Elected MP,Construction of community centers and community halls,Normal/Others,Normal/Others,,Construction of Natun Mati Rangamancha,Construction of Natun Mati Rangamancha,2025-09-03 00:00:00,,,600000.0,,,,,recommended,missing_parseable_work_id,synthetic,wk_f738bc2cd5f2
wk_f75d3592dc29,,RS,Tamil Nadu,Tamil Nadu,Tirunelveli,TIRUNELVELI(DISTRICT COLLECTOR TIRUNELVELI_IDA),TIRUNELVELI,Shri P. Wilson (2025-31) (2025-2031),P WILSON,RS_P WILSON,,Elected MP,Construction of toilet blocks,Normal/Others,Normal/Others,,"construction of toilets for male Students at Sacred Heart Higher Secondary School in Kavalkinaru, Radhapuram Assembly Constituency, Tirunelveli District","construction of toilets for male Students at Sacred Heart Higher Secondary School in Kavalkinaru, Radhapuram Assembly Constituency, Tirunelveli District",2026-01-19 00:00:00,,,2080000.0,,,,,recommended,missing_parseable_work_id,synthetic,wk_f75d3592dc29
wk_f7827892c76a,,RS,Odisha,Odisha,Khordha,KHORDHA(DISTRICT COLLECTOR KHORDHA_IDA),KHORDHA,Shri Manas Ranjan Mangaraj (2022-28) (2022-2028),MANAS RANJAN MANGARAJ,RS_MANAS RANJAN MANGARAJ,,Elected MP,"Construction of roads, link roads, pathways or any other road with or without drainage system",Normal/Others,Normal/Others,,Construction of CC road from Chakabara Chowk to Bramhan Sasan Chowk.,Construction of CC road from Chakabara Chowk to Bramhan Sasan Chowk.,2025-05-27 00:00:00,,,300000.0,,,,,recommended,missing_parseable_work_id,synthetic,wk_f7827892c76a
wk_f793b2623ded,,RS,Maharashtra,Maharashtra,Amravati,AMRAVATI(DISTRICT COLLECTOR AMRAVATI_IDA),AMRAVATI,Dr. Anil Sukhdeorao Bonde (2022-28) (2022-2028),ANIL SUKHDEORAO BONDE,RS_ANIL SUKHDEORAO BONDE,,Elected MP,Development of public parks,Normal/Others,Normal/Others,,Development of public park at Ganeshpur,Development of public park at Ganeshpur,2025-11-24 00:00:00,,,1000000.0,,,,,recommended,missing_parseable_work_id,synthetic,wk_f793b2623ded
wk_f7c271a2563f,,RS,Maharashtra,Maharashtra,Bhandara,BHANDARA(DISTRICT COLLECTOR BHANDARA_IDA),BHANDARA,Shri Praful Patel (2024-30) (2024-2030),PRAFUL PATEL,RS_PRAFUL PATEL,,Elected MP,Construction of community centers and community halls,Normal/Others,Normal/Others,,gram kotalpar (Nilaj) me sabhmandap nirman,gram kotalpar (Nilaj) me sabhmandap nirman,2025-10-14 00:00:00,,,300000.0,,,,,recommended,missing_parseable_work_id,synthetic,wk_f7c271a2563f
wk_f838959bfa6f,,RS,Kerala,Kerala,Kannur,KANNUR(DISTRICT COLLECTOR KANNUR_IDA),KANNUR,Shri C. Sadanandan Master (2025-31) (2025-2031),C SADANANDAN MASTER,RS_C SADANANDAN MASTER,,Nominated MP,"Construction of roads, link roads, pathways or any other road with or without drainage system",Normal/Others,Normal/Others,,"construction of kattil parambath kallulla punathil muthappan temple road, ID 215610050000000386","construction of kattil parambath kallulla punathil muthappan temple road, ID 215610050000000386",2025-10-24 00:00:00,,,1000000.0,,,,,recommended,missing_parseable_work_id,synthetic,wk_f838959bfa6f
wk_f8c46425516d,,RS,Maharashtra,Maharashtra,Pune,PUNE(DISTRICT COLLECTOR PUNE_IDA),PUNE,Dr. Medha Vishram Kulkarni (2024-30) (2024-2030),MEDHA VISHRAM KULKARNI,RS_MEDHA VISHRAM KULKARNI,,Elected MP,Construction of bus-sheds or bus-stops,Normal/Others,Normal/Others,,Ward 32 Establishment of a bus stop at Warje Malwadi Down.,Ward 32 Establishment of a bus stop at Warje Malwadi Down.,2025-11-26 00:00:00,,,1000000.0,,,,,recommended,missing_parseable_work_id,synthetic,wk_f8c46425516d
wk_f8d3c6554b91,,RS,Karnataka,Karnataka,Bagalkote,BAGALKOTE(DEPUTY COMMISSIONER BAGALKOT_IDA),BAGALKOTE,Shri Narayanasa K. Bhandage (2024-30) (2024-2030),NARAYANASA K BHANDAGE,RS_NARAYANASA K BHANDAGE,,Elected MP,"Purchase of IT systems, including hardware and software for educational purposes",Normal/Others,Normal/Others,,"Providing IT systems, including hardware and software for educational purposes to Government First Grade College in Bagalkote.","Providing IT systems, including hardware and software for educational purposes to Government First Grade College in Bagalkote.",2025-08-11 00:00:00,,,490000.0,,,,,recommended,missing_parseable_work_id,synthetic,wk_f8d3c6554b91
wk_f9002ffed9d0,,RS,Kerala,Kerala,Kannur,KANNUR(DISTRICT COLLECTOR KANNUR_IDA),KANNUR,Shri C. Sadanandan Master (2025-31) (2025-2031),C SADANANDAN MASTER,RS_C SADANANDAN MASTER,,Nominated MP,Lighting of public spaces,Normal/Others,Normal/Others,,Installation of mini mast light with eight meter height with 5 flood lights of 150 watts each near devarkad bridge (at the beginning of devarkad nellunni road) on bavotupara devarkad road,Installation of mini mast light with eight meter height with 5 flood lights of 150 watts each near devarkad bridge (at the beginning of devarkad nellunni road) on bavotupara devarkad road,2025-11-08 00:00:00,,,300000.0,,,,,recommended,missing_parseable_work_id,synthetic,wk_f9002ffed9d0
wk_f960e82610b9,,RS,Assam,Assam,Chirang,CHIRANG(Deputy Commissioner Chirang_IDA),CHIRANG,Shri Rwngwra Narzary (2022-28) (2022-2028),RWNGWRA NARZARY,RS_RWNGWRA NARZARY,,Elected MP,Construction of buildings for community cultural activities,Normal/Others,Normal/Others,,construction of Gwjwnpuri Rangjasali jousang near Gwjwnpuri Brahma Mandir.,construction of Gwjwnpuri Rangjasali jousang near Gwjwnpuri Brahma Mandir.,2025-07-12 00:00:00,,,1000000.0,,,,,recommended,missing_parseable_work_id,synthetic,wk_f960e82610b9
wk_f966e03eed0e,,RS,Assam,Assam,Sivasagar,SIVASAGAR(Deputy Commissioner Sivsagar_IDA),SIVASAGAR,Shri Pabitra Margherita (2022-28) (2022-2028),PABITRA MARGHERITA,RS_PABITRA MARGHERITA,,Elected MP,Construction of community centers and community halls,Normal/Others,Normal/Others,,CONSTRUCTION OF BAMUNPUKHURI BOLIMORA GAON SANSKRITIK KENDRA,CONSTRUCTION OF BAMUNPUKHURI BOLIMORA GAON SANSKRITIK KENDRA,2026-01-27 00:00:00,,,250000.0,,,,,recommended,missing_parseable_work_id,synthetic,wk_f966e03eed0e
wk_f98268ce9cb1,,RS,Karnataka,Karnataka,Tumakuru,TUMAKURU(DEPUTY COMMISSIONER TUMKUR_IDA),TUMAKURU,Shri G.C. Chandrashekhar (2024-30) (2024-2030),G C CHANDRASHEKHAR,RS_G C CHANDRASHEKHAR,,Elected MP,Street lights,Normal/Others,Normal/Others,,"installation of high mask light at Tumkur district, tiptur talluk, nonavinakere hobali, nellikere grama panchayath, burudeghatta village, janatha colony","installation of high mask light at Tumkur district, tiptur talluk, nonavinakere hobali, nellikere grama panchayath, burudeghatta village, janatha colony",2025-10-28 00:00:00,,,300000.0,,,,,recommended,missing_parseable_work_id,synthetic,wk_f98268ce9cb1
wk_f9a12e190e7a,,RS,Maharashtra,Maharashtra,Nanded,NANDED(DISTRICT COLLECTOR NANDED_IDA),NANDED,Dr. Ajeet Madhavrao Gopchade (2024-30) (2024-2030),AJEET MADHAVRAO GOPCHADE,RS_AJEET MADHAVRAO GOPCHADE,,Elected MP,Construction of community centers and community halls,Normal/Others,Normal/Others,,Construction of Sabhamandap in the area of New Uchchha (Bk.) Grampanchayat area near Khandoba Mandir Tq. Mukhed Dist. Nanded,Construction of Sabhamandap in the area of New Uchchha (Bk.) Grampanchayat area near Khandoba Mandir Tq. Mukhed Dist. Nanded,2025-09-25 00:00:00,,,2000000.0,,,,,recommended,missing_parseable_work_id,synthetic,wk_f9a12e190e7a
wk_f9c130aca6ae,,LS,West Bengal,West Bengal,Malda,Malda(DISTRICT MAGISTRATE MALDA_IDA),MALDA,Khagen Murmu,KHAGEN MURMU,LS_KHAGEN MURMU,MALDAHA UTTAR,,Purchase of books and periodicals for libraries/digitization of library books,Normal/Others,Normal/Others,,Regarding releasing the sanctioned amount of Rs 01 crore 10 lakh by uploading the book purchase scheme recommended under MPLADS Guidelines 01 April 2023 on the Sakshi portal online for the financial year 2024-24 for the promotion of national language Hindi and Hindi literature.,Regarding releasing the sanctioned amount of Rs 01 crore 10 lakh by uploading the book purchase scheme recommended under MPLADS Guidelines 01 April 2023 on the Sakshi portal online for the financial year 2024-24 for the promotion of national language Hindi and Hindi literature.,2024-10-26 00:00:00,,,11000000.0,,,,,recommended,missing_parseable_work_id,synthetic,wk_f9c130aca6ae
wk_f9e014bfcec3,,RS,Madhya Pradesh,Madhya Pradesh,Narmadapuram,NARMADAPURAM(DISTRICT COLLECTOR NARMADAPURAM_IDA),NARMADAPURAM,Shri Vivek K. Tankha (2022-28) (2022-2028),VIVEK K TANKHA,RS_VIVEK K TANKHA,,Elected MP,Setting up public non-conventional energy plants,Normal/Others,Normal/Others,,"Aasra vraddha Ashram (Bharat Sarkar se Manyta prapt), Shanti Nagar ITI Road Hoshangabad main 5 kilo watt ka rooftop Solar PV Plant at Gram panchayat Raipur me lagane hetu, Vidhansabha Narmadapuram, District Narmadapuram","Aasra vraddha Ashram (Bharat Sarkar se Manyta prapt), Shanti Nagar ITI Road Hoshangabad main 5 kilo watt ka rooftop Solar PV Plant at Gram panchayat Raipur me lagane hetu, Vidhansabha Narmadapuram, District Narmadapuram",2023-09-04 00:00:00,,,412000.0,,,,,recommended,missing_parseable_work_id,synthetic,wk_f9e014bfcec3
wk_fb31e7550d61,,RS,Tamil Nadu,Tamil Nadu,Tirunelveli,TIRUNELVELI(DISTRICT COLLECTOR TIRUNELVELI_IDA),TIRUNELVELI,Shri P. Wilson (2025-31) (2025-2031),P WILSON,RS_P WILSON,,Elected MP,Construction of rooms and halls in school and colleges,Normal/Others,Normal/Others,,"Construction of a dining hall at St Josephs Higher Secondary School in Kootapuli, Radhapuram Assembly Constituency, Tirunelveli District","Construction of a dining hall at St Josephs Higher Secondary School in Kootapuli, Radhapuram Assembly Constituency, Tirunelveli District",2026-01-19 00:00:00,,,1840000.0,,,,,recommended,missing_parseable_work_id,synthetic,wk_fb31e7550d61
wk_fb67e47323b1,,RS,Gujarat,Gujarat,Kheda,KHEDA(DISTRICT COLLECTOR KHEDA_IDA),KHEDA,Dr. Parmar Jashvantsinh Salamsinh (2024-30) (2024-2030),PARMAR JASHVANTSINH SALAMSINH,RS_PARMAR JASHVANTSINH SALAMSINH,,Elected MP,"Construction of roads, link roads, pathways or any other road with or without drainage system",Normal/Others,Normal/Others,,High School ma Paver blok nu kam,High School ma Paver blok nu kam,2024-10-10 00:00:00,,,200000.0,,,,,recommended,missing_parseable_work_id,synthetic,wk_fb67e47323b1
wk_fb7bdc229068,,RS,Maharashtra,Maharashtra,Pune,PUNE(DISTRICT COLLECTOR PUNE_IDA),PUNE,Dr. Medha Vishram Kulkarni (2024-30) (2024-2030),MEDHA VISHRAM KULKARNI,RS_MEDHA VISHRAM KULKARNI,,Elected MP,Construction of bus-sheds or bus-stops,Normal/Others,Normal/Others,,At Ward 9 Establishment of a bus stop at Kalmkar Vasti (Down),At Ward 9 Establishment of a bus stop at Kalmkar Vasti (Down),2025-11-26 00:00:00,,,1000000.0,,,,,recommended,missing_parseable_work_id,synthetic,wk_fb7bdc229068
wk_fb85bba7729f,,LS,West Bengal,West Bengal,Hooghly,HOOGHLY(DISTRICT MAGISTRATE HOOGHLY_IDA),HOOGHLY,RACHNA BANERJEE,RACHNA BANERJEE,LS_RACHNA BANERJEE,HOOGHLY,,Street lights,Normal/Others,Normal/Others,,High Mast Street Light (length 10 Mtrs.) at Kamlapur Paschim Para,High Mast Street Light (length 10 Mtrs.) at Kamlapur Paschim Para,2024-12-03 00:00:00,,,288000.0,,,,,recommended,missing_parseable_work_id,synthetic,wk_fb85bba7729f
wk_fbc47e5c52ad,,RS,Maharashtra,Maharashtra,Gondia,GONDIA(DISTRICT COLLECTOR GONDIA_IDA),GONDIA,Shri Praful Patel (2024-30) (2024-2030),PRAFUL PATEL,RS_PRAFUL PATEL,,Elected MP,Construction of community centers and community halls,Normal/Others,Normal/Others,,GONDIA CITY PRABHA NO.15 MATA TOLI SCHOOL KE PICHHE SABHAGRAH NIRMAN,GONDIA CITY PRABHA NO.15 MATA TOLI SCHOOL KE PICHHE SABHAGRAH NIRMAN,2025-06-09 00:00:00,,,1000000.0,,,,,recommended,missing_parseable_work_id,synthetic,wk_fbc47e5c52ad
wk_fbc797dcdb41,,RS,Assam,Assam,Sivasagar,SIVASAGAR(Deputy Commissioner Sivsagar_IDA),SIVASAGAR,Shri Pabitra Margherita (2022-28) (2022-2028),PABITRA MARGHERITA,RS_PABITRA MARGHERITA,,Elected MP,Crematoriums/energy efficient crematoriums or structures on burial/cremation ground,Normal/Others,Normal/Others,,CONSTRUCTION OF RESTROOM AT MEZENGA CREMATION CENTER,CONSTRUCTION OF RESTROOM AT MEZENGA CREMATION CENTER,2026-01-27 00:00:00,,,1000000.0,,,,,recommended,missing_parseable_work_id,synthetic,wk_fbc797dcdb41
wk_fbfbc4d71b93,,RS,Karnataka,Karnataka,Yadgir,YADGIR(Deputy Commsioner Yadgir_ida),YADGIR,Shri Jairam Ramesh (2022-28) (2022-2028),JAIRAM RAMESH,RS_JAIRAM RAMESH,,Elected MP,Construction of public irrigation facilities,Normal/Others,Normal/Others,,Facilities through Borewell,Facilities through Borewell,2025-09-19 00:00:00,,,800000.0,,,,,recommended,missing_parseable_work_id,synthetic,wk_fbfbc4d71b93
wk_fc9c02ac1d3f,,RS,Kerala,Kerala,Kannur,KANNUR(DISTRICT COLLECTOR KANNUR_IDA),KANNUR,Shri Sandosh Kumar P (2022-28) (2022-2028),SANDOSH KUMAR P,RS_SANDOSH KUMAR P,,Elected MP,Installing tube-wells and borewells,Normal/Others,Normal/Others,,Construction of Drinking Water Supply scheme at Aarat Kadavu ST Colony in Peringome Vayakkara Grama Panchayat,Construction of Drinking Water Supply scheme at Aarat Kadavu ST Colony in Peringome Vayakkara Grama Panchayat,2024-09-23 00:00:00,,,700000.0,,,,,recommended,missing_parseable_work_id,synthetic,wk_fc9c02ac1d3f
wk_fd0c9372d162,,RS,Uttar Pradesh,Uttar Pradesh,Kasganj,Kasganj(DISTRICT MAGISTRATE KASGANJ KANSHIRAMNAGAR_IDA),KASGANJ,Shri B.L. Verma (2020-26) (2020-2026),B L VERMA,RS_B L VERMA,,Elected MP,Construction of rooms and halls in school and colleges,Trust and Society,Trust and Society,,"PARASHAR SHIKSHA PRASAR EVAM GRAMIN ANCHAL VIKAS SAMITI, SHRI KASHTURI DEVI PARASHAR INTER COLLEGE","PARASHAR SHIKSHA PRASAR EVAM GRAMIN ANCHAL VIKAS SAMITI, SHRI KASHTURI DEVI PARASHAR INTER COLLEGE",2026-01-22 00:00:00,,,1000000.0,,,,,recommended,missing_parseable_work_id,synthetic,wk_fd0c9372d162
wk_fd1a5fae2775,,RS,Maharashtra,Maharashtra,Pune,PUNE(DISTRICT COLLECTOR PUNE_IDA),PUNE,Dr. Medha Vishram Kulkarni (2024-30) (2024-2030),MEDHA VISHRAM KULKARNI,RS_MEDHA VISHRAM KULKARNI,,Elected MP,Construction of bus-sheds or bus-stops,Normal/Others,Normal/Others,,At Ward 9 Establishment of a bus stop at Baner Gaon Down.,At Ward 9 Establishment of a bus stop at Baner Gaon Down.,2025-11-26 00:00:00,,,1000000.0,,,,,recommended,missing_parseable_work_id,synthetic,wk_fd1a5fae2775
wk_fd91984956c9,,RS,Odisha,Odisha,Kataka,Kataka(DISTRICT COLLECTOR CUTTACK_IDA),KATAKA,Shri Manas Ranjan Mangaraj (2022-28) (2022-2028),MANAS RANJAN MANGARAJ,RS_MANAS RANJAN MANGARAJ,,Elected MP,Construction of community centers and community halls,Normal/Others,Normal/Others,,"Construction of Ramalila Sadan at Ward No. 4, Choudwar Municipality Corporation","Construction of Ramalila Sadan at Ward No. 4, Choudwar Municipality Corporation",2025-06-07 00:00:00,,,150000.0,,,,,recommended,missing_parseable_work_id,synthetic,wk_fd91984956c9
wk_fd96239ff71d,,LS,Telangana,Telangana,Nizamabad,NIZAMABAD(DISTRICT COLLECTOR NIZAMABAD_IDA),NIZAMABAD,Arvind Dharmapuri,ARVIND DHARMAPURI,LS_ARVIND DHARMAPURI,NIZAMABAD,,Construction of community centers and community halls,Normal/Others,Normal/Others,,"Construction of Community hall near Munnurukapu Sangham, Palugutta Ashramam, Nandipet","Construction of Community hall near Munnurukapu Sangham, Palugutta Ashramam, Nandipet",2024-11-30 00:00:00,,,495000.0,,,,,recommended,missing_parseable_work_id,synthetic,wk_fd96239ff71d
wk_fde5375c33ae,,RS,Bihar,Bihar,Vaishali,VAISHALI(DISTRICT PLANNING OFFICER VAISHALI_IDA),VAISHALI,Shri Sanjay Yadav (2024-30) (2024-2030),SANJAY YADAV,RS_SANJAY YADAV,,Elected MP,Construction of community centers and community halls,Normal/Others,Normal/Others,,"Construction of a community building on the available land in Khilwat Panchayat under Bidupur block, including one borewell with hand pump, one toilet, two urinals, one room (12 x 10), and one large hall.","Construction of a community building on the available land in Khilwat Panchayat under Bidupur block, including one borewell with hand pump, one toilet, two urinals, one room (12 x 10), and one large hall.",2025-09-27 00:00:00,,,1499000.0,,,,,recommended,missing_parseable_work_id,synthetic,wk_fde5375c33ae
wk_fdec2e7c1403,,RS,Maharashtra,Maharashtra,Nagpur,NAGPUR(DISTRICT COLLECTOR NAGPUR_IDA),NAGPUR,Dr. Anil Sukhdeorao Bonde (2022-28) (2022-2028),ANIL SUKHDEORAO BONDE,RS_ANIL SUKHDEORAO BONDE,,Elected MP,Construction of boundary walls of existing public and community buildings,Normal/Others,Normal/Others,,,,2025-08-29 00:00:00,,,2000000.0,,,,,recommended,missing_parseable_work_id,synthetic,wk_fdec2e7c1403
wk_fdfa20113f13,,RS,Odisha,Odisha,Puri,PURI(DISTRICT COLLECTOR PURI_IDA),PURI,Shri Subhasish Khuntia (2024-30) (2024-2030),SUBHASISH KHUNTIA,RS_SUBHASISH KHUNTIA,,Elected MP,Construction of community centers and community halls,Repair and Renovation,Repair and Renovation,,Renovation of Chakanala Barf Community Center at Penthakata,Renovation of Chakanala Barf Community Center at Penthakata,2025-09-15 00:00:00,,,300000.0,,,,,recommended,missing_parseable_work_id,synthetic,wk_fdfa20113f13
wk_fe069882c757,,RS,Assam,Assam,Chirang,CHIRANG(Deputy Commissioner Chirang_IDA),CHIRANG,Shri Rwngwra Narzary (2022-28) (2022-2028),RWNGWRA NARZARY,RS_RWNGWRA NARZARY,,Elected MP,Construction of buildings for community cultural activities,Normal/Others,Normal/Others,,construction of kukurmari cultural stage at kukurmari,construction of kukurmari cultural stage at kukurmari,2025-07-12 00:00:00,,,1000000.0,,,,,recommended,missing_parseable_work_id,synthetic,wk_fe069882c757
wk_fe8305fcb6b9,,RS,Odisha,Odisha,Puri,PURI(DISTRICT COLLECTOR PURI_IDA),PURI,Shri Subhasish Khuntia (2024-30) (2024-2030),SUBHASISH KHUNTIA,RS_SUBHASISH KHUNTIA,,Elected MP,Construction of community centers and community halls,Normal/Others,Normal/Others,,Construction of Sudarsan Bhallav Community Center.,Construction of Sudarsan Bhallav Community Center.,2025-08-28 00:00:00,,,500000.0,,,,,recommended,missing_parseable_work_id,synthetic,wk_fe8305fcb6b9
wk_fe8f884a1595,,LS,Telangana,Telangana,Vikarabad,VIKARABAD(DISTRICT COLLECTOR VIKARABAD_2),VIKARABAD,KONDA VISHWESHWAR REDDY,KONDA VISHWESHWAR REDDY,LS_KONDA VISHWESHWAR REDDY,CHELVELLA,,"Construction of roads, link roads, pathways or any other road with or without drainage system",Normal/Others,Normal/Others,,Laying of CC Road from Amudala Laxmappa (H) to Hotel Ananthamma (H) at Samgem Kurdhu Village of Yalal Mandal,Laying of CC Road from Amudala Laxmappa (H) to Hotel Ananthamma (H) at Samgem Kurdhu Village of Yalal Mandal,2024-12-18 00:00:00,,,100000.0,,,,,recommended,missing_parseable_work_id,synthetic,wk_fe8f884a1595
wk_febe3270deba,,RS,Tamil Nadu,Tamil Nadu,Tiruchirappalli,TIRUCHIRAPPALLI(DISTRICT COLLECTOR TIRUCHIRAPPALLI_IDA),TIRUCHIRAPPALLI,Smt. Rajathi (2025-31) (2025-2031),RAJATHI,RS_RAJATHI,,Elected MP,Lighting of public spaces,Normal/Others,Normal/Others,,Install 16 mtrs of height of High mast Light in Ward 5 Trichy Main road near Fair price Shop,Install 16 mtrs of height of High mast Light in Ward 5 Trichy Main road near Fair price Shop,2025-09-22 00:00:00,,,900000.0,,,,,recommended,missing_parseable_work_id,synthetic,wk_febe3270deba
wk_febf5adbfd4b,,RS,Maharashtra,Maharashtra,Amravati,AMRAVATI(DISTRICT COLLECTOR AMRAVATI_IDA),AMRAVATI,Dr. Anil Sukhdeorao Bonde (2022-28) (2022-2028),ANIL SUKHDEORAO BONDE,RS_ANIL SUKHDEORAO BONDE,,Elected MP,Construction of boundary walls of existing public and community buildings,Normal/Others,Normal/Others,,Construction of boundary walls to Amrutvan at Pala,Construction of boundary walls to Amrutvan at Pala,2025-08-29 00:00:00,,,500000.0,,,,,recommended,missing_parseable_work_id,synthetic,wk_febf5adbfd4b
wk_ff0d2f16f051,,LS,Maharashtra,Maharashtra,Latur,LATUR(DISTRICT COLLECTOR LATUR_IDA),LATUR,DR KALGE SHIVAJI BANDAPPA,KALGE SHIVAJI BANDAPPA,LS_KALGE SHIVAJI BANDAPPA,LATUR(SC),,Providing drains and gutters for public drainage,Normal/Others,Normal/Others,,"Construction of drainage and gutter at Kokane House and others within Mhada Colony at Islampura,ward No.4,Latur Municipal Corporation","Construction of drainage and gutter at Kokane House and others within Mhada Colony at Islampura,ward No.4,Latur Municipal Corporation",2024-09-27 00:00:00,,,1500000.0,,,,,recommended,missing_parseable_work_id,synthetic,wk_ff0d2f16f051
wk_ff60d5726d20,,RS,Kerala,Kerala,Thiruvananthapuram,THIRUVANANTHAPURAM(DISTRICT COLLECTOR THIRUVANANTHAPURAM_IDA),THIRUVANANTHAPURAM,Shri A. A. Rahim (2022-28) (2022-2028),A A RAHIM,RS_A A RAHIM,,Elected MP,Lighting of public spaces,Normal/Others,Normal/Others,,"To provide minimast light in front of Attukal Temple,Attukal Ward,Thiruvananthapuram Corporation,TVPM District","To provide minimast light in front of Attukal Temple,Attukal Ward,Thiruvananthapuram Corporation,TVPM District",2026-01-08 00:00:00,,,260000.0,,,,,recommended,missing_parseable_work_id,synthetic,wk_ff60d5726d20
wk_ffb97c5c3f30,,LS,West Bengal,West Bengal,South 24 Parganas,South 24 Parganas(DISTRICT MAGISTRATE SOUTH TWENTY FOUR PARGANAS_IDA),SOUTH 24 PARGANAS,BAPI HALDAR,BAPI HALDAR,LS_BAPI HALDAR,MATHURAPUR(SC),,Development of playground,Normal/Others,Normal/Others,,DEVELPOMENT OF PLAYGROUND AT K-PLOT PULER BAZER UNDER ACHINTANAGAR GP,DEVELPOMENT OF PLAYGROUND AT K-PLOT PULER BAZER UNDER ACHINTANAGAR GP,2024-11-02 00:00:00,,,900000.0,,,,,recommended,missing_parseable_work_id,synthetic,wk_ffb97c5c3f30
wk_ffe23ae26f7e,,RS,Kerala,Kerala,Kannur,KANNUR(DISTRICT COLLECTOR KANNUR_IDA),KANNUR,Shri C. Sadanandan Master (2025-31) (2025-2031),C SADANANDAN MASTER,RS_C SADANANDAN MASTER,,Nominated MP,"Construction of roads, link roads, pathways or any other road with or without drainage system",Normal/Others,Normal/Others,,construction of Kanjirakkadavu Thayyil Thazhe thayyil Theeradesa Road in Mukkalikkara ward no. 24 of Panoor municipality,construction of Kanjirakkadavu Thayyil Thazhe thayyil Theeradesa Road in Mukkalikkara ward no. 24 of Panoor municipality,2025-11-01 00:00:00,,,1000000.0,,,,,recommended,missing_parseable_work_id,synthetic,wk_ffe23ae26f7e
